MAG,MG,Coverage
MAG00001,MG_0052RFLQV1,1041.522
MAG00002,MG_0139RFLQV1,73.34938
MAG00004,MG_0139RFLQV1,296.116
MAG00005,MG_0226RFLQV1,132.54056
MAG00006,MG_0226RFLQV1,402.57147
MAG00007,MG_0254RFLQV1,855.7578
MAG00009,MG_0262RFLQV1,956.9855
MAG00010,MG_0269RFLQV1,692.007
MAG00011,MG_0269RFLQV1,494.9009
MAG00012,MG_0273RFLQV1,567.2482
MAG00013,MG_0273RFLQV1,18.748604
MAG00014,MG_0273RFLQV1,619.6073
MAG00015,MG_0273RFLQV1,78.12445
MAG00016,MG_0273RFLQV1,76.531166
MAG00017,MG_0273RFLQV1,23.203686
MAG00018,MG_0273RFLQV1,102.933334
MAG00019,MG_0273RFLQV1,858.4571
MAG00020,MG_0273RFLQV1,224.63683
MAG00021,MG_0273RFLQV1,22.625595
MAG00022,MG_0277RFLQV1,31.21329
MAG00023,MG_0277RFLQV1,11.636931
MAG00024,MG_0277RFLQV1,3052.695
MAG00025,MG_0277RFLQV1,108.059204
MAG00026,MG_0277RFLQV1,55.56364
MAG00027,MG_0277RFLQV1,26.617493
MAG00028,MG_0277RFLQV1,56.444695
MAG00029,MG_0277RFLQV1,37.647743
MAG00030,MG_0277RFLQV1,10.254965
MAG00031,MG_0277RFLQV1,241.37556
MAG00032,MG_0277RFLQV1,295.16122
MAG00033,MG_0277RFLQV1,30.447506
MAG00034,MG_0277RFLQV1,213.1355
MAG00035,MG_0277RFLQV1,25.027407
MAG00036,MG_0277RFLQV1,743.8358
MAG00037,MG_0277RFLQV1,18.204128
MAG00038,MG_0277RFLQV1,340.57578
MAG00039,MG_0277RFLQV1,8.520525
MAG00040,MG_0277RFLQV1,10.519758
MAG00041,MG_0277RFLQV1,1161.2404
MAG00042,MG_0277RFLQV1,6.6025424
MAG00043,MG_0277RFLQV1,7.617742
MAG00044,MG_0277RFLQV1,461.7917
MAG00045,MG_0277RFLQV1,576.9594
MAG00046,MG_0277RFLQV1,11.815141
MAG00048,MG_0277RFLQV1,17.055506
MAG00049,MG_0277RFLQV1,54.36941
MAG00050,MG_0277RFLQV1,26.977032
MAG00051,MG_0279RFLQV1,17.029211
MAG00052,MG_0279RFLQV1,228.0513
MAG00053,MG_0283AFLQV1,20.045013
MAG00054,MG_0283AFLQV1,250.59277
MAG00056,MG_0295RFLQV1,21.517124
MAG00057,MG_0295RFLQV1,71.77401
MAG00058,MG_0295RFLQV1,280.6899
MAG00059,MG_0295RFLQV1,17.48018
MAG00060,MG_0295RFLQV1,26.529558
MAG00061,MG_0295RFLQV1,1025.4028
MAG00062,MG_0321RFLQV1,1263.4913
MAG00064,MG_0325RFLQV1,255.45699
MAG00065,MG_0325RFLQV1,93.10333
MAG00068,MG_0330RFLQV1,1093.2821
MAG00070,MG_0330RFLQV1,37.24828
MAG00071,MG_0338RFLQV1,390.3124
MAG00072,MG_0338RFLQV1,60.27593
MAG00073,MG_0342RFLQV1,948.52295
MAG00074,MG_0345RFLQV1,155.20448
MAG00075,MG_0345RFLQV1,1313.1653
MAG00076,MG_0350RFLQV1,393.78525
MAG00077,MG_0350RFLQV1,63.805202
MAG00078,MG_0350RFLQV1,544.4865
MAG00079,MG_0350RFLQV1,89.29259
MAG00080,MG_0350RFLQV1,874.971
MAG00081,MG_0350RFLQV1,130.82407
MAG00083,MG_0350RFLQV1,3182.327
MAG00084,MG_0350RFLQV1,35.466084
MAG00085,MG_0365RFLQV1,305.97626
MAG00087,MG_0383RFLQV1,61.63791
MAG00088,MG_0383RFLQV1,23.947454
MAG00089,MG_0383RFLQV1,262.647
MAG00090,MG_0383RFLQV1,512.0893
MAG00091,MG_0383RFLQV1,419.14346
MAG00092,MG_0383RFLQV1,41.740955
MAG00093,MG_0384RFLQV1,395.49008
MAG00094,MG_0387RFLQV1,12.113604
MAG00095,MG_0387RFLQV1,12.646365
MAG00096,MG_0387RFLQV1,24.975964
MAG00097,MG_0387RFLQV1,12.625749
MAG00098,MG_0387RFLQV1,216.81657
MAG00099,MG_0387RFLQV1,8112.577
MAG00100,MG_0387RFLQV1,1089.2991
MAG00101,MG_0387RFLQV1,35.89419
MAG00102,MG_0387RFLQV1,11.65566
MAG00103,MG_0387RFLQV1,18.742687
MAG00104,MG_0387RFLQV1,30.34449
MAG00105,MG_0387RFLQV1,11.157066
MAG00106,MG_0387RFLQV1,57.40953
MAG00109,MG_0387RFLQV1,53.56879
MAG00110,MG_0387RFLQV1,20.042326
MAG00111,MG_0387RFLQV1,12.485488
MAG00112,MG_0388RFLQV1,101.1291
MAG00113,MG_0388RFLQV1,113.267075
MAG00114,MG_0388RFLQV1,6329.0903
MAG00115,MG_0388RFLQV1,1775.1233
MAG00116,MG_0388RFLQV1,279.4513
MAG00117,MG_0388RFLQV1,509.7468
MAG00118,MG_0388RFLQV1,12.262215
MAG00119,MG_0388RFLQV1,28.79946
MAG00120,MG_0388RFLQV1,590.41925
MAG00121,MG_0388RFLQV1,23.738848
MAG00122,MG_0388RFLQV1,16.072937
MAG00123,MG_0388RFLQV1,54.85513
MAG00124,MG_0388RFLQV1,23.470062
MAG00125,MG_0388RFLQV1,50.585457
MAG00126,MG_0400RFLQV1,696.4367
MAG00127,MG_0403RFLQV1,18.442122
MAG00128,MG_0403RFLQV1,65.76133
MAG00129,MG_0403RFLQV1,1294.7028
MAG00130,MG_0403RFLQV1,655.1251
MAG00132,MG_0403RFLQV1,13.680464
MAG00133,MG_0403RFLQV1,94.50941
MAG00134,MG_0403RFLQV1,149.7629
MAG00136,MG_0403RFLQV1,1023.21466
MAG00137,MG_0403RFLQV1,29.897287
MAG00138,MG_0403RFLQV1,38.71776
MAG00139,MG_0403RFLQV1,25.037039
MAG00140,MG_0403RFLQV1,41.9477
MAG00141,MG_0403RFLQV1,101.0538
MAG00142,MG_0403RFLQV1,12.100179
MAG00143,MG_0406RFLQV1,39.2003
MAG00144,MG_0406RFLQV1,19.917755
MAG00145,MG_0406RFLQV1,33.759132
MAG00146,MG_0406RFLQV1,23.994686
MAG00148,MG_0406RFLQV1,504.77942
MAG00149,MG_0406RFLQV1,60.597546
MAG00150,MG_0406RFLQV1,25.623192
MAG00151,MG_0406RFLQV1,225.67801
MAG00152,MG_0406RFLQV1,103.24349
MAG00153,MG_0406RFLQV1,90.97196
MAG00154,MG_0406RFLQV1,342.89297
MAG00155,MG_0406RFLQV1,938.08295
MAG00156,MG_0406RFLQV1,8271.734
MAG00157,MG_0407RFLQV1,115.61321
MAG00158,MG_0411RFLQV1,106.62687
MAG00159,MG_0411RFLQV1,322.9977
MAG00160,MG_0411RFLQV1,153.4691
MAG00161,MG_0411RFLQV1,852.7859
MAG00162,MG_0411RFLQV1,18.279701
MAG00163,MG_0411RFLQV1,49.27712
MAG00164,MG_0411RFLQV1,22.864328
MAG00165,MG_0411RFLQV1,32.125977
MAG00166,MG_0411RFLQV1,98.18166
MAG00167,MG_0411RFLQV1,1470.9724
MAG00168,MG_0411RFLQV1,33.874043
MAG00169,MG_0411RFLQV1,20.168274
MAG00170,MG_0411RFLQV1,62.175663
MAG00171,MG_0411RFLQV1,81.30275
MAG00172,MG_0411RFLQV1,62.84665
MAG00173,MG_0411RFLQV1,1743.4958
MAG00174,MG_0411RFLQV1,59.646545
MAG00175,MG_0411RFLQV1,40.3479
MAG00176,MG_0411RFLQV1,16.400143
MAG00177,MG_0411RFLQV1,452.9373
MAG00178,MG_0411RFLQV1,1083.856
MAG00179,MG_0411RFLQV1,21.401398
MAG00180,MG_0411RFLQV1,54.705612
MAG00181,MG_0411RFLQV1,11.7803755
MAG00182,MG_0411RFLQV1,19.363173
MAG00183,MG_0411RFLQV1,36.716404
MAG00184,MG_0411RFLQV1,16.033049
MAG00185,MG_0411RFLQV1,15.008656
MAG00186,MG_0411RFLQV1,137.04126
MAG00187,MG_0411RFLQV1,21.730057
MAG00188,MG_0412RFLQV1,562.22766
MAG00189,MG_0419RFLQV1,1819.7644
MAG00190,MG_0419RFLQV1,16.931324
MAG00191,MG_0419RFLQV1,27.388689
MAG00192,MG_0419RFLQV1,64.79663
MAG00193,MG_0419RFLQV1,71.090004
MAG00194,MG_0419RFLQV1,499.2443
MAG00195,MG_0419RFLQV1,59.90318
MAG00196,MG_0419RFLQV1,34.865505
MAG00197,MG_0419RFLQV1,15.68746
MAG00198,MG_0422RFLQV1,661.4935
MAG00200,MG_0426RFLQV1,12.071209
MAG00201,MG_0426RFLQV1,289.5008
MAG00203,MG_0426RFLQV1,9.988634
MAG00204,MG_0426RFLQV1,420.49402
MAG00205,MG_0426RFLQV1,323.42972
MAG00206,MG_0426RFLQV1,17.634298
MAG00207,MG_0426RFLQV1,21.989067
MAG00208,MG_0426RFLQV1,14.074816
MAG00209,MG_0426RFLQV1,24.11347
MAG00211,MG_0426RFLQV1,30.174747
MAG00212,MG_0426RFLQV1,15.533836
MAG00213,MG_0426RFLQV1,60.72284
MAG00214,MG_0426RFLQV1,9.473423
MAG00215,MG_0426RFLQV1,363.0781
MAG00216,MG_0426RFLQV1,16.617258
MAG00217,MG_0431RFLQV1,293.6358
MAG00219,MG_0440RFLQV1,497.20654
MAG00220,MG_0440RFLQV1,27.67519
MAG00221,MG_0449RFLQV1,1222.8881
MAG00222,MG_0449RFLQV1,47.100098
MAG00223,MG_0450RFLQV1,537.0507
MAG00224,MG_0450RFLQV1,16.963987
MAG00225,MG_0451RFLQV1,312.52652
MAG00226,MG_0455RFLQV1,303.32364
MAG00227,MG_0455RFLQV1,1148.6952
MAG00228,MG_0455RFLQV1,716.057
MAG00229,MG_0455RFLQV1,407.85654
MAG00230,MG_0457RFLQV1,130.51532
MAG00231,MG_0457RFLQV1,20.244642
MAG00232,MG_0457RFLQV1,89.26733
MAG00233,MG_0457RFLQV1,283.69476
MAG00234,MG_0457RFLQV1,169.74083
MAG00235,MG_0457RFLQV1,19.930866
MAG00236,MG_0457RFLQV1,12.789937
MAG00237,MG_0457RFLQV1,168.83664
MAG00238,MG_0457RFLQV1,3673.5818
MAG00239,MG_0457RFLQV1,778.6294
MAG00240,MG_0457RFLQV1,199.65782
MAG00241,MG_0457RFLQV1,42.922394
MAG00242,MG_0457RFLQV1,197.20712
MAG00243,MG_0457RFLQV1,193.5892
MAG00244,MG_0457RFLQV1,132.8306
MAG00245,MG_0457RFLQV1,155.0415
MAG00246,MG_0457RFLQV1,22.878794
MAG00247,MG_0457RFLQV1,13.591925
MAG00248,MG_0457RFLQV1,58.570313
MAG00249,MG_0457RFLQV1,26.686186
MAG00250,MG_0457RFLQV1,114.710106
MAG00251,MG_0462RFLQV1,20.104544
MAG00252,MG_0462RFLQV1,80.418915
MAG00253,MG_0462RFLQV1,310.17386
MAG00254,MG_0462RFLQV1,1987.5912
MAG00255,MG_0462RFLQV1,83.771545
MAG00256,MG_0462RFLQV1,441.03867
MAG00257,MG_0462RFLQV1,26.620039
MAG00258,MG_0462RFLQV1,14.896342
MAG00259,MG_0462RFLQV1,86.70512
MAG00260,MG_0462RFLQV1,87.1414
MAG00261,MG_0462RFLQV1,209.67299
MAG00262,MG_0462RFLQV1,29.708166
MAG00264,MG_0466RFLQV1,850.383
MAG00265,MG_0470RFLQV1,2044.352
MAG00266,MG_0470RFLQV1,69.7189
MAG00267,MG_0470RFLQV1,51.05646
MAG00269,MG_0470RFLQV1,14.4381695
MAG00270,MG_0470RFLQV1,9.421831
MAG00271,MG_0470RFLQV1,12.63037
MAG00272,MG_0470RFLQV1,23.395613
MAG00274,MG_0470RFLQV1,21.479519
MAG00275,MG_0471RFLQV1,25.650175
MAG00276,MG_0471RFLQV1,67.31389
MAG00277,MG_0471RFLQV1,1897.0713
MAG00278,MG_0471RFLQV1,1630.3925
MAG00279,MG_0471RFLQV1,80.24959
MAG00280,MG_0471RFLQV1,98.88606
MAG00281,MG_0471RFLQV1,144.88037
MAG00282,MG_0471RFLQV1,24.278034
MAG00283,MG_0471RFLQV1,114.998314
MAG00284,MG_0471RFLQV1,21.236235
MAG00285,MG_0471RFLQV1,221.80812
MAG00286,MG_0471RFLQV1,17.316294
MAG00287,MG_0471RFLQV1,67.807
MAG00288,MG_0471RFLQV1,38.685917
MAG00289,MG_0481RFLQV1,328.5318
MAG00290,MG_0482RFLQV1,216.05255
MAG00291,MG_0484RFLQV1,28.740498
MAG00292,MG_0484RFLQV1,17.581215
MAG00293,MG_0484RFLQV1,710.44836
MAG00294,MG_0491RFLQV1,147.55392
MAG00295,MG_0491RFLQV1,117.90749
MAG00296,MG_0491RFLQV1,67.60936
MAG00297,MG_0491RFLQV1,1195.7192
MAG00298,MG_0491RFLQV1,23.270845
MAG00299,MG_0491RFLQV1,87.92572
MAG00300,MG_0491RFLQV1,96.199936
MAG00301,MG_0491RFLQV1,1911.1567
MAG00302,MG_0491RFLQV1,123.86878
MAG00303,MG_0491RFLQV1,91.11527
MAG00304,MG_0491RFLQV1,25.219412
MAG00305,MG_0491RFLQV1,229.19423
MAG00306,MG_0491RFLQV1,80.20357
MAG00307,MG_0494RFLQV1,374.3425
MAG00308,MG_0494RFLQV1,47.404655
MAG00309,MG_0497RFLQV1,156.1427
MAG00310,MG_0497RFLQV1,14.520267
MAG00311,MG_0497RFLQV1,60.31904
MAG00312,MG_0497RFLQV1,158.03427
MAG00313,MG_0497RFLQV1,670.3502
MAG00314,MG_0497RFLQV1,182.68457
MAG00315,MG_0497RFLQV1,16.801304
MAG00316,MG_0497RFLQV1,30.086748
MAG00317,MG_0497RFLQV1,59.786102
MAG00318,MG_0497RFLQV1,12450.12
MAG00319,MG_0497RFLQV1,47.988834
MAG00320,MG_0497RFLQV1,11.071019
MAG00321,MG_0497RFLQV1,70.64082
MAG00322,MG_0497RFLQV1,25.088045
MAG00323,MG_0497RFLQV1,773.7866
MAG00324,MG_0497RFLQV1,66.07029
MAG00325,MG_0497RFLQV1,105.11591
MAG00326,MG_0497RFLQV1,82.64396
MAG00327,MG_0497RFLQV1,76.5992
MAG00328,MG_0497RFLQV1,11.286909
MAG00329,MG_0497RFLQV1,35.810814
MAG00330,MG_0497RFLQV1,127.1282
MAG00331,MG_0497RFLQV1,7.984335
MAG00332,MG_0497RFLQV1,68.01501
MAG00333,MG_0497RFLQV1,11.608752
MAG00334,MG_0497RFLQV1,277.63474
MAG00335,MG_0497RFLQV1,2517.2578
MAG00336,MG_0497RFLQV1,192.62044
MAG00337,MG_0497RFLQV1,363.67667
MAG00338,MG_0503RFLQV1,192.87837
MAG00340,MG_0505RFLQV1,340.0813
MAG00341,MG_0505RFLQV1,186.99034
MAG00342,MG_0505RFLQV1,188.30562
MAG00343,MG_0505RFLQV1,1378.2394
MAG00344,MG_0505RFLQV1,193.6846
MAG00345,MG_0509RFLQV1,749.5195
MAG00346,MG_0521RFLQV1,335.27542
MAG00347,MG_0521RFLQV1,15.532209
MAG00348,MG_0521RFLQV1,80.68206
MAG00349,MG_0521RFLQV1,33.376095
MAG00350,MG_0521RFLQV1,18.02264
MAG00351,MG_0521RFLQV1,1254.5125
MAG00352,MG_0521RFLQV1,2412.1628
MAG00353,MG_0521RFLQV1,41.652523
MAG00354,MG_0521RFLQV1,80.80769
MAG00355,MG_0521RFLQV1,15.142009
MAG00356,MG_0521RFLQV1,23.802101
MAG00357,MG_0521RFLQV1,14.205574
MAG00358,MG_0521RFLQV1,46.450893
MAG00359,MG_0521RFLQV1,20.916595
MAG00360,MG_0521RFLQV1,30.450954
MAG00361,MG_0521RFLQV1,19.663963
MAG00362,MG_0521RFLQV1,101.451904
MAG00363,MG_0521RFLQV1,12.891939
MAG00364,MG_0521RFLQV1,329.08237
MAG00365,MG_0521RFLQV1,129.73804
MAG00367,MG_0526RFLQV1,434.65213
MAG00370,MG_0532RFLQV1,641.6069
MAG00371,MG_0533RFLQV1,37.934254
MAG00372,MG_0533RFLQV1,97.9973
MAG00373,MG_0533RFLQV1,169.63531
MAG00374,MG_0533RFLQV1,25.142675
MAG00375,MG_0533RFLQV1,822.55426
MAG00376,MG_0533RFLQV1,331.7363
MAG00378,MG_0537RFLQV1,130.92488
MAG00379,MG_0537RFLQV1,124.097984
MAG00380,MG_0542RFLQV1,50.632786
MAG00381,MG_0542RFLQV1,1880.4508
MAG00382,MG_0545RFLQV1,149.93906
MAG00383,MG_0545RFLQV1,87.29611
MAG00384,MG_0545RFLQV1,75.50885
MAG00385,MG_0545RFLQV1,1532.9805
MAG00386,MG_0545RFLQV1,218.45952
MAG00387,MG_0555RFLQV1,70.80029
MAG00388,MG_0555RFLQV1,606.0916
MAG00389,MG_0557RFLQV1,136.26375
MAG00390,MG_0557RFLQV1,32.029236
MAG00392,MG_0563RFLQV1,110.36112
MAG00393,MG_0563RFLQV1,33.092064
MAG00394,MG_0563RFLQV1,1059.9451
MAG00395,MG_0563RFLQV1,8.133582
MAG00396,MG_0563RFLQV1,38.103394
MAG00397,MG_0563RFLQV1,11.284066
MAG00398,MG_0563RFLQV1,23.042683
MAG00399,MG_0563RFLQV1,100.851204
MAG00400,MG_0563RFLQV1,9.074881
MAG00401,MG_0563RFLQV1,560.53174
MAG00402,MG_0563RFLQV1,189.16162
MAG00403,MG_0563RFLQV1,12.362221
MAG00404,MG_0573RFLQV1,64.06599
MAG00405,MG_0573RFLQV1,90.78528
MAG00406,MG_0573RFLQV1,68.580956
MAG00407,MG_0573RFLQV1,1897.8046
MAG00408,MG_0573RFLQV1,25.044918
MAG00409,MG_0573RFLQV1,1217.6104
MAG00410,MG_0573RFLQV1,100.0722
MAG00411,MG_0573RFLQV1,23.821312
MAG00412,MG_0573RFLQV1,132.05037
MAG00413,MG_0573RFLQV1,783.4171
MAG00414,MG_0573RFLQV1,74.45453
MAG00415,MG_0573RFLQV1,15.171024
MAG00416,MG_0573RFLQV1,11.017423
MAG00417,MG_0573RFLQV1,68.02181
MAG00418,MG_0573RFLQV1,229.14082
MAG00419,MG_0574RFLQV1,215.9533
MAG00420,MG_0577RFLQV1,27.06945
MAG00421,MG_0577RFLQV1,11.939288
MAG00423,MG_0577RFLQV1,818.06696
MAG00424,MG_0577RFLQV1,89.53218
MAG00425,MG_0577RFLQV1,48.90726
MAG00426,MG_0577RFLQV1,18.856369
MAG00427,MG_0577RFLQV1,48.850533
MAG00428,MG_0580RFLQV1,275.92307
MAG00429,MG_0580RFLQV1,24.342457
MAG00430,MG_0580RFLQV1,55.8718
MAG00431,MG_0600RFLQV1,175.75627
MAG00432,MG_0602RFLQV1,51.291885
MAG00433,MG_0602RFLQV1,543.1793
MAG00434,MG_0616RFLQV1,29.780594
MAG00435,MG_0616RFLQV1,339.1653
MAG00436,MG_0616RFLQV1,500.5191
MAG00437,MG_0616RFLQV1,89.214935
MAG00438,MG_0616RFLQV1,4649.1455
MAG00439,MG_0616RFLQV1,679.9305
MAG00440,MG_0616RFLQV1,120.19057
MAG00441,MG_0620RFLQV1,23.624454
MAG00442,MG_0620RFLQV1,100.12438
MAG00443,MG_0620RFLQV1,516.28674
MAG00444,MG_0620RFLQV1,21.75018
MAG00445,MG_0620RFLQV1,27.150532
MAG00446,MG_0620RFLQV1,17.633533
MAG00447,MG_0624RFLQV1,31.917547
MAG00448,MG_0624RFLQV1,350.3406
MAG00449,MG_0624RFLQV1,1325.7047
MAG00450,MG_0624RFLQV1,73.07145
MAG00451,MG_0624RFLQV1,239.36983
MAG00452,MG_0624RFLQV1,7.7739635
MAG00453,MG_0626RFLQV1,55.041336
MAG00454,MG_0626RFLQV1,244.68822
MAG00455,MG_0626RFLQV1,294.3605
MAG00456,MG_0631RFLQV1,312.5829
MAG00457,MG_0631RFLQV1,247.60947
MAG00461,MG_0632RFLQV1,1213.6997
MAG00463,MG_0633RFLQV1,345.80258
MAG00464,MG_0633RFLQV1,166.1484
MAG00467,MG_0634RFLQV1,164.3654
MAG00468,MG_0634RFLQV1,15.478682
MAG00469,MG_0635RFLQV1,250.27551
MAG00470,MG_0635RFLQV1,38.51919
MAG00471,MG_0635RFLQV1,54.719337
MAG00473,MG_0635RFLQV1,8.178877
MAG00474,MG_0635RFLQV1,9.375941
MAG00475,MG_0635RFLQV1,8.2456455
MAG00476,MG_0635RFLQV1,15.262756
MAG00477,MG_0635RFLQV1,142.67708
MAG00478,MG_0635RFLQV1,342.8785
MAG00479,MG_0635RFLQV1,13.189121
MAG00481,MG_0635RFLQV1,29.817137
MAG00482,MG_0635RFLQV1,9.205399
MAG00483,MG_0635RFLQV1,46.64244
MAG00484,MG_0635RFLQV1,53.48316
MAG00485,MG_0635RFLQV1,21.618607
MAG00486,MG_0635RFLQV1,955.3497
MAG00487,MG_0635RFLQV1,5069.9023
MAG00488,MG_0635RFLQV1,75.1287
MAG00489,MG_0635RFLQV1,431.83545
MAG00490,MG_0635RFLQV1,23.584486
MAG00491,MG_0635RFLQV1,919.7404
MAG00492,MG_0635RFLQV1,14.526458
MAG00493,MG_0635RFLQV1,16.462605
MAG00494,MG_0635RFLQV1,15.725953
MAG00495,MG_0635RFLQV1,10.082532
MAG00496,MG_0635RFLQV1,10.011996
MAG00497,MG_0639RFLQV1,214.81998
MAG00500,MG_0644RFLQV1,248.02504
MAG00502,MG_0645RFLQV1,59.422585
MAG00503,MG_0645RFLQV1,162.07631
MAG00504,MG_0648RFLQV1,29.445143
MAG00505,MG_0648RFLQV1,215.38286
MAG00506,MG_0648RFLQV1,27.76396
MAG00507,MG_0648RFLQV1,274.36807
MAG00508,MG_0650RFLQV1,166.37715
MAG00509,MG_0650RFLQV1,1650.694
MAG00510,MG_0650RFLQV1,1604.5182
MAG00511,MG_0653RFLQV1,936.5707
MAG00512,MG_0653RFLQV1,75.22333
MAG00513,MG_0653RFLQV1,12.123111
MAG00514,MG_0653RFLQV1,94.961075
MAG00515,MG_0653RFLQV1,299.3505
MAG00516,MG_0653RFLQV1,801.0427
MAG00517,MG_0653RFLQV1,432.2845
MAG00518,MG_0653RFLQV1,1418.0345
MAG00519,MG_0653RFLQV1,36.59362
MAG00521,MG_0665RFLQV1,113.77912
MAG00522,MG_0665RFLQV1,401.2207
MAG00523,MG_0665RFLQV1,101.73423
MAG00524,MG_0665RFLQV1,23.026571
MAG00526,MG_0671RFLQV1,806.66986
MAG00527,MG_0671RFLQV1,876.281
MAG00528,MG_0671RFLQV1,21.157467
MAG00529,MG_0671RFLQV1,36.466618
MAG00530,MG_0671RFLQV1,20.954819
MAG00531,MG_0671RFLQV1,174.97852
MAG00532,MG_0671RFLQV1,18.924746
MAG00533,MG_0671RFLQV1,138.41893
MAG00534,MG_0671RFLQV1,46.29298
MAG00535,MG_0671RFLQV1,22.249435
MAG00536,MG_0674RFLQV1,45.675793
MAG00537,MG_0674RFLQV1,35.66708
MAG00538,MG_0674RFLQV1,69.01618
MAG00539,MG_0674RFLQV1,422.37878
MAG00540,MG_0674RFLQV1,31.239876
MAG00541,MG_0674RFLQV1,628.83453
MAG00542,MG_0674RFLQV1,21.234074
MAG00543,MG_0687RFLQV1,257.81073
MAG00544,MG_0687RFLQV1,184.31287
MAG00545,MG_0698RFLQV1,288.95233
MAG00546,MG_0699RFLQV1,25.022627
MAG00547,MG_0699RFLQV1,52.422024
MAG00548,MG_0699RFLQV1,502.04938
MAG00549,MG_0699RFLQV1,27.618727
MAG00550,MG_0699RFLQV1,30.635502
MAG00551,MG_0733RFLQV1,33.623684
MAG00552,MG_0733RFLQV1,3259.6514
MAG00553,MG_0733RFLQV1,276.7096
MAG00554,MG_0733RFLQV1,249.7246
MAG00555,MG_0733RFLQV1,25.114033
MAG00556,MG_0733RFLQV1,14.277939
MAG00557,MG_0733RFLQV1,60.74556
MAG00558,MG_0733RFLQV1,976.826
MAG00559,MG_0733RFLQV1,10.761411
MAG00560,MG_0733RFLQV1,234.84341
MAG00561,MG_0733RFLQV1,88.644196
MAG00562,MG_0779RFLQV1,53.279945
MAG00563,MG_0779RFLQV1,135.89267
MAG00565,MG_0779RFLQV1,40.608303
MAG00566,MG_0779RFLQV1,1179.8502
MAG00567,MG_0779RFLQV1,158.72156
MAG00568,MG_0779RFLQV1,168.0593
MAG00569,MG_0779RFLQV1,307.50998
MAG00570,MG_0779RFLQV1,254.52159
MAG00571,MG_0779RFLQV1,256.4765
MAG00572,MG_0779RFLQV1,127.636925
MAG00574,MG_0779RFLQV1,590.93054
MAG00575,MG_0779RFLQV1,45.0113
MAG00576,MG_0787RFLQV1,250.74936
MAG00577,MG_0787RFLQV1,201.82904
MAG00578,MG_0787RFLQV1,3077.9854
MAG00579,MG_0787RFLQV1,1969.7258
MAG00581,MG_0787RFLQV1,21.800108
MAG00582,MG_0787RFLQV1,20.49701
MAG00583,MG_0787RFLQV1,172.73235
MAG00584,MG_0787RFLQV1,161.24593
MAG00585,MG_0787RFLQV1,85.54794
MAG00586,MG_0787RFLQV1,22.264751
MAG00588,MG_0787RFLQV1,57.88054
MAG00589,MG_0787RFLQV1,572.66846
MAG00590,MG_0801RFLQV1,246.67088
MAG00591,MG_0806RFLQV1,308.20984
MAG00592,MG_0806RFLQV1,153.95085
MAG00594,MG_0806RFLQV1,135.3996
MAG00596,MG_0808RFLQV1,11.514805
MAG00597,MG_0808RFLQV1,9.844145
MAG00598,MG_0808RFLQV1,14.850436
MAG00599,MG_0808RFLQV1,49.77375
MAG00600,MG_0808RFLQV1,64.44523
MAG00601,MG_0808RFLQV1,104.540924
MAG00602,MG_0808RFLQV1,108.92042
MAG00603,MG_0808RFLQV1,131.46533
MAG00604,MG_0808RFLQV1,939.48834
MAG00605,MG_0808RFLQV1,361.5497
MAG00606,MG_0808RFLQV1,12.201656
MAG00607,MG_0808RFLQV1,16.62717
MAG00609,MG_0808RFLQV1,40.05865
MAG00610,MG_0808RFLQV1,35.377007
MAG00611,MG_0808RFLQV1,3420.9243
MAG00612,MG_0808RFLQV1,11.963399
MAG00613,MG_0808RFLQV1,90.84781
MAG00614,MG_0808RFLQV1,10.008968
MAG00615,MG_0808RFLQV1,19.205927
MAG00616,MG_0808RFLQV1,1859.7046
MAG00617,MG_0808RFLQV1,44.689346
MAG00618,MG_0808RFLQV1,47.0858
MAG00619,MG_0808RFLQV1,221.07881
MAG00620,MG_0808RFLQV1,332.8681
MAG00623,MG_0835RFLQV1,41.855698
MAG00624,MG_0835RFLQV1,772.3817
MAG00625,MG_0835RFLQV1,225.51881
MAG00626,MG_0841RFLQV1,101.06402
MAG00627,MG_0841RFLQV1,342.0609
MAG00628,MG_0841RFLQV1,171.05855
MAG00629,MG_0841RFLQV1,1187.9177
MAG00630,MG_0841RFLQV1,87.34269
MAG00631,MG_0841RFLQV1,620.1537
MAG00633,MG_0845RFLQV1,573.85565
MAG00634,MG_0845RFLQV1,145.65593
MAG00635,MG_0846RFLQV1,171.27884
MAG00636,MG_0846RFLQV1,411.66653
MAG00638,MG_0857RFLQV1,59.257626
MAG00639,MG_0857RFLQV1,83.82746
MAG00640,MG_0857RFLQV1,19.808794
MAG00641,MG_0857RFLQV1,16.598452
MAG00642,MG_0857RFLQV1,665.6446
MAG00643,MG_0857RFLQV1,18.603065
MAG00644,MG_0857RFLQV1,13.449892
MAG00645,MG_0857RFLQV1,611.92126
MAG00646,MG_0857RFLQV1,19.99146
MAG00647,MG_0857RFLQV1,18.993177
MAG00648,MG_0857RFLQV1,25.70696
MAG00649,MG_0857RFLQV1,24.922283
MAG00650,MG_0857RFLQV1,65.42953
MAG00651,MG_0857RFLQV1,54.303013
MAG00652,MG_0857RFLQV1,12.713496
MAG00653,MG_0857RFLQV1,18.058144
MAG00654,MG_0857RFLQV1,588.9107
MAG00655,MG_0857RFLQV1,16.206055
MAG00656,MG_0857RFLQV1,68.86919
MAG00657,MG_0857RFLQV1,168.77135
MAG00658,MG_0857RFLQV1,36.621056
MAG00659,MG_0857RFLQV1,25.553764
MAG00660,MG_0867RFLQV1,51.827446
MAG00661,MG_0867RFLQV1,95.55458
MAG00663,MG_0867RFLQV1,152.74173
MAG00664,MG_0867RFLQV1,33.065224
MAG00665,MG_0867RFLQV1,2130.5503
MAG00667,MG_0869RFLQV1,1285.0071
MAG00668,MG_0869RFLQV1,1030.3625
MAG00669,MG_0869RFLQV1,382.24194
MAG00670,MG_0869RFLQV1,12.753453
MAG00671,MG_0869RFLQV1,2214.351
MAG00672,MG_0869RFLQV1,56.553623
MAG00673,MG_0869RFLQV1,146.77817
MAG00674,MG_0869RFLQV1,235.97745
MAG00676,MG_0869RFLQV1,68.5047
MAG00677,MG_0869RFLQV1,106.1117
MAG00678,MG_0869RFLQV1,46.57461
MAG00679,MG_0869RFLQV1,36.33089
MAG00681,MG_0869RFLQV1,12.1174
MAG00682,MG_0869RFLQV1,86.17466
MAG00683,MG_0869RFLQV1,23.849438
MAG00684,MG_0879RFLQV1,52.577072
MAG00685,MG_0879RFLQV1,69.58163
MAG00686,MG_0879RFLQV1,35.373676
MAG00689,MG_0879RFLQV1,95.18215
MAG00690,MG_0930RFLQV1,1152.8848
MAG00691,MG_0942RFLQV1,11.775194
MAG00692,MG_0942RFLQV1,12.931678
MAG00693,MG_0942RFLQV1,18.266573
MAG00694,MG_0942RFLQV1,315.25873
MAG00695,MG_0942RFLQV1,82.705414
MAG00696,MG_0942RFLQV1,105.460785
MAG00697,MG_0942RFLQV1,32.521
MAG00698,MG_0942RFLQV1,429.9566
MAG00699,MG_0942RFLQV1,191.27403
MAG00700,MG_0942RFLQV1,5759.642
MAG00701,MG_0942RFLQV1,62.217403
MAG00702,MG_0942RFLQV1,18.65622
MAG00703,MG_0942RFLQV1,233.56856
MAG00704,MG_0942RFLQV1,92.22692
MAG00705,MG_0942RFLQV1,133.18544
MAG00706,MG_0942RFLQV1,44.96303
MAG00707,MG_0942RFLQV1,55.61312
MAG00708,MG_0942RFLQV1,95.950645
MAG00709,MG_0942RFLQV1,17.628727
MAG00710,MG_0942RFLQV1,46.135765
MAG00712,MG_0942RFLQV1,266.0785
MAG00713,MG_0942RFLQV1,203.26138
MAG00714,MG_0942RFLQV1,313.50742
MAG00715,MG_0942RFLQV1,17.854862
MAG00716,MG_0942RFLQV1,9.541157
MAG00717,MG_0942RFLQV1,69.37958
MAG00718,MG_0942RFLQV1,93.65275
MAG00719,MG_0942RFLQV1,758.6858
MAG00720,MG_0960RFLQV1,8.362295
MAG00721,MG_0960RFLQV1,3122.6287
MAG00722,MG_0960RFLQV1,52.12806
MAG00723,MG_0960RFLQV1,120.69027
MAG00724,MG_0960RFLQV1,118.25102
MAG00725,MG_0960RFLQV1,8.8149605
MAG00726,MG_0960RFLQV1,6.6965904
MAG00727,MG_0962RFLQV1,11.03288
MAG00728,MG_0962RFLQV1,11.737963
MAG00729,MG_0962RFLQV1,33.936436
MAG00730,MG_0962RFLQV1,59.463295
MAG00731,MG_0962RFLQV1,26.190617
MAG00732,MG_0962RFLQV1,1415.8412
MAG00733,MG_0962RFLQV1,78.565445
MAG00734,MG_0962RFLQV1,10.744252
MAG00735,MG_0962RFLQV1,59.91363
MAG00736,MG_0962RFLQV1,435.68893
MAG00737,MG_0963RFLQV1,757.8036
MAG00739,MG_0963RFLQV1,245.6289
MAG00740,MG_0963RFLQV1,343.7928
MAG00741,MG_0969RFLQV1,1575.9155
MAG00742,MG_0969RFLQV1,1100.5435
MAG00743,MG_0996RFLQV1,144.93938
MAG00744,MG_0996RFLQV1,305.45206
MAG00745,MG_0996RFLQV1,244.8
MAG00746,MG_0996RFLQV1,46.591183
MAG00747,MG_0996RFLQV1,916.43835
MAG00748,MG_0996RFLQV1,242.21667
MAG00749,MG_0996RFLQV1,1922.8583
MAG00750,MG_0996RFLQV1,37.514416
MAG00751,MG_0996RFLQV1,29.00432
MAG00752,MG_0996RFLQV1,49.23347
MAG00753,MG_0996RFLQV1,134.46819
MAG00754,MG_0996RFLQV1,46.14643
MAG00755,MG_0996RFLQV1,67.82081
MAG00756,MG_0996RFLQV1,38.51644
MAG00757,MG_0996RFLQV1,156.6081
MAG00758,MG_0996RFLQV1,702.6894
MAG00759,MG_0996RFLQV1,720.6679
MAG00760,MG_0996RFLQV1,55.248352
MAG00761,MG_0996RFLQV1,64.22276
MAG00762,MG_0996RFLQV1,32.855793
MAG00763,MG_0996RFLQV1,49.797802
MAG00766,MG_1005RFLQV1,48.49873
MAG00767,MG_1009RFLQV1,97.68972
MAG00768,MG_1009RFLQV1,183.74998
MAG00769,MG_1009RFLQV1,335.33914
MAG00770,MG_1020RFLQV1,325.15848
MAG00772,MG_1024RFLQV1,32.810608
MAG00773,MG_1024RFLQV1,8.373794
MAG00774,MG_1024RFLQV1,41.55159
MAG00775,MG_1024RFLQV1,184.56715
MAG00776,MG_1024RFLQV1,7.121965
MAG00777,MG_1024RFLQV1,13.932995
MAG00778,MG_1024RFLQV1,1055.9663
MAG00779,MG_1024RFLQV1,21.738356
MAG00781,MG_1024RFLQV1,11.648631
MAG00782,MG_1024RFLQV1,27.480215
MAG00783,MG_1024RFLQV1,477.51184
MAG00784,MG_1024RFLQV1,201.4085
MAG00785,MG_1050901179,18.525995
MAG00786,MG_1050901179,481.784
MAG00787,MG_1050901209,94.89248
MAG00788,MG_1050901209,190.6907
MAG00789,MG_1050901239,127.499985
MAG00790,MG_1050901239,1001.9449
MAG00791,MG_1050901289,35.456093
MAG00792,MG_1050901289,701.56396
MAG00793,MG_1050901329,64.826935
MAG00794,MG_1050901329,2656.2139
MAG00795,MG_1052RFLQV1,27.326765
MAG00796,MG_1052RFLQV1,27.914968
MAG00797,MG_1052RFLQV1,1408.8167
MAG00798,MG_1052RFLQV1,16.718376
MAG00799,MG_1052RFLQV1,914.6949
MAG00800,MG_1052RFLQV1,11.784612
MAG00802,MG_1052RFLQV1,140.04909
MAG00803,MG_1052RFLQV1,30.837774
MAG00804,MG_1052RFLQV1,50.95796
MAG00805,MG_1052RFLQV1,23.258783
MAG00806,MG_1052RFLQV1,45.229416
MAG00807,MG_1052RFLQV1,59.229137
MAG00808,MG_1058RFLQV1,76.971985
MAG00809,MG_1058RFLQV1,27.012205
MAG00810,MG_1058RFLQV1,18.43759
MAG00811,MG_1058RFLQV1,279.53247
MAG00812,MG_1058RFLQV1,20.337101
MAG00814,MG_1058RFLQV1,59.512238
MAG00815,MG_1058RFLQV1,9126.562
MAG00816,MG_1058RFLQV1,580.97644
MAG00817,MG_1058RFLQV1,158.98892
MAG00818,MG_1058RFLQV1,10.974318
MAG00819,MG_1058RFLQV1,94.77576
MAG00820,MG_1058RFLQV1,63.032326
MAG00821,MG_1058RFLQV1,32.57699
MAG00822,MG_1058RFLQV1,16.409876
MAG00823,MG_1058RFLQV1,529.41815
MAG00824,MG_1058RFLQV1,9.429746
MAG00825,MG_1058RFLQV1,14.562202
MAG00826,MG_1058RFLQV1,49.820194
MAG00827,MG_1058RFLQV1,324.04898
MAG00828,MG_1058RFLQV1,124.65944
MAG00829,MG_1058RFLQV1,12.617869
MAG00830,MG_1058RFLQV1,52.642807
MAG00831,MG_1060901199,18.324085
MAG00832,MG_1060901199,50.695045
MAG00833,MG_1060901269,71.05254
MAG00834,MG_1061301149,11.676098
MAG00835,MG_1061301149,8.609705
MAG00836,MG_1061301149,576.8883
MAG00837,MG_1061301189,243.39987
MAG00838,MG_1061301229,1753.6221
MAG00839,MG_1061301269,1290.3464
MAG00840,MG_1061301269,17.071535
MAG00841,MG_1061301329,869.597
MAG00842,MG_1062101149,208.16402
MAG00843,MG_1062101149,16.96411
MAG00844,MG_1062101149,111.89816
MAG00845,MG_1062101189,85.87459
MAG00846,MG_1062101189,485.0774
MAG00847,MG_1062101239,343.56415
MAG00848,MG_1062101239,163.16115
MAG00849,MG_1062101299,342.65524
MAG00850,MG_1062101299,519.90985
MAG00851,MG_1062101359,45.45564
MAG00852,MG_1062101359,157.24464
MAG00853,MG_1062201159,181.35162
MAG00854,MG_1062201199,19.428667
MAG00855,MG_1062201199,440.6974
MAG00856,MG_1062201239,165.95903
MAG00857,MG_1062201329,21.704416
MAG00858,MG_1062201329,156.54918
MAG00859,MG_1062201379,159.77968
MAG00860,MG_1062501159,880.0014
MAG00861,MG_1062501199,667.4427
MAG00862,MG_1062501199,38.07415
MAG00863,MG_1062501239,43.189884
MAG00864,MG_1062501239,292.18582
MAG00865,MG_1062501279,193.08401
MAG00866,MG_1062501369,12.173211
MAG00867,MG_1062501369,8.111525
MAG00868,MG_1062501369,12.968032
MAG00869,MG_1062501369,97.557816
MAG00870,MG_1063001159,431.42285
MAG00871,MG_1063001159,32.16378
MAG00872,MG_1063001239,33.2137
MAG00873,MG_1063001279,43.653023
MAG00874,MG_1063001329,66.977356
MAG00875,MG_1063001369,42.65641
MAG00876,MG_1063101119,58.30949
MAG00877,MG_1063101199,116.28636
MAG00878,MG_1063101369,58.219116
MAG00879,MG_1063101369,33.83991
MAG00880,MG_1063201159,358.44748
MAG00881,MG_1063201209,133.00162
MAG00882,MG_1063201249,668.2833
MAG00883,MG_1063201329,72.98343
MAG00884,MG_1063201369,172.4801
MAG00885,MG_1063601119,48.26338
MAG00886,MG_1063601179,44.35105
MAG00887,MG_1063601319,61.35378
MAG00888,MG_1063601319,50.239506
MAG00889,MG_1063601359,19.502142
MAG00890,MG_1063601359,17.815031
MAG00891,MG_1085RFLQV1,277.28732
MAG00892,MG_1086RFLQV1,401.2128
MAG00893,MG_1086RFLQV1,919.3171
MAG00894,MG_1086RFLQV1,396.0166
MAG00895,MG_1086RFLQV1,213.5662
MAG00896,MG_1086RFLQV1,277.8087
MAG00897,MG_1086RFLQV1,206.72113
MAG00898,MG_1086RFLQV1,688.98425
MAG00899,MG_1116RFLQV1,15.278966
MAG00900,MG_1116RFLQV1,16.764736
MAG00901,MG_1116RFLQV1,124.157455
MAG00902,MG_112477,578.0337
MAG00903,MG_112477,11.411091
MAG00904,MG_112541,10.67364
MAG00905,MG_112541,24.802408
MAG00906,MG_112541,14.485316
MAG00907,MG_112541,92.96151
MAG00908,MG_112541,15.523142
MAG00909,MG_112541,8.1932
MAG00910,MG_112541,1178.7255
MAG00911,MG_112597,9.14055
MAG00912,MG_112597,8.509923
MAG00913,MG_112597,28.89759
MAG00914,MG_112797,15.580516
MAG00915,MG_112797,236.78491
MAG00916,MG_112861,599.9352
MAG00917,MG_112861,22.93696
MAG00918,MG_112917,458.96683
MAG00919,MG_112917,52.7505
MAG00920,MG_112917,14.197753
MAG00921,MG_113357,2565.688
MAG00922,MG_113597,370.05637
MAG00923,MG_113633,16.202682
MAG00924,MG_113633,235.12965
MAG00925,MG_113633,528.9078
MAG00926,MG_113633,221.58925
MAG00927,MG_113633,20.062397
MAG00928,MG_113717,20.505493
MAG00929,MG_113717,22.682383
MAG00930,MG_113717,469.42825
MAG00931,MG_113757,140.34909
MAG00932,MG_113757,359.2725
MAG00933,MG_113757,106.228424
MAG00934,MG_113757,124.74512
MAG00935,MG_113757,299.42792
MAG00936,MG_113853,43.685547
MAG00937,MG_113853,1556.5945
MAG00938,MG_113853,37.552906
MAG00939,MG_113853,164.70122
MAG00940,MG_113853,155.74875
MAG00941,MG_114141,57.08614
MAG00942,MG_114141,254.62073
MAG00943,MG_114193,27.610882
MAG00944,MG_114193,44.344048
MAG00945,MG_114193,23.507374
MAG00946,MG_114193,58.04733
MAG00947,MG_114193,28.057348
MAG00948,MG_114193,138.71317
MAG00949,MG_114193,40.53432
MAG00950,MG_114193,48.707832
MAG00951,MG_114717,848.40857
MAG00952,MG_114765,24.83248
MAG00953,MG_114765,32.593258
MAG00954,MG_114765,406.23837
MAG00955,MG_1167RFLQV1,16.255934
MAG00956,MG_1167RFLQV1,221.51692
MAG00957,MG_1167RFLQV1,59.53972
MAG00958,MG_1213RFLQV1,64.72966
MAG00959,MG_1213RFLQV1,579.56726
MAG00960,MG_1213RFLQV1,374.994
MAG00961,MG_1213RFLQV1,85.11381
MAG00963,MG_1215RFLQV1,248.73248
MAG00964,MG_1215RFLQV1,504.25204
MAG00965,MG_1215RFLQV1,93.67383
MAG00967,MG_1238RPAPV1A1,27.185707
MAG00968,MG_1238RPAPV1A1,324.1426
MAG00969,MG_1238RPAPV1A1,317.90604
MAG00970,MG_1238RPAPV1A1,144.53282
MAG00971,MG_1286RFLQV1,167.13821
MAG00972,MG_1286RFLQV1,111.85049
MAG00973,MG_1319RFLQV1,136.76411
MAG00974,MG_1319RFLQV1,275.56274
MAG00975,MG_1319RFLQV1,499.14175
MAG00976,MG_1327RFLQV1,187.16321
MAG00977,MG_1327RFLQV1,247.50879
MAG00978,MG_1327RFLQV1,1177.9763
MAG00979,MG_1333RFLQV1,65.83746
MAG00980,MG_1333RFLQV1,752.32465
MAG00981,MG_1333RFLQV1,443.26617
MAG00982,MG_1333RFLQV1,107.58261
MAG00983,MG_1333RFLQV1,125.44148
MAG00984,MG_1333RFLQV1,4303.955
MAG00985,MG_1333RFLQV1,42.98041
MAG00986,MG_1368RFLQV1,130.20578
MAG00987,MG_1368RFLQV1,94.339294
MAG00988,MG_1368RFLQV1,74.76643
MAG00990,MG_1386RFLQV1,73.526375
MAG00991,MG_1386RFLQV1,73.23992
MAG00992,MG_1386RFLQV1,107.27955
MAG00993,MG_1386RFLQV1,37.412163
MAG00994,MG_1386RFLQV1,301.12653
MAG00995,MG_1386RFLQV1,91.29789
MAG00996,MG_1392RFLQV1,1399.6804
MAG00997,MG_1392RFLQV1,35.175476
MAG00998,MG_1416RFLQV1,16.295
MAG00999,MG_1416RFLQV1,60.838505
MAG01000,MG_1416RFLQV1,16.251104
MAG01001,MG_1416RFLQV1,19.468067
MAG01002,MG_1416RFLQV1,713.40985
MAG01003,MG_1416RFLQV1,345.8639
MAG01004,MG_1416RFLQV1,377.2468
MAG01005,MG_1416RFLQV1,19.594698
MAG01006,MG_1416RFLQV1,83.6159
MAG01007,MG_1425RFLQV1,19.413685
MAG01008,MG_1425RFLQV1,90.812706
MAG01009,MG_1425RFLQV1,2510.833
MAG01010,MG_1425RFLQV1,449.11008
MAG01011,MG_1425RFLQV1,185.99518
MAG01012,MG_1425RFLQV1,59.914223
MAG01013,MG_1425RFLQV1,398.7043
MAG01014,MG_1425RFLQV1,41.529095
MAG01015,MG_1425RFLQV1,172.41838
MAG01016,MG_1425RFLQV1,46.32955
MAG01017,MG_1425RFLQV1,87.33728
MAG01018,MG_1425RFLQV1,94.688034
MAG01019,MG_1425RFLQV1,32.135456
MAG01020,MG_1429RFLQV1,299.21326
MAG01021,MG_1429RFLQV1,136.227
MAG01024,MG_1431RFLQV1,38.001
MAG01025,MG_1431RFLQV1,243.99805
MAG01026,MG_1469RFLQV1,77.7481
MAG01027,MG_1469RFLQV1,215.17056
MAG01028,MG_1469RFLQV1,72.45401
MAG01029,MG_1469RFLQV1,216.63011
MAG01030,MG_1469RFLQV1,147.33575
MAG01031,MG_1469RFLQV1,233.39876
MAG01032,MG_1469RFLQV1,56.03748
MAG01033,MG_1494RFLQV1,308.47684
MAG01034,MG_1494RFLQV1,357.24133
MAG01035,MG_1494RFLQV1,81.74416
MAG01036,MG_1494RFLQV1,258.2361
MAG01037,MG_1494RFLQV1,206.71858
MAG01039,MG_1540RFLQV1,461.97986
MAG01040,MG_1546RFLQV1,1660.3818
MAG01041,MG_1567RFLQV1,177.76242
MAG01042,MG_1567RFLQV1,160.59944
MAG01043,MG_1567RFLQV1,69.76529
MAG01044,MG_1567RFLQV1,53.429455
MAG01045,MG_1567RFLQV1,246.67448
MAG01046,MG_1567RFLQV1,136.28867
MAG01047,MG_1567RFLQV1,143.13133
MAG01048,MG_1567RFLQV1,194.26672
MAG01049,MG_1567RFLQV1,193.99629
MAG01050,MG_1567RFLQV1,3569.4265
MAG01051,MG_1567RFLQV1,168.19173
MAG01052,MG_1567RFLQV1,413.8496
MAG01053,MG_1578RFLQV1,52.291714
MAG01054,MG_1578RFLQV1,777.8767
MAG01055,MG_1578RFLQV1,923.28265
MAG01056,MG_1578RFLQV1,42.76093
MAG01057,MG_1578RFLQV1,33.20837
MAG01058,MG_1588RFLQV1,183.24684
MAG01061,MG_1665RFLQV1,42.927658
MAG01062,MG_1696RFLQV1,801.3911
MAG01063,MG_1696RFLQV1,132.37267
MAG01066,MG_1727RFLQV1,74.74237
MAG01067,MG_1727RFLQV1,134.63193
MAG01068,MG_1727RFLQV1,514.56104
MAG01069,MG_1727RFLQV1,285.60953
MAG01070,MG_1727RFLQV1,4811.066
MAG01071,MG_1727RFLQV1,32.57063
MAG01072,MG_174564,3965.2195
MAG01073,MG_174566,21.992466
MAG01074,MG_174566,642.21
MAG01075,MG_174566,125.09911
MAG01076,MG_174566,32.22541
MAG01077,MG_174616,324.30347
MAG01078,MG_174616,200.04784
MAG01079,MG_174616,67.90518
MAG01080,MG_174616,29.76826
MAG01081,MG_174631b,10.289151
MAG01082,MG_174631b,241.0048
MAG01083,MG_174631b,1507.9545
MAG01084,MG_174631b,15.306541
MAG01085,MG_174631b,19.416529
MAG01086,MG_174708,97.75259
MAG01087,MG_174708,968.7192
MAG01088,MG_174708,17.514986
MAG01089,MG_174708,2102.6892
MAG01090,MG_174708,20.297256
MAG01091,MG_174722,63.855946
MAG01092,MG_174722,150.79892
MAG01093,MG_174722,398.33865
MAG01094,MG_174738,33.074345
MAG01095,MG_174738,20.806086
MAG01096,MG_174738,73.518074
MAG01097,MG_174738,45.369175
MAG01098,MG_174738,32.779915
MAG01099,MG_174738,23.412573
MAG01100,MG_174738,64.70774
MAG01101,MG_174738,22.56615
MAG01102,MG_174738,12.410515
MAG01103,MG_174738,54.842278
MAG01104,MG_174738,381.53656
MAG01105,MG_174738,8.663381
MAG01106,MG_174738,9.024536
MAG01107,MG_174738,17.887932
MAG01108,MG_174738,72.42107
MAG01109,MG_174738,50.25106
MAG01110,MG_174738,32.063747
MAG01111,MG_174738,641.05865
MAG01112,MG_174738,64.70656
MAG01113,MG_174758,14.7297125
MAG01114,MG_174758,478.33173
MAG01115,MG_174758,324.56058
MAG01116,MG_174947,176.72472
MAG01117,MG_174962,227.01825
MAG01118,MG_174962,25.551327
MAG01119,MG_174970,223.66954
MAG01120,MG_174970,25.13468
MAG01121,MG_174982,62.635284
MAG01122,MG_174982,8.716335
MAG01123,MG_174982,146.28403
MAG01124,MG_175034,21.358582
MAG01125,MG_175034,234.26166
MAG01126,MG_175034,23.873106
MAG01127,MG_175034,12.836431
MAG01128,MG_175058,39.60682
MAG01129,MG_175058,7.046007
MAG01130,MG_175058,28.12535
MAG01131,MG_175058,25.812992
MAG01132,MG_175058,11.312455
MAG01133,MG_175058,48.260426
MAG01134,MG_175058,90.54477
MAG01135,MG_175058,107.37081
MAG01136,MG_175058,14.728412
MAG01137,MG_175058,221.01152
MAG01138,MG_175058,29.56735
MAG01139,MG_175058,28.999643
MAG01140,MG_175058,555.79706
MAG01141,MG_175058,23.439835
MAG01142,MG_175058,44.887474
MAG01143,MG_175058,67.04774
MAG01144,MG_175074,28.717007
MAG01145,MG_175074,169.22185
MAG01146,MG_175074,35.29346
MAG01147,MG_175228,830.81866
MAG01148,MG_175260,1694.7817
MAG01149,MG_175260,20.316381
MAG01150,MG_175260,108.8906
MAG01151,MG_175260,9.431725
MAG01152,MG_175260,63.789074
MAG01153,MG_175260,55.059895
MAG01154,MG_175260,10.671654
MAG01155,MG_175260,88.237526
MAG01156,MG_175318,8.572037
MAG01157,MG_175318,11.528171
MAG01158,MG_175318,18.105165
MAG01159,MG_175318,10.091547
MAG01160,MG_175318,75.965965
MAG01161,MG_175318,6.091151
MAG01162,MG_175318,12.289115
MAG01163,MG_175318,26.27622
MAG01164,MG_175332,192.27957
MAG01165,MG_175332,61.779884
MAG01166,MG_175332,716.1373
MAG01167,MG_175332,58.06785
MAG01168,MG_175334b,72.455696
MAG01169,MG_175334b,185.67332
MAG01170,MG_175334b,554.60315
MAG01171,MG_175334b,37.320446
MAG01172,MG_175334b,8.218945
MAG01173,MG_175334b,752.01117
MAG01174,MG_175334b,66.25162
MAG01175,MG_175334b,20.783976
MAG01176,MG_175334b,122.11369
MAG01177,MG_175334b,15.366968
MAG01178,MG_175334b,130.24094
MAG01179,MG_175334b,31.57464
MAG01180,MG_175334b,15.642182
MAG01181,MG_175334b,17.90295
MAG01182,MG_175334b,7.5600266
MAG01183,MG_175334b,9.962584
MAG01184,MG_175334b,92.4819
MAG01185,MG_175334b,38.11622
MAG01186,MG_175334b,16.747013
MAG01187,MG_175380,43.442863
MAG01188,MG_175380,131.44757
MAG01189,MG_175380,601.2816
MAG01190,MG_175390,218.8217
MAG01191,MG_175414,16.211172
MAG01192,MG_175414,45.349316
MAG01193,MG_175414,457.34247
MAG01194,MG_175414,29.63609
MAG01195,MG_175443,11.939172
MAG01196,MG_175443,11.71647
MAG01197,MG_175443,86.564354
MAG01198,MG_175443,18.283558
MAG01199,MG_175443,55.299957
MAG01200,MG_175476,110.76562
MAG01201,MG_175831b,201.21265
MAG01202,MG_175831b,235.06058
MAG01203,MG_175831b,15.090906
MAG01204,MG_175831b,31.359245
MAG01205,MG_175831b,21.16106
MAG01206,MG_175831b,16.615108
MAG01207,MG_175831b,163.41312
MAG01208,MG_175831b,58.2238
MAG01209,MG_175831b,118.032265
MAG01210,MG_175831b,80.382904
MAG01211,MG_175831b,7.0624666
MAG01212,MG_175831b,52.27545
MAG01213,MG_175831b,40.17856
MAG01214,MG_175831b,63.950333
MAG01215,MG_175831b,95.730965
MAG01216,MG_175831b,82.49813
MAG01217,MG_175831b,248.96013
MAG01218,MG_175831b,33.758965
MAG01219,MG_175831b,62.044888
MAG01220,MG_175831b,547.8761
MAG01221,MG_175831b,35.475517
MAG01222,MG_175831b,32.810253
MAG01223,MG_175831b,358.4649
MAG01224,MG_175836,263.67032
MAG01225,MG_175836,63.44185
MAG01226,MG_175836,8.3572
MAG01227,MG_175836,16.767435
MAG01228,MG_175836,41.534153
MAG01229,MG_175836,19.52182
MAG01230,MG_175836,14.130092
MAG01231,MG_175836,17.705313
MAG01232,MG_175836,9.787054
MAG01233,MG_175836,144.2272
MAG01234,MG_175836,44.00683
MAG01235,MG_175836,40.0812
MAG01236,MG_175836,43.93743
MAG01237,MG_175836,71.14069
MAG01238,MG_175836,22.101091
MAG01239,MG_175836,53.2275
MAG01240,MG_175836,8.968485
MAG01241,MG_175836,42.332336
MAG01242,MG_175836,119.332886
MAG01243,MG_175836,8.667999
MAG01244,MG_175836,138.70746
MAG01245,MG_175836,318.17477
MAG01246,MG_175836,253.71402
MAG01247,MG_175836,15.289742
MAG01248,MG_175836,16.69959
MAG01249,MG_175836,37.55737
MAG01250,MG_175836,16.102238
MAG01251,MG_175878,20.439716
MAG01252,MG_175878,38.94586
MAG01253,MG_175878,120.69453
MAG01254,MG_175878,64.03414
MAG01255,MG_175878,190.19368
MAG01256,MG_175878,128.9261
MAG01257,MG_175878,151.64417
MAG01258,MG_175896,4032.7185
MAG01259,MG_175980,2760.984
MAG01260,MG_176020,25.259108
MAG01261,MG_176020,571.10095
MAG01262,MG_176076,3446.4417
MAG01263,MG_176076,68.81582
MAG01264,MG_176094,26.499971
MAG01265,MG_176094,45.84444
MAG01266,MG_176094,699.0079
MAG01267,MG_176118,30.724602
MAG01268,MG_176118,37.52629
MAG01269,MG_176118,34.91915
MAG01270,MG_176118,40.98211
MAG01271,MG_176118,21.934162
MAG01272,MG_176118,85.381775
MAG01273,MG_176118,251.55327
MAG01274,MG_176118,23.649202
MAG01275,MG_176138,43.945213
MAG01276,MG_176138,45.56669
MAG01277,MG_176138,322.50842
MAG01278,MG_176138,20.337326
MAG01279,MG_176541,120.555626
MAG01280,MG_176541,53.94893
MAG01281,MG_176541,37.499603
MAG01282,MG_176541,53.912884
MAG01283,MG_176541,56.102238
MAG01284,MG_176541,25.569857
MAG01285,MG_176541,341.8683
MAG01286,MG_176541,398.60895
MAG01287,MG_176541,39.8291
MAG01288,MG_176541,24.914448
MAG01289,MG_176541,30.566265
MAG01290,MG_176541,197.96535
MAG01291,MG_176541,83.18732
MAG01292,MG_176565,36.706966
MAG01293,MG_176565,193.62988
MAG01294,MG_176565,119.57043
MAG01295,MG_176565,129.29013
MAG01296,MG_176565,177.4881
MAG01297,MG_176565,24.450434
MAG01298,MG_176565,61.753056
MAG01299,MG_176565,94.81865
MAG01300,MG_176565,56.743263
MAG01301,MG_176565,14.143061
MAG01302,MG_176565,11.221683
MAG01303,MG_176565,11.612752
MAG01304,MG_176565,51.076492
MAG01305,MG_176565,17.331678
MAG01306,MG_176565,51.21015
MAG01307,MG_176565,54.951702
MAG01308,MG_176565,12.053611
MAG01309,MG_176573,21.631325
MAG01310,MG_176573,10.883369
MAG01311,MG_176573,19.005875
MAG01312,MG_176573,253.47653
MAG01313,MG_176573,64.49704
MAG01314,MG_176573,41.502888
MAG01315,MG_176573,18.591753
MAG01316,MG_176621,35.44097
MAG01317,MG_176621,33.95815
MAG01318,MG_176621,10.658728
MAG01319,MG_176621,490.04037
MAG01320,MG_176621,14.34716
MAG01321,MG_176621,24.02906
MAG01322,MG_176621_b,14.798103
MAG01323,MG_176621_b,269.96527
MAG01324,MG_176747,261.70255
MAG01325,MG_176747,688.80457
MAG01326,MG_176747,153.29504
MAG01327,MG_176795,302.7488
MAG01328,MG_176795,270.14566
MAG01329,MG_176795,894.0057
MAG01330,MG_176795,374.6683
MAG01331,MG_176795,133.93027
MAG01332,MG_176795,543.5072
MAG01333,MG_176795,84.240326
MAG01334,MG_176862,128.05478
MAG01335,MG_176862,11.855899
MAG01336,MG_176862,6.850296
MAG01337,MG_176862,10.95612
MAG01338,MG_176862,1057.6232
MAG01339,MG_176862,650.87976
MAG01340,MG_176862,10.008062
MAG01341,MG_176862,31.118898
MAG01342,MG_176862,6.850114
MAG01343,MG_176862,19.507645
MAG01344,MG_176862,10.42843
MAG01345,MG_176862,52.587994
MAG01346,MG_176862,93.61723
MAG01347,MG_176862,9.749654
MAG01348,MG_176873,12.420061
MAG01349,MG_176873,106.0401
MAG01350,MG_176873,83.37575
MAG01351,MG_176887,42.01713
MAG01352,MG_176887,248.4558
MAG01353,MG_176887,13.481436
MAG01354,MG_176887,258.68723
MAG01355,MG_176887,229.8752
MAG01356,MG_177065,40.800465
MAG01357,MG_177065,11.896731
MAG01358,MG_177065,22.290056
MAG01359,MG_177065,7.5445356
MAG01360,MG_177065,110.043045
MAG01361,MG_177065,377.95837
MAG01362,MG_177065,66.71661
MAG01363,MG_177065,24.828876
MAG01364,MG_177065,200.58463
MAG01365,MG_177065,82.541466
MAG01366,MG_177065,209.49924
MAG01367,MG_177065,40.923183
MAG01368,MG_177065,72.71956
MAG01369,MG_177065,503.93085
MAG01370,MG_177065,78.4685
MAG01371,MG_177065,42.50492
MAG01372,MG_177065,13.48107
MAG01373,MG_177065,206.2862
MAG01374,MG_177065,62.98971
MAG01375,MG_177065,1124.4473
MAG01376,MG_177065,42.782635
MAG01377,MG_177065,167.72131
MAG01378,MG_177065,15.49523
MAG01379,MG_177065,1902.1208
MAG01380,MG_177093,10.864298
MAG01381,MG_177093,11.304981
MAG01382,MG_177093,19.783455
MAG01383,MG_177093,35.031925
MAG01384,MG_177093,780.6872
MAG01385,MG_177093,7.6255183
MAG01386,MG_177093,17.063463
MAG01387,MG_177093,84.7887
MAG01388,MG_177093,52.8526
MAG01389,MG_177093,589.20135
MAG01390,MG_177093,151.80693
MAG01391,MG_177093,362.5678
MAG01392,MG_177093,694.6867
MAG01393,MG_177093,11.715046
MAG01394,MG_177093,16.851791
MAG01395,MG_177093,28.198257
MAG01396,MG_177093,374.84818
MAG01397,MG_177093,91.80884
MAG01398,MG_177093,13.468696
MAG01399,MG_177093,58.15469
MAG01400,MG_177093,101.47338
MAG01401,MG_177093,106.95504
MAG01402,MG_177129,21.666904
MAG01403,MG_177129,29.716988
MAG01404,MG_177129,10.935923
MAG01405,MG_177129,12.354642
MAG01406,MG_177129,147.72548
MAG01407,MG_177129,694.45917
MAG01408,MG_177129,318.66867
MAG01409,MG_177129,157.77844
MAG01410,MG_177129,25.52462
MAG01411,MG_177129,1335.6082
MAG01412,MG_177129,218.1307
MAG01413,MG_177129,30.551239
MAG01414,MG_177129,109.777664
MAG01415,MG_177129,29.287956
MAG01416,MG_177129,193.46301
MAG01417,MG_177129,11.3290205
MAG01418,MG_177129,494.27722
MAG01419,MG_177129,57.29506
MAG01420,MG_177129,125.70847
MAG01421,MG_177129,32.15556
MAG01422,MG_177177,54.640038
MAG01423,MG_177177,1753.9662
MAG01424,MG_177177,215.07863
MAG01425,MG_177177,326.6468
MAG01426,MG_177177,1156.909
MAG01427,MG_177177,158.1795
MAG01428,MG_177177,71.87026
MAG01429,MG_177177,187.93127
MAG01430,MG_177177,69.32898
MAG01431,MG_177177,18.83557
MAG01432,MG_177177,145.02267
MAG01433,MG_177177,11.101198
MAG01434,MG_177177,141.41187
MAG01435,MG_177177,20.553381
MAG01436,MG_177177,9.652612
MAG01437,MG_177177,69.74443
MAG01438,MG_177177,139.8603
MAG01439,MG_177177,29.629843
MAG01440,MG_177177,32.330185
MAG01441,MG_177177,49.280037
MAG01442,MG_177177,53.65531
MAG01443,MG_177177,10.315525
MAG01444,MG_177177,242.98412
MAG01445,MG_177177,448.35712
MAG01446,MG_177177,530.6044
MAG01447,MG_177177,33.888382
MAG01448,MG_177694,11.964188
MAG01449,MG_177694,33.819992
MAG01450,MG_177694,120.86742
MAG01451,MG_177694,13.552754
MAG01452,MG_177694,11.579423
MAG01453,MG_177694,622.5114
MAG01454,MG_177694,932.76044
MAG01455,MG_177694,391.2083
MAG01456,MG_177694,55.08987
MAG01457,MG_177694,41.03422
MAG01458,MG_177694,11.689841
MAG01459,MG_177694,30.735094
MAG01460,MG_177694,18.732855
MAG01461,MG_177694,28.6604
MAG01462,MG_177694,22.982483
MAG01463,MG_177694,8.301587
MAG01464,MG_177694,32.432613
MAG01465,MG_177694,38.8391
MAG01466,MG_177694,150.86913
MAG01467,MG_177694,17.83429
MAG01468,MG_177694,20.181726
MAG01469,MG_177694,51.042095
MAG01470,MG_177694,45.283936
MAG01471,MG_177694,785.5529
MAG01472,MG_177694,18.646002
MAG01473,MG_177694,126.96064
MAG01474,MG_177694,89.920395
MAG01475,MG_177694,40.526382
MAG01476,MG_177694,170.24858
MAG01477,MG_177694,34.381042
MAG01478,MG_177694,102.060646
MAG01479,MG_177694,163.66444
MAG01480,MG_177707,536.27344
MAG01481,MG_177707,119.35795
MAG01482,MG_177707,236.73828
MAG01483,MG_177707,276.9009
MAG01484,MG_177707,74.18962
MAG01485,MG_177707,325.60345
MAG01486,MG_177707,572.9203
MAG01487,MG_177707,227.5154
MAG01488,MG_177707,104.04451
MAG01489,MG_177750,16.631298
MAG01490,MG_177750,100.46033
MAG01491,MG_177750,6.5656123
MAG01492,MG_177750,28.435188
MAG01493,MG_177750,32.872555
MAG01494,MG_177750,82.34
MAG01495,MG_177750,8.978187
MAG01496,MG_177750,27.439844
MAG01497,MG_177750,1190.4209
MAG01498,MG_177750,23.497234
MAG01499,MG_177750,119.587036
MAG01500,MG_177750,10.680602
MAG01501,MG_177750,25.258343
MAG01502,MG_177750,166.26349
MAG01503,MG_177750,11.062875
MAG01504,MG_177750,319.35327
MAG01505,MG_177750,32.992046
MAG01506,MG_177750,159.57828
MAG01507,MG_177750,59.341698
MAG01508,MG_177750,11.462477
MAG01509,MG_177750,226.46892
MAG01510,MG_177750,65.21496
MAG01511,MG_177750,270.243
MAG01512,MG_177750,10.364073
MAG01513,MG_177750,6.1735296
MAG01514,MG_177750,5.685655
MAG01515,MG_177750,61.28048
MAG01516,MG_177750,63.16328
MAG01517,MG_177750,43.525433
MAG01518,MG_177750,79.60275
MAG01519,MG_177750,519.23175
MAG01520,MG_177750,718.5483
MAG01521,MG_177750,386.32083
MAG01522,MG_177847,284.44586
MAG01523,MG_177847,153.90369
MAG01524,MG_177847,85.83873
MAG01525,MG_177847,465.34103
MAG01526,MG_177847,833.71967
MAG01527,MG_177847,133.79169
MAG01528,MG_177847,953.361
MAG01529,MG_177847,83.64835
MAG01530,MG_177853,127.32494
MAG01531,MG_177853,75.3238
MAG01532,MG_177853,98.73301
MAG01533,MG_177853,36.5254
MAG01534,MG_177853,36.281498
MAG01535,MG_177853,89.752464
MAG01536,MG_177853,35.808228
MAG01537,MG_177853,9.840539
MAG01538,MG_177853,32.5083
MAG01539,MG_177853,254.47615
MAG01540,MG_177853,117.75386
MAG01541,MG_177853,38.954887
MAG01542,MG_177853,31.967777
MAG01543,MG_177853,17.385532
MAG01544,MG_177853,57.552097
MAG01545,MG_177853,27.60252
MAG01546,MG_177877,375.02457
MAG01547,MG_177877,21.90573
MAG01548,MG_177877,85.35574
MAG01549,MG_177877,64.36037
MAG01550,MG_177877,71.72798
MAG01551,MG_177877,63.28302
MAG01552,MG_177877,134.26239
MAG01553,MG_177877,90.01627
MAG01554,MG_177877,444.096
MAG01555,MG_177877,35.051315
MAG01556,MG_177897,101.14435
MAG01557,MG_177897,50.635216
MAG01558,MG_177897,100.13067
MAG01559,MG_177897,669.6295
MAG01560,MG_177897,105.77782
MAG01561,MG_177897,60.21466
MAG01562,MG_177947,675.0083
MAG01563,MG_177947,34.74545
MAG01564,MG_177947,9.801777
MAG01565,MG_177947,8.926276
MAG01566,MG_177947,109.22178
MAG01567,MG_177947,64.49119
MAG01568,MG_177947,70.35226
MAG01569,MG_177947,41.96938
MAG01570,MG_177947,50.24359
MAG01571,MG_177947,104.83397
MAG01572,MG_177947,257.00565
MAG01573,MG_177947,57.639683
MAG01574,MG_178085,836.04
MAG01575,MG_178085,312.37158
MAG01576,MG_178085,52.827908
MAG01577,MG_178085,882.47235
MAG01578,MG_178085,471.0542
MAG01579,MG_178085,172.09245
MAG01580,MG_178085,33.629864
MAG01581,MG_178085,101.33297
MAG01582,MG_178085,51.934803
MAG01583,MG_178085,211.83376
MAG01584,MG_178085,574.63745
MAG01585,MG_178085,181.84166
MAG01586,MG_178085,103.32525
MAG01587,MG_178085,96.352844
MAG01588,MG_178085,86.740524
MAG01589,MG_178113_b,14.393214
MAG01590,MG_178113_b,10.148747
MAG01591,MG_178113_b,21.652813
MAG01592,MG_178113_b,15.766522
MAG01593,MG_178113_b,6.00759
MAG01594,MG_178113_b,22.754913
MAG01595,MG_178113_b,7.339589
MAG01596,MG_178113_b,5.7442703
MAG01597,MG_178113_b,11.672851
MAG01598,MG_178137_b,8.703013
MAG01599,MG_178137_b,64.33118
MAG01600,MG_178137_b,8.849122
MAG01601,MG_178137_b,15.476167
MAG01602,MG_178137_b,63.01768
MAG01603,MG_178137_b,15.621722
MAG01604,MG_178333,358.1016
MAG01605,MG_178333,36.700314
MAG01606,MG_178333,14.256423
MAG01607,MG_178333,132.69067
MAG01608,MG_178333,19.067368
MAG01609,MG_178333,6.3122144
MAG01610,MG_178333,24.581884
MAG01611,MG_178333,21.889318
MAG01612,MG_178333,23.623724
MAG01613,MG_178333,14.303659
MAG01614,MG_178381,171.70941
MAG01615,MG_178553,989.81744
MAG01616,MG_178553,10.637019
MAG01617,MG_178553,67.67803
MAG01618,MG_178553,22.796183
MAG01619,MG_178553,8.221309
MAG01620,MG_178585,49.816822
MAG01621,MG_178585,973.55396
MAG01622,MG_178585,25.79092
MAG01623,MG_178585,221.9975
MAG01624,MG_178585,107.56901
MAG01625,MG_178585,466.77255
MAG01626,MG_178585,235.79521
MAG01627,MG_178585,21.231829
MAG01628,MG_178585,92.81895
MAG01629,MG_178585,36.094307
MAG01630,MG_178585,13.302112
MAG01631,MG_178585,11.894968
MAG01632,MG_178585,137.9874
MAG01633,MG_178585,6.4399652
MAG01634,MG_178585,233.64207
MAG01635,MG_178585,15.3918915
MAG01636,MG_178585,390.55316
MAG01637,MG_178585,50.75454
MAG01638,MG_178585,22.026949
MAG01639,MG_178585,9.135161
MAG01640,MG_178585,111.35727
MAG01641,MG_178585,152.153
MAG01642,MG_178625,70.57578
MAG01643,MG_178625,221.21805
MAG01644,MG_178625,308.498
MAG01645,MG_178625,45.122692
MAG01646,MG_178625,484.26236
MAG01647,MG_178625,13.024253
MAG01648,MG_178625,29.64818
MAG01649,MG_178625,15.71324
MAG01650,MG_178625,93.32272
MAG01651,MG_178625,10.121278
MAG01652,MG_178625,11.803045
MAG01653,MG_178625,100.18335
MAG01654,MG_178625,315.75766
MAG01655,MG_178625,22.722836
MAG01656,MG_178625,14.429794
MAG01657,MG_178625,21.585882
MAG01658,MG_178625,18.777468
MAG01659,MG_178625,113.142586
MAG01660,MG_178625,176.50293
MAG01661,MG_178625,11.405413
MAG01662,MG_178839,20.493425
MAG01663,MG_178839,128.69644
MAG01664,MG_178839,756.58984
MAG01665,MG_178839,41.452763
MAG01666,MG_178839,13.102449
MAG01667,MG_178903,8.252205
MAG01668,MG_178903,8.029002
MAG01669,MG_178903,49.90414
MAG01670,MG_178903,19.85128
MAG01671,MG_178903,39.89847
MAG01672,MG_178903,21.719576
MAG01673,MG_178903,1869.8954
MAG01674,MG_178903,310.0086
MAG01675,MG_178903,11.760437
MAG01676,MG_178903,153.57605
MAG01677,MG_178903,11.121941
MAG01678,MG_178955,167.11696
MAG01679,MG_178955,19.239853
MAG01680,MG_178955,85.39043
MAG01681,MG_178955,20.697325
MAG01682,MG_178955,42.183144
MAG01683,MG_178955,20.240595
MAG01684,MG_178955,16.705585
MAG01685,MG_178955,81.842896
MAG01686,MG_179165,662.31586
MAG01687,MG_179165,368.87088
MAG01688,MG_179205,264.61307
MAG01689,MG_179205,247.49385
MAG01690,MG_179205,32.340454
MAG01691,MG_179229,101.47987
MAG01692,MG_179229,121.77874
MAG01693,MG_179229,22.16171
MAG01694,MG_179229,70.380615
MAG01695,MG_181071,330.9294
MAG01696,MG_181071,100.21444
MAG01697,MG_181081,85.39902
MAG01698,MG_181081,59.850826
MAG01699,MG_181081,203.10834
MAG01700,MG_181081,88.67151
MAG01701,MG_181105,58.87867
MAG01702,MG_181105,154.67447
MAG01703,MG_181135,175.70314
MAG01704,MG_181135,593.06635
MAG01705,MG_181145,10.217783
MAG01706,MG_181145,8.546406
MAG01707,MG_181145,97.53638
MAG01708,MG_181145,986.8396
MAG01709,MG_181145,211.0359
MAG01710,MG_181153,408.94107
MAG01711,MG_181153,112.818306
MAG01712,MG_181153,182.08716
MAG01713,MG_181177,78.82927
MAG01714,MG_181177,16.263418
MAG01715,MG_181177,55.957363
MAG01716,MG_181177,79.668686
MAG01717,MG_181177,82.97721
MAG01718,MG_181177,6.348149
MAG01719,MG_181185,10.743988
MAG01720,MG_181185,38.59472
MAG01721,MG_181185,137.18423
MAG01722,MG_181185,46.351044
MAG01723,MG_181198,7.5859585
MAG01724,MG_181198,68.70607
MAG01725,MG_181198,53.74734
MAG01726,MG_181198,21.92104
MAG01727,MG_181198,94.681366
MAG01728,MG_181198,46.777042
MAG01730,MG_181230,32.34069
MAG01731,MG_181230,291.54404
MAG01732,MG_181230,17.905104
MAG01733,MG_181230,18.59729
MAG01734,MG_181230,14.779842
MAG01735,MG_181230,6.4519763
MAG01736,MG_181230,121.7918
MAG01737,MG_181238,105.4
MAG01738,MG_181238,20.561562
MAG01739,MG_181238,593.34436
MAG01740,MG_181238,39.09595
MAG01741,MG_181238,21.67551
MAG01742,MG_181238,44.113316
MAG01743,MG_181238,16.453856
MAG01744,MG_181238,11.106937
MAG01745,MG_181238,4.957554
MAG01746,MG_181246,39.99468
MAG01747,MG_181246,25.48371
MAG01748,MG_181246,31.45945
MAG01749,MG_181246,7.174157
MAG01750,MG_181246,135.7092
MAG01751,MG_181261,16.850763
MAG01752,MG_181261,99.41846
MAG01753,MG_181261,17.181406
MAG01754,MG_181261,81.46323
MAG01755,MG_181261,125.5267
MAG01756,MG_181261,34.35416
MAG01757,MG_181261,18.39798
MAG01758,MG_181261,32.848892
MAG01759,MG_181261,59.51145
MAG01760,MG_181261,574.3805
MAG01761,MG_181261,18.177847
MAG01762,MG_1814RFLQV1,141.54214
MAG01764,MG_1814RFLQV1,307.0157
MAG01765,MG_181597,8.839139
MAG01766,MG_181597,176.66739
MAG01767,MG_181597,35.56304
MAG01768,MG_181629,38.180897
MAG01769,MG_181629,18.832514
MAG01770,MG_181629,363.41754
MAG01771,MG_181629,81.00945
MAG01772,MG_181629,7.880096
MAG01773,MG_181629,7.8132863
MAG01774,MG_181629,20.579042
MAG01775,MG_181629,47.63606
MAG01776,MG_181629,72.57443
MAG01777,MG_181629,10.4433565
MAG01778,MG_181629,8.80676
MAG01779,MG_181629,8.645436
MAG01780,MG_181629,91.837524
MAG01781,MG_181629,40.47471
MAG01782,MG_181629,37.198067
MAG01783,MG_181629,16.429253
MAG01784,MG_181629,8.091742
MAG01785,MG_181629,1002.5131
MAG01786,MG_181629,175.44275
MAG01787,MG_181657,99.139595
MAG01788,MG_181657,64.87371
MAG01789,MG_181657,1387.7313
MAG01790,MG_181657,269.395
MAG01791,MG_181657,404.24875
MAG01792,MG_181657,13.159955
MAG01793,MG_181657,107.10341
MAG01794,MG_181657,16.52663
MAG01795,MG_181657,29.947218
MAG01796,MG_181657,300.6379
MAG01797,MG_181657,258.89932
MAG01798,MG_181657,26.866714
MAG01799,MG_181657,138.76538
MAG01800,MG_181657,32.10801
MAG01801,MG_181657,127.99628
MAG01802,MG_181657,53.88636
MAG01803,MG_181657,37.12575
MAG01804,MG_181657,564.0242
MAG01805,MG_181657,125.39489
MAG01806,MG_181711,17.555923
MAG01807,MG_181711,22.793407
MAG01808,MG_181711,41.155136
MAG01809,MG_181711,356.91473
MAG01810,MG_181711,14.326201
MAG01811,MG_181711,172.74562
MAG01812,MG_181711,91.991035
MAG01813,MG_181711,7.6537952
MAG01814,MG_181775,42.766113
MAG01815,MG_181775,231.9005
MAG01816,MG_181775,33.670074
MAG01817,MG_181775,14.167557
MAG01818,MG_181775,72.55162
MAG01819,MG_181775,21.959723
MAG01820,MG_181775,22.478786
MAG01821,MG_181775,88.95817
MAG01822,MG_181819,314.18823
MAG01823,MG_181819,27.961897
MAG01824,MG_181871,19.870947
MAG01825,MG_181871,122.970894
MAG01826,MG_181871,151.50719
MAG01827,MG_181871,14.031244
MAG01828,MG_181935,235.15414
MAG01829,MG_181935,463.9888
MAG01830,MG_182339,631.1612
MAG01831,MG_182427,45.1834
MAG01832,MG_182427,27.537012
MAG01833,MG_182427,1082.4489
MAG01834,MG_182447,117.70779
MAG01836,MG_1831RFLQV1,408.98233
MAG01837,MG_183668,13.998258
MAG01838,MG_183668,2717.261
MAG01839,MG_183700,24.362509
MAG01840,MG_183700,225.53575
MAG01841,MG_183700,199.05664
MAG01842,MG_183700,16.74639
MAG01843,MG_183757,168.89874
MAG01844,MG_183805,104.131424
MAG01846,MG_185190,7.780591
MAG01847,MG_185190,74.14277
MAG01848,MG_185190,19.027933
MAG01849,MG_185190,711.73914
MAG01850,MG_185190,76.098694
MAG01851,MG_185190,573.2948
MAG01852,MG_185190,219.66287
MAG01853,MG_185190,6.55531
MAG01854,MG_185190,32.5605
MAG01855,MG_185190,114.77239
MAG01856,MG_185190,19.84727
MAG01857,MG_185190,64.17563
MAG01858,MG_185190,39.10331
MAG01859,MG_185190,24.89444
MAG01860,MG_185190,5.976646
MAG01861,MG_185190,54.622574
MAG01862,MG_185190,34.26653
MAG01863,MG_185190,11.349028
MAG01864,MG_185190,12.264949
MAG01865,MG_185190,7.749663
MAG01866,MG_185190,55.11135
MAG01867,MG_185190,11.836795
MAG01868,MG_185218,23.720629
MAG01869,MG_185218,27.814375
MAG01870,MG_185218,3184.391
MAG01871,MG_185218,7.9747715
MAG01872,MG_185218,69.21464
MAG01873,MG_185218,7.4202204
MAG01874,MG_185218,14.603236
MAG01875,MG_185218,22.501389
MAG01876,MG_185218,72.3188
MAG01877,MG_185218,13.325678
MAG01878,MG_185218,22.257025
MAG01879,MG_185218,8.5222845
MAG01880,MG_185218,66.157555
MAG01881,MG_185218,57.93442
MAG01882,MG_185218,164.90352
MAG01883,MG_185218,6.7804565
MAG01884,MG_185218,42.242165
MAG01885,MG_185218,5.911244
MAG01886,MG_185218,8.357868
MAG01887,MG_185218,36.544395
MAG01888,MG_185218,27.815136
MAG01889,MG_185218,43.75922
MAG01890,MG_185218,9.403698
MAG01891,MG_185238,21.793613
MAG01892,MG_185238,108.552025
MAG01893,MG_185238,73.3279
MAG01894,MG_185238,38.283173
MAG01895,MG_185238,8.058014
MAG01896,MG_185238,6.356871
MAG01897,MG_185238,48.761574
MAG01898,MG_185238,247.26883
MAG01899,MG_185238,24.619558
MAG01900,MG_185238,12.023133
MAG01901,MG_185238,574.6097
MAG01902,MG_185238,22.486067
MAG01903,MG_185238,52.198032
MAG01904,MG_185238,22.45599
MAG01905,MG_185238,10.739128
MAG01906,MG_185238,20.548674
MAG01907,MG_185238,20.115822
MAG01908,MG_185238,15.468656
MAG01909,MG_185238,121.84432
MAG01910,MG_185251,256.3896
MAG01911,MG_185251,120.634766
MAG01912,MG_185251,99.34205
MAG01913,MG_185251,369.12067
MAG01914,MG_185251,629.8638
MAG01915,MG_185251,1816.9884
MAG01916,MG_185251,160.11868
MAG01917,MG_185251,66.62701
MAG01918,MG_185275,75.087006
MAG01919,MG_185275,124.08489
MAG01920,MG_185275,24.425325
MAG01921,MG_185275,22.97266
MAG01922,MG_185275,326.06027
MAG01923,MG_185275,22.904028
MAG01924,MG_185275,42.444447
MAG01925,MG_185275,23.570036
MAG01926,MG_185275,90.621185
MAG01927,MG_185275,60.807816
MAG01928,MG_185275,121.25386
MAG01929,MG_185275,120.04802
MAG01930,MG_185275,20.353977
MAG01931,MG_185275,212.3627
MAG01932,MG_185275,24.445776
MAG01933,MG_185275,176.55226
MAG01934,MG_185275,16.823145
MAG01935,MG_185347,30.9097
MAG01936,MG_185347,86.224075
MAG01937,MG_185347,45.249073
MAG01938,MG_185347,87.52434
MAG01939,MG_185347,29.664623
MAG01940,MG_185347,12.622207
MAG01941,MG_185347,11.742059
MAG01942,MG_185395,27.681833
MAG01943,MG_185475,1208.5852
MAG01944,MG_185475,114.752174
MAG01945,MG_185475,156.1795
MAG01946,MG_185475,214.45569
MAG01947,MG_185475,9.012888
MAG01948,MG_185475,11.116954
MAG01949,MG_185475,20.177647
MAG01950,MG_185475,647.59674
MAG01951,MG_185475,200.11345
MAG01952,MG_185475,32.812813
MAG01953,MG_185475,113.86634
MAG01954,MG_185475,77.296616
MAG01955,MG_185475,28.938374
MAG01956,MG_186304,10.377876
MAG01957,MG_186304,11.028756
MAG01958,MG_186304,12.53711
MAG01959,MG_186360,18.221745
MAG01960,MG_186472,21.201841
MAG01961,MG_186472,42.82639
MAG01962,MG_186472,58.61139
MAG01963,MG_186472,48.162125
MAG01964,MG_186472,27.382097
MAG01965,MG_186655,2838.2327
MAG01966,MG_186655,769.8987
MAG01967,MG_186655,16.915503
MAG01968,MG_186711,41.859097
MAG01969,MG_186783,1209.7946
MAG01970,MG_186783,610.7718
MAG01971,MG_186830b,32.914536
MAG01972,MG_186830b,388.89957
MAG01973,MG_186847,14.461731
MAG01974,MG_186847,2994.5742
MAG01975,MG_186847,12.117872
MAG01976,MG_186847,2808.021
MAG01977,MG_186854,193.88799
MAG01978,MG_186854,145.22905
MAG01979,MG_186885,56.252552
MAG01980,MG_186885,120.11515
MAG01981,MG_186911,183.409
MAG01982,MG_186911,487.35117
MAG01983,MG_187184,22.392696
MAG01984,MG_187184,36.38755
MAG01985,MG_187184,96.89393
MAG01986,MG_187184,16.098076
MAG01987,MG_187184,11.27982
MAG01988,MG_187184,12.598008
MAG01989,MG_187184,31.138958
MAG01990,MG_187184,56.103252
MAG01991,MG_187184,32.207676
MAG01992,MG_187184,42.50436
MAG01993,MG_187184,117.50699
MAG01994,MG_187220,25.399345
MAG01995,MG_187220,25.421768
MAG01996,MG_187220,15.697187
MAG01997,MG_187220,16.431892
MAG01998,MG_187220,13.665301
MAG01999,MG_187220,9.041423
MAG02000,MG_187252,21.822716
MAG02001,MG_187252,366.9354
MAG02002,MG_187252,27.456198
MAG02003,MG_187252,10.456883
MAG02004,MG_187377,892.8537
MAG02005,MG_187377,162.16829
MAG02006,MG_187405,68.10985
MAG02007,MG_187405,129.83655
MAG02008,MG_187405,306.73392
MAG02009,MG_187469,139.95628
MAG02010,MG_187469,68.50318
MAG02011,MG_187469,178.2663
MAG02012,MG_187469,70.0227
MAG02013,MG_187469,45.335773
MAG02014,MG_187469,55.48074
MAG02015,MG_187469,63.2581
MAG02016,MG_187757,68.79785
MAG02017,MG_187757,15.394778
MAG02018,MG_187757,7.610178
MAG02019,MG_187757,43.219746
MAG02020,MG_187757,14.928224
MAG02021,MG_187757,34.909767
MAG02022,MG_187757,13.437701
MAG02023,MG_187757,7.314191
MAG02024,MG_187757,194.6018
MAG02025,MG_187757,68.07661
MAG02026,MG_188156,829.84503
MAG02027,MG_188156,19.377214
MAG02028,MG_188156,24.691029
MAG02029,MG_188156,570.5926
MAG02030,MG_188249,35.691845
MAG02031,MG_188249,122.1975
MAG02032,MG_188297,178.79352
MAG02033,MG_188297,85.360115
MAG02034,MG_188297,57.645172
MAG02035,MG_188537,39.823593
MAG02036,MG_188537,17.027895
MAG02037,MG_188537,16.05026
MAG02038,MG_188537,115.31164
MAG02039,MG_188537,72.507965
MAG02040,MG_188537,24.133797
MAG02041,MG_188537,1238.0588
MAG02042,MG_188537,12.458876
MAG02043,MG_188537,58.740944
MAG02044,MG_188537,554.9751
MAG02045,MG_188537,10.734302
MAG02046,MG_188537,14.845683
MAG02047,MG_188537,785.9868
MAG02048,MG_188537,12.357458
MAG02049,MG_188537,192.70801
MAG02050,MG_188537,7.0316834
MAG02051,MG_188537,7.176535
MAG02052,MG_188537,39.278564
MAG02053,MG_188537,1176.9305
MAG02054,MG_188537,581.98676
MAG02055,MG_188537,52.75097
MAG02056,MG_188537,162.40161
MAG02057,MG_188537,140.41357
MAG02058,MG_188537,22.99063
MAG02059,MG_188613,77.84551
MAG02060,MG_188613,191.27603
MAG02061,MG_188613,120.329926
MAG02062,MG_188613,163.47789
MAG02063,MG_188613,85.873856
MAG02064,MG_188613,168.95691
MAG02065,MG_188613,37.485134
MAG02067,MG_1890RFLQV1,471.63943
MAG02068,MG_189407,738.7321
MAG02069,MG_189407,159.23788
MAG02070,MG_189407,119.08129
MAG02071,MG_189407,678.4341
MAG02072,MG_189407,64.20276
MAG02073,MG_189407,226.91737
MAG02074,MG_189407,721.586
MAG02075,MG_189407,130.80162
MAG02076,MG_189407,105.87313
MAG02077,MG_189407,439.53394
MAG02078,MG_189407,113.16392
MAG02079,MG_189534,46.43245
MAG02080,MG_189598,230.95488
MAG02081,MG_189598,622.63855
MAG02082,MG_189598,56.19355
MAG02083,MG_189598,67.677635
MAG02084,MG_189598,14.484503
MAG02085,MG_189598,10.750394
MAG02086,MG_189598,30.354937
MAG02087,MG_189598,195.06067
MAG02088,MG_189598,90.51578
MAG02089,MG_189598,20.989487
MAG02090,MG_189598,72.34273
MAG02091,MG_189598,53.88778
MAG02092,MG_189598,633.33856
MAG02093,MG_189598,261.47095
MAG02094,MG_189662,19.693714
MAG02095,MG_189662,66.1363
MAG02096,MG_189662,372.80566
MAG02097,MG_189662,297.83414
MAG02098,MG_189662,637.2478
MAG02099,MG_189662,161.07828
MAG02100,MG_189662,14.450869
MAG02101,MG_189662,348.10892
MAG02102,MG_189662,485.12024
MAG02103,MG_189662,68.65396
MAG02104,MG_189662,488.86917
MAG02105,MG_189662,90.79255
MAG02106,MG_189662,346.83112
MAG02107,MG_189662,64.96834
MAG02108,MG_189662,83.593094
MAG02109,MG_189662,130.07368
MAG02110,MG_189739,9.247045
MAG02111,MG_189739,23.699644
MAG02112,MG_189739,32.558647
MAG02113,MG_189739,26.734026
MAG02114,MG_189739,75.2643
MAG02115,MG_189739,40.20587
MAG02116,MG_189739,26.845438
MAG02117,MG_189739,9.10766
MAG02118,MG_189739,123.55941
MAG02119,MG_189739,17.629034
MAG02120,MG_189739,277.75247
MAG02121,MG_189739,9.181079
MAG02122,MG_189739,133.13423
MAG02123,MG_189739,26.644331
MAG02124,MG_189739,37.725857
MAG02125,MG_189739,8.353286
MAG02126,MG_189739,25.738525
MAG02127,MG_189739,95.98976
MAG02128,MG_189739,10.024543
MAG02129,MG_189739,41.97617
MAG02130,MG_189739,13.401622
MAG02131,MG_189739,30.575129
MAG02132,MG_189739,8.83778
MAG02133,MG_189760,11.796434
MAG02134,MG_189760,80.05133
MAG02135,MG_189760,8.452802
MAG02136,MG_189760,26.420656
MAG02137,MG_189760,13.306495
MAG02138,MG_189760,11.418851
MAG02139,MG_189771,16.396814
MAG02140,MG_189771,16.394838
MAG02141,MG_189771,41.55549
MAG02142,MG_189771,43.456833
MAG02143,MG_189771,188.24841
MAG02144,MG_189771,24.778511
MAG02145,MG_189771,10.665403
MAG02146,MG_189771,25.932869
MAG02147,MG_189771,56.678528
MAG02148,MG_189771,45.739307
MAG02149,MG_189771,19.425402
MAG02150,MG_189771,8.859211
MAG02151,MG_189771,11.897035
MAG02152,MG_189771,31.93153
MAG02153,MG_189771,9.24271
MAG02154,MG_189771,23.674137
MAG02155,MG_189771,25.747889
MAG02156,MG_189771,48.48383
MAG02157,MG_189771,22.249405
MAG02158,MG_189771,50.78173
MAG02159,MG_190344,443.0269
MAG02160,MG_190788,158.44815
MAG02161,MG_190788,981.49457
MAG02162,MG_190788,272.6252
MAG02163,MG_190852,260.4267
MAG02164,MG_190852,47.253315
MAG02165,MG_190852,420.11606
MAG02166,MG_190852,213.67635
MAG02167,MG_190852,12.112761
MAG02168,MG_191387,14.216056
MAG02169,MG_191387,8.469446
MAG02170,MG_191387,169.01163
MAG02171,MG_191387,7.6685886
MAG02172,MG_191387,11.756558
MAG02173,MG_191407,10.30996
MAG02174,MG_191407,22.745096
MAG02175,MG_191407,7.58608
MAG02176,MG_191407,15.67384
MAG02177,MG_191407,7.57184
MAG02178,MG_191407,159.69698
MAG02179,MG_191407,15.383017
MAG02180,MG_191407,60.170746
MAG02181,MG_191407,40.997032
MAG02182,MG_191407,9.728682
MAG02183,MG_191407,8.95193
MAG02184,MG_191407,26.73256
MAG02185,MG_191407,21.29012
MAG02186,MG_191407,30.191914
MAG02187,MG_191407,31.024704
MAG02188,MG_191407,7.1511893
MAG02189,MG_191407,5.911206
MAG02190,MG_191407,26.120821
MAG02191,MG_191407,8.529677
MAG02192,MG_191407,130.97209
MAG02193,MG_191407,10.7831
MAG02194,MG_191407,147.329
MAG02195,MG_191407,17.733887
MAG02196,MG_191407,8.78643
MAG02197,MG_191495,129.10522
MAG02198,MG_191495,8.286502
MAG02199,MG_191686,46.129784
MAG02200,MG_191686,17.914549
MAG02201,MG_191686,375.32922
MAG02202,MG_191686,18.382294
MAG02203,MG_191690,15.353154
MAG02204,MG_191690,266.91086
MAG02205,MG_191690,48.046574
MAG02206,MG_191690,18.88524
MAG02207,MG_191690,13.184938
MAG02208,MG_191690,6.3999853
MAG02209,MG_191734,132.02367
MAG02210,MG_191734,37.235096
MAG02211,MG_191734,10.465373
MAG02212,MG_191734,8.6326
MAG02213,MG_191734,11.195183
MAG02214,MG_1921RFLQV1,92.03892
MAG02215,MG_1921RFLQV1,90.23993
MAG02216,MG_1921RFLQV1,41.974995
MAG02217,MG_1921RFLQV1,243.5854
MAG02218,MG_1921RFLQV1,317.56998
MAG02219,MG_1921RFLQV1,49.80111
MAG02220,MG_1921RFLQV1,1401.7532
MAG02221,MG_1921RFLQV1,47.29364
MAG02222,MG_1921RFLQV1,17.735283
MAG02223,MG_192430,927.6531
MAG02224,MG_192484,8.937066
MAG02225,MG_192484,95.80763
MAG02226,MG_192484,8.746275
MAG02227,MG_192494,19.435087
MAG02228,MG_192494,40.748985
MAG02229,MG_192494,506.53232
MAG02230,MG_192494,17.378204
MAG02231,MG_192512,16.680481
MAG02232,MG_192512,11.93514
MAG02233,MG_192512,39.184082
MAG02234,MG_192540,19.820478
MAG02235,MG_192540,121.91005
MAG02236,MG_192540,8.991582
MAG02237,MG_192540,24.649658
MAG02238,MG_192540,22.92168
MAG02239,MG_192540,17.430397
MAG02240,MG_192558,18.534998
MAG02241,MG_192558,173.9524
MAG02242,MG_192622,257.9031
MAG02243,MG_192622,313.00473
MAG02244,MG_192622,36.691437
MAG02245,MG_192686,24.32246
MAG02246,MG_192686,541.5673
MAG02247,MG_193122b,15.3009405
MAG02248,MG_193122b,86.43374
MAG02249,MG_193170,19.703308
MAG02250,MG_193170,19.690779
MAG02251,MG_193170,542.38104
MAG02252,MG_193170,38.468845
MAG02253,MG_193494,21.809988
MAG02254,MG_193494,317.20764
MAG02255,MG_193518,7.50369
MAG02256,MG_193518,65.6287
MAG02257,MG_193537,31.563786
MAG02258,MG_193537,38.910854
MAG02259,MG_193537,710.54926
MAG02260,MG_193549,378.1334
MAG02261,MG_193549,12.484983
MAG02262,MG_193573_b,341.8476
MAG02263,MG_193573_b,6.446915
MAG02264,MG_193837b,8.467462
MAG02265,MG_193837b,185.23175
MAG02266,MG_193837b,58.204746
MAG02267,MG_193837b,13.280404
MAG02268,MG_193837b,23.886179
MAG02269,MG_193837b,439.82428
MAG02270,MG_193837b,383.232
MAG02271,MG_193837b,8.42604
MAG02272,MG_193866,13.031723
MAG02273,MG_193866,106.38752
MAG02274,MG_193866,15.690319
MAG02275,MG_193866,894.161
MAG02276,MG_193866,1463.2437
MAG02277,MG_193866,164.0271
MAG02278,MG_193884,93.878296
MAG02279,MG_193884,143.31671
MAG02280,MG_193884,206.2841
MAG02281,MG_193930,872.1157
MAG02282,MG_193930,37.826435
MAG02283,MG_193930,33.66539
MAG02284,MG_193930,2201.5398
MAG02285,MG_193930,3114.83
MAG02286,MG_193930,17.96561
MAG02287,MG_193970,45.38213
MAG02288,MG_193970,117.96032
MAG02289,MG_193970,54.618332
MAG02290,MG_194058,20.569605
MAG02291,MG_194058,27.359371
MAG02292,MG_194058,308.40756
MAG02293,MG_194122,71.01353
MAG02294,MG_194122,2139.7817
MAG02295,MG_194122,41.624958
MAG02296,MG_194122,74.93493
MAG02297,MG_194227,2190.2217
MAG02298,MG_194255,19.268967
MAG02299,MG_194255,43.313858
MAG02300,MG_194255,1420.968
MAG02301,MG_194275,896.33276
MAG02302,MG_194275,176.00545
MAG02303,MG_194714,19.097416
MAG02304,MG_194714,42.61444
MAG02305,MG_194714,264.37262
MAG02306,MG_194714,234.08136
MAG02307,MG_194714,115.81865
MAG02308,MG_194714,174.31508
MAG02309,MG_194714,235.08427
MAG02310,MG_194714,9.6113825
MAG02311,MG_194714,837.9348
MAG02312,MG_194714,18.3554
MAG02313,MG_194714,193.51744
MAG02314,MG_194714,11.178452
MAG02315,MG_194714,114.553734
MAG02316,MG_194714,13.631302
MAG02317,MG_194714,64.35429
MAG02318,MG_194714,8.92563
MAG02319,MG_194714,27.581696
MAG02320,MG_194714,195.17223
MAG02321,MG_194714,897.78534
MAG02322,MG_194714,37.63605
MAG02323,MG_194714,8.011023
MAG02324,MG_194714,151.44533
MAG02325,MG_194714,58.782
MAG02326,MG_194714,68.94111
MAG02327,MG_194714,8.646067
MAG02328,MG_194714,12.642602
MAG02329,MG_194714,227.18285
MAG02330,MG_194735b,37.874664
MAG02331,MG_194735b,1471.1614
MAG02332,MG_194735b,19.117538
MAG02333,MG_194735b,214.52318
MAG02334,MG_194735b,558.02295
MAG02335,MG_194735b,197.18378
MAG02336,MG_194735b,93.19625
MAG02337,MG_194735b,34.197403
MAG02338,MG_194735b,22.135529
MAG02339,MG_194735b,7.3148026
MAG02340,MG_194735b,17.174084
MAG02341,MG_194735b,21.352415
MAG02342,MG_194735b,13.205053
MAG02343,MG_194735b,88.924736
MAG02344,MG_194735b,14.950877
MAG02345,MG_194735b,22.51499
MAG02346,MG_194735b,51.11663
MAG02347,MG_194735b,81.874886
MAG02348,MG_194735b,359.97852
MAG02349,MG_194735b,511.06476
MAG02350,MG_194735b,7.438866
MAG02351,MG_194735b,11.687812
MAG02352,MG_194735b,5.8088284
MAG02353,MG_194735b,45.330112
MAG02354,MG_194735b,82.6588
MAG02355,MG_194758,114.7411
MAG02356,MG_194758,53.791332
MAG02357,MG_194758,108.1471
MAG02358,MG_194758,18.046234
MAG02359,MG_194758,51.455215
MAG02360,MG_194758,156.5441
MAG02361,MG_194758,28.949669
MAG02362,MG_194758,152.53998
MAG02363,MG_194758,193.53575
MAG02364,MG_194758,81.154884
MAG02365,MG_194758,18.846107
MAG02366,MG_194758,21.964281
MAG02367,MG_194758,136.90558
MAG02368,MG_194758,19.130629
MAG02369,MG_194758,21.21715
MAG02370,MG_194758,34.732723
MAG02371,MG_194758,137.32953
MAG02372,MG_194758,8.043857
MAG02373,MG_194758,26.899252
MAG02374,MG_194758,519.15106
MAG02375,MG_194758,12.563912
MAG02376,MG_194758,243.43695
MAG02377,MG_194758,567.5939
MAG02378,MG_194758,439.19196
MAG02379,MG_194758,29.865982
MAG02380,MG_194945,45.648182
MAG02381,MG_194993,15.225352
MAG02382,MG_194993,326.56448
MAG02383,MG_195290,263.1071
MAG02384,MG_195374,25.40797
MAG02385,MG_195374,49.80427
MAG02386,MG_195374,33.846935
MAG02387,MG_195430,19.91216
MAG02388,MG_195430,9.814188
MAG02389,MG_195430,122.37862
MAG02390,MG_195430,21.3261
MAG02391,MG_195566,56.967545
MAG02392,MG_195672,46.277813
MAG02393,MG_195672,12.1853
MAG02394,MG_195672,40.02669
MAG02395,MG_195672,17.229149
MAG02396,MG_195672,219.38194
MAG02397,MG_195672,22.885117
MAG02398,MG_195672,111.52035
MAG02399,MG_195672,6.902947
MAG02400,MG_195672,459.54742
MAG02401,MG_195672,217.89572
MAG02402,MG_195672,151.84096
MAG02403,MG_195672,31.175972
MAG02404,MG_195672,10.119769
MAG02405,MG_195672,8.650784
MAG02406,MG_195672,14.632991
MAG02407,MG_195672,100.342125
MAG02408,MG_195672,143.8871
MAG02409,MG_195672,61.323906
MAG02410,MG_195672,16.24654
MAG02411,MG_195711,170.59698
MAG02412,MG_195711,15.852116
MAG02413,MG_195711,149.8743
MAG02414,MG_195711,7.9744105
MAG02415,MG_195711,12.804513
MAG02416,MG_195711,44.53671
MAG02417,MG_195711,17.455902
MAG02418,MG_195711,89.6194
MAG02419,MG_195711,15.978859
MAG02420,MG_195711,6.57358
MAG02421,MG_195739,30.04771
MAG02422,MG_195739,84.62829
MAG02423,MG_195739,163.49959
MAG02424,MG_195739,210.62178
MAG02425,MG_195739,144.96353
MAG02426,MG_195739,55.489372
MAG02427,MG_195739,16.479305
MAG02428,MG_195739,716.9085
MAG02429,MG_195739,958.2844
MAG02430,MG_195739,38.49765
MAG02431,MG_195739,8.317195
MAG02432,MG_195739,12.642397
MAG02433,MG_195739,39.055065
MAG02434,MG_195739,8.253465
MAG02435,MG_195739,356.39435
MAG02436,MG_195739,119.5026
MAG02437,MG_195739,20.02181
MAG02438,MG_195739,47.37417
MAG02439,MG_195739,56.901665
MAG02440,MG_195739,136.1813
MAG02441,MG_195767,10.00045
MAG02442,MG_195767,18.243444
MAG02443,MG_195767,724.1862
MAG02444,MG_195767,205.08163
MAG02445,MG_195767,94.44717
MAG02446,MG_195767,93.03488
MAG02447,MG_195767,42.321175
MAG02448,MG_195767,31.014486
MAG02449,MG_195767,11.745271
MAG02450,MG_195767,46.33746
MAG02451,MG_195767,18.111753
MAG02452,MG_195767,7.6724606
MAG02453,MG_195767,383.18478
MAG02454,MG_195767,31.42397
MAG02455,MG_195767,7.641431
MAG02456,MG_195767,6.5378103
MAG02457,MG_195767,52.078236
MAG02458,MG_195767,155.16556
MAG02459,MG_195767,170.10097
MAG02460,MG_195767,23.985605
MAG02461,MG_195767,17.545212
MAG02462,MG_195767,10.499645
MAG02463,MG_195767,14.961379
MAG02464,MG_195843,23.614553
MAG02465,MG_195843,111.892624
MAG02466,MG_195891,32.112507
MAG02467,MG_195891,255.08879
MAG02468,MG_195891,198.10864
MAG02469,MG_195891,205.99591
MAG02470,MG_195891,38.05534
MAG02471,MG_195939,18.436922
MAG02472,MG_195939,105.671814
MAG02473,MG_195939,362.9835
MAG02474,MG_195939,51.696434
MAG02475,MG_195939,10.348954
MAG02476,MG_195939,25.99361
MAG02477,MG_195939,80.67726
MAG02478,MG_195939,43.108505
MAG02479,MG_196356,18.79853
MAG02480,MG_196356,72.93457
MAG02481,MG_196356,12.870118
MAG02482,MG_196356,10.351023
MAG02483,MG_196356,15.004834
MAG02484,MG_196356,26.745949
MAG02485,MG_196356,33.81575
MAG02486,MG_196356,22.82102
MAG02487,MG_196356,26.804594
MAG02488,MG_196356,14.227587
MAG02489,MG_196356,8.825502
MAG02490,MG_196356,10.668207
MAG02491,MG_196356,19.421093
MAG02492,MG_196356,37.338593
MAG02493,MG_196356,11.751142
MAG02494,MG_196356,53.859276
MAG02495,MG_196356,145.11076
MAG02496,MG_196356,5.2209854
MAG02497,MG_196356,91.47346
MAG02498,MG_196356,58.42808
MAG02499,MG_196356,8.86659
MAG02500,MG_196356,188.8206
MAG02501,MG_196356,23.84536
MAG02502,MG_196356,83.61724
MAG02503,MG_196356,12.924534
MAG02504,MG_196401,286.7415
MAG02505,MG_196401,45.88644
MAG02506,MG_196401,20.5504
MAG02507,MG_196401,86.60579
MAG02508,MG_196401,212.83151
MAG02509,MG_196401,26.208548
MAG02510,MG_196401,123.425575
MAG02511,MG_196401,112.2554
MAG02512,MG_196401,1011.31506
MAG02513,MG_196401,972.3687
MAG02514,MG_196401,190.75227
MAG02515,MG_197067,8.992229
MAG02516,MG_197067,10.653088
MAG02517,MG_197067,68.30036
MAG02518,MG_197067,497.95032
MAG02519,MG_197067,7.529671
MAG02520,MG_197067,14.19186
MAG02521,MG_197067,10.840918
MAG02522,MG_197067,45.07581
MAG02523,MG_197067,10.59563
MAG02524,MG_197067,29.596502
MAG02525,MG_197067,14.821228
MAG02526,MG_197067,69.85749
MAG02527,MG_197067,27.265875
MAG02528,MG_197078,20.947653
MAG02529,MG_197078,11.19743
MAG02530,MG_197078,7.4182734
MAG02531,MG_197078,111.44228
MAG02532,MG_197078,14.008811
MAG02533,MG_197078,31.653671
MAG02534,MG_197078,362.32938
MAG02535,MG_197078,175.13326
MAG02536,MG_197078,16.438553
MAG02537,MG_197078,138.29376
MAG02538,MG_197078,6.955259
MAG02539,MG_197078,44.80312
MAG02540,MG_197078,27.62389
MAG02541,MG_197078,41.57286
MAG02542,MG_197078,60.565273
MAG02543,MG_197078,47.79613
MAG02544,MG_197099,10.446384
MAG02545,MG_197099,13.081678
MAG02546,MG_197099,65.978806
MAG02547,MG_198165,22.022001
MAG02548,MG_198165,58.792255
MAG02549,MG_198165,90.47447
MAG02550,MG_198165,23.741283
MAG02551,MG_198165,20.021301
MAG02552,MG_198165,21.582052
MAG02553,MG_198165,89.974464
MAG02554,MG_198165,16.189789
MAG02555,MG_198165,68.223045
MAG02556,MG_198203,89.75254
MAG02557,MG_198203,216.02615
MAG02558,MG_198203,258.62744
MAG02559,MG_198203,26.41379
MAG02560,MG_198203,109.45374
MAG02561,MG_198203,91.658905
MAG02562,MG_198203,333.63904
MAG02563,MG_198203,230.14743
MAG02564,MG_198203,174.5157
MAG02565,MG_198203,70.45953
MAG02566,MG_198203,62.743607
MAG02567,MG_198203,54.030224
MAG02568,MG_198203,61.175556
MAG02569,MG_198203,84.69829
MAG02570,MG_198203,717.9587
MAG02571,MG_198203,45.370968
MAG02572,MG_198203,64.08366
MAG02573,MG_198203,129.27255
MAG02574,MG_198203,58.10275
MAG02575,MG_198203,96.94184
MAG02576,MG_198203,125.278786
MAG02577,MG_198223,67.743034
MAG02578,MG_198223,94.43767
MAG02579,MG_198223,345.27423
MAG02580,MG_198223,46.7719
MAG02581,MG_198223,54.217495
MAG02582,MG_198223,37.26352
MAG02583,MG_198223,28.80981
MAG02584,MG_198223,227.03317
MAG02585,MG_198223,93.5342
MAG02586,MG_198223,196.76399
MAG02587,MG_198237,82.01971
MAG02588,MG_198279,569.8118
MAG02589,MG_198279,67.87877
MAG02590,MG_198279,37.171566
MAG02591,MG_198279,713.8966
MAG02592,MG_198279,55.09836
MAG02593,MG_198279,41.142593
MAG02594,MG_198279,63.058056
MAG02595,MG_198279,274.49472
MAG02596,MG_198279,63.565624
MAG02597,MG_198279,51.012466
MAG02598,MG_198301,100.129135
MAG02599,MG_198301,23.615843
MAG02600,MG_198301,45.691288
MAG02601,MG_198301,54.74012
MAG02602,MG_198301,46.809826
MAG02603,MG_198301,66.49044
MAG02604,MG_198301,66.28256
MAG02605,MG_198301,25.848644
MAG02606,MG_198301,15.786491
MAG02607,MG_198301,749.63367
MAG02608,MG_198301,11.652143
MAG02609,MG_198301,20.619936
MAG02610,MG_198301,31.13112
MAG02611,MG_198301,182.88077
MAG02612,MG_198301,198.52965
MAG02613,MG_198301,50.69403
MAG02614,MG_198301,152.90758
MAG02615,MG_198301,119.31144
MAG02616,MG_198301,21.856014
MAG02617,MG_198301,231.79144
MAG02618,MG_198301,95.8915
MAG02619,MG_198301,1586.2715
MAG02620,MG_198301,42.770424
MAG02621,MG_198301,66.94149
MAG02622,MG_198301,947.3913
MAG02623,MG_198301,39.56093
MAG02624,MG_198301,88.65397
MAG02625,MG_198365,594.0394
MAG02626,MG_198365,124.666016
MAG02627,MG_198365,424.60342
MAG02628,MG_198365,2365.0754
MAG02629,MG_198365,1333.3345
MAG02630,MG_198437,240.98138
MAG02631,MG_199095,784.6757
MAG02632,MG_199147,60.763752
MAG02633,MG_199147,1845.6179
MAG02634,MG_199199,12.771627
MAG02635,MG_199199,9.535574
MAG02636,MG_199199,30.602613
MAG02637,MG_199199,13.374584
MAG02638,MG_199199,9.260499
MAG02639,MG_199199,28.495754
MAG02640,MG_199199,17.538242
MAG02641,MG_199199,15.864695
MAG02642,MG_199199,95.01188
MAG02643,MG_199199,128.16342
MAG02644,MG_199199,14.379359
MAG02645,MG_199199,22.085737
MAG02646,MG_199199,70.03492
MAG02647,MG_199199,25.63915
MAG02648,MG_199199,10.883828
MAG02649,MG_199199,9.554341
MAG02650,MG_199199,8.279392
MAG02651,MG_199199,7.760876
MAG02652,MG_199199,17.80241
MAG02653,MG_199199,52.22461
MAG02654,MG_199199,50.35346
MAG02655,MG_199199,9.214579
MAG02656,MG_199199,29.009491
MAG02657,MG_199199,47.547684
MAG02658,MG_199199,42.416225
MAG02659,MG_199199,25.407312
MAG02660,MG_199199,20.683285
MAG02661,MG_199199,7.523059
MAG02662,MG_199199,88.77372
MAG02663,MG_199199,94.85461
MAG02664,MG_199199,10.489372
MAG02665,MG_199199,6.830961
MAG02666,MG_199199,46.07719
MAG02667,MG_199199,76.807465
MAG02668,MG_199199,6.9639645
MAG02669,MG_199199,308.24692
MAG02670,MG_199199,5.989394
MAG02671,MG_199199,19.979692
MAG02672,MG_199199,171.07391
MAG02673,MG_199199,14.079553
MAG02674,MG_199199,60.21296
MAG02675,MG_199199,41.143215
MAG02676,MG_1992RFLQV1,297.2347
MAG02677,MG_199350,35.890537
MAG02678,MG_199350,39.354816
MAG02679,MG_199350,271.77725
MAG02680,MG_199350,150.01308
MAG02681,MG_199350,6.9856734
MAG02682,MG_199350,10.215728
MAG02683,MG_199350,56.48484
MAG02684,MG_199350,16.589174
MAG02685,MG_199350,116.24326
MAG02686,MG_199350,1545.9408
MAG02687,MG_199350,8.124988
MAG02688,MG_199350,26.378128
MAG02689,MG_199350,63.211906
MAG02690,MG_199350,11.206799
MAG02691,MG_199350,186.87941
MAG02692,MG_199350,20.933304
MAG02693,MG_199350,42.36477
MAG02694,MG_199350,27.253496
MAG02695,MG_199350,608.6008
MAG02696,MG_199350,212.0569
MAG02697,MG_199350,32.914974
MAG02698,MG_199350,44.64759
MAG02699,MG_199350,207.00127
MAG02700,MG_199350,150.32565
MAG02701,MG_199350,8.288547
MAG02702,MG_199350,17.333202
MAG02703,MG_199350,87.28452
MAG02704,MG_199350,14.282937
MAG02705,MG_199350,22.490334
MAG02706,MG_199350,664.5405
MAG02707,MG_199358,75.3155
MAG02708,MG_199358,1243.2954
MAG02709,MG_199358,100.39533
MAG02710,MG_199358,225.95155
MAG02711,MG_199358,32.473114
MAG02712,MG_199358,70.59768
MAG02713,MG_199358,9.130505
MAG02714,MG_199358,10.337835
MAG02715,MG_199358,112.69169
MAG02716,MG_199358,3067.1003
MAG02717,MG_199358,34.236755
MAG02718,MG_199358,15.7618
MAG02719,MG_199358,16.766119
MAG02720,MG_199358,74.25336
MAG02721,MG_199358,7.6571593
MAG02724,MG_199414,142.0507
MAG02725,MG_199414,36.87636
MAG02726,MG_199414,13.268336
MAG02727,MG_199414,201.41072
MAG02728,MG_199414,39.34924
MAG02729,MG_199414,117.193634
MAG02730,MG_199414,352.9051
MAG02731,MG_199414,1656.4945
MAG02732,MG_199414,199.32513
MAG02733,MG_199414,346.78293
MAG02734,MG_199414,621.0729
MAG02735,MG_199414,13.787748
MAG02736,MG_199414,175.97484
MAG02737,MG_199414,58.98342
MAG02738,MG_199414,12.651714
MAG02739,MG_199414,598.3571
MAG02740,MG_199414,23.388252
MAG02741,MG_199414,72.37968
MAG02742,MG_199414,17.268711
MAG02743,MG_199414,29.011478
MAG02744,MG_199414,52.561462
MAG02745,MG_199414,38.473015
MAG02746,MG_199414,10.936438
MAG02747,MG_199723,15.895905
MAG02748,MG_199723,21.712517
MAG02749,MG_199723,99.692024
MAG02750,MG_199723,92.425026
MAG02751,MG_199743,31.223442
MAG02752,MG_199743,265.43472
MAG02753,MG_199743,46.996338
MAG02754,MG_199767b,8.049785
MAG02755,MG_199767b,12.225651
MAG02756,MG_199767b,29.464994
MAG02757,MG_199767b,159.17696
MAG02758,MG_200714,283.7246
MAG02759,MG_200714,25.594006
MAG02760,MG_200766,19.353434
MAG02761,MG_200766,386.3283
MAG02762,MG_200766,113.94726
MAG02763,MG_200766,20.144508
MAG02764,MG_200771,16.145126
MAG02765,MG_200771,10.086531
MAG02766,MG_200771,70.43925
MAG02767,MG_200771,10.401395
MAG02768,MG_2009001159,383.23706
MAG02769,MG_2009001209,14.421419
MAG02770,MG_2009001209,114.41281
MAG02771,MG_2009001269,8.644086
MAG02772,MG_2009001269,22.787773
MAG02773,MG_2009001269,332.1605
MAG02774,MG_2009001309,304.03632
MAG02775,MG_2009001309,26.60436
MAG02776,MG_2009001309,9.275993
MAG02777,MG_2009001379,63.070103
MAG02778,MG_2009001379,6.56488
MAG02779,MG_2009001379,8.3556795
MAG02780,MG_200930,1610.1747
MAG02781,MG_200930,48.66041
MAG02782,MG_200930,484.2405
MAG02783,MG_200942,349.94287
MAG02784,MG_200942,29.963684
MAG02785,MG_200942,20.938993
MAG02786,MG_200942,18.25886
MAG02787,MG_200942,950.3256
MAG02788,MG_200942,25.710081
MAG02789,MG_200942,18.652447
MAG02790,MG_200942,43.774952
MAG02791,MG_200942,9.943035
MAG02792,MG_200942,22.37036
MAG02793,MG_200942,80.55267
MAG02794,MG_200942,11.048945
MAG02795,MG_200942,77.71866
MAG02796,MG_200942,17.71089
MAG02797,MG_200942,71.3016
MAG02798,MG_200942,20.711893
MAG02799,MG_200942,19.814068
MAG02800,MG_200942,243.2446
MAG02801,MG_200942,46.194008
MAG02802,MG_200966,23.870865
MAG02803,MG_200966,1569.7865
MAG02804,MG_200966,552.9889
MAG02805,MG_200966,20.898993
MAG02806,MG_202050,699.9161
MAG02807,MG_202050,8.883047
MAG02808,MG_202050,9.140601
MAG02809,MG_202050,37.059155
MAG02810,MG_202050,53.077183
MAG02811,MG_202050,15.95206
MAG02812,MG_202050,23.13267
MAG02813,MG_202050,12.983709
MAG02814,MG_202050,115.6406
MAG02815,MG_202050,55.439888
MAG02816,MG_202050,63.340782
MAG02817,MG_202098,33.80641
MAG02818,MG_202098,17.699345
MAG02819,MG_202098,181.16737
MAG02820,MG_202098,365.32278
MAG02821,MG_202098,176.10806
MAG02822,MG_202098,179.7791
MAG02823,MG_202098,8.322527
MAG02824,MG_202098,130.20207
MAG02825,MG_202098,281.46292
MAG02826,MG_202098,1698.641
MAG02827,MG_202098,11.316691
MAG02828,MG_202098,71.34095
MAG02829,MG_202098,359.27338
MAG02830,MG_202098,14.761158
MAG02831,MG_202098,21.127443
MAG02832,MG_202098,10.045049
MAG02833,MG_202098,36.99751
MAG02834,MG_202098,99.88459
MAG02835,MG_202828,12.915845
MAG02836,MG_202828,339.58762
MAG02837,MG_202828,24.818874
MAG02838,MG_202852,21.600018
MAG02839,MG_202852,40.027096
MAG02840,MG_202852,97.389755
MAG02841,MG_202852,32.227787
MAG02842,MG_202852,11.212394
MAG02843,MG_202872,105.20868
MAG02844,MG_202872,20.71997
MAG02845,MG_203059,1414.799
MAG02846,MG_203059,148.74803
MAG02847,MG_203059,103.12036
MAG02848,MG_203059,178.54762
MAG02849,MG_203059,278.6171
MAG02850,MG_203059,300.23877
MAG02851,MG_203059,845.8395
MAG02852,MG_203059,2225.617
MAG02853,MG_203077,52.986088
MAG02854,MG_203077,138.11444
MAG02855,MG_203077,24.817068
MAG02856,MG_203077,30.273119
MAG02857,MG_203077,38.543068
MAG02858,MG_203077,121.30177
MAG02859,MG_203077,50.49158
MAG02860,MG_203077,52.90645
MAG02861,MG_203077,31.251133
MAG02862,MG_203077,12.1401615
MAG02863,MG_203077,7.9201264
MAG02864,MG_203077,88.98376
MAG02865,MG_203077,519.79645
MAG02866,MG_203077,21.19921
MAG02867,MG_203077,19.52405
MAG02868,MG_203077,15.23405
MAG02869,MG_203077,99.216736
MAG02870,MG_203077,757.7896
MAG02871,MG_203077,7.5696845
MAG02872,MG_203077,92.76335
MAG02873,MG_203077,37.821083
MAG02874,MG_203077,76.89991
MAG02875,MG_203077,30.140236
MAG02876,MG_203077,8.996659
MAG02877,MG_203101,127.57624
MAG02878,MG_203101,69.26222
MAG02879,MG_203101,8.521698
MAG02880,MG_203101,115.577675
MAG02881,MG_203101,32.069748
MAG02882,MG_203101,83.57544
MAG02883,MG_203101,19.52299
MAG02884,MG_203101,1406.4006
MAG02885,MG_203101,85.51699
MAG02886,MG_203101,6.266417
MAG02887,MG_203101,71.84152
MAG02888,MG_203101,14.874478
MAG02889,MG_203101,155.11076
MAG02890,MG_203101,64.22985
MAG02891,MG_203101,8.849607
MAG02892,MG_203101,23.314949
MAG02893,MG_203101,47.635517
MAG02894,MG_203101,54.233456
MAG02895,MG_203101,1054.6638
MAG02896,MG_203125,27.50139
MAG02897,MG_203125,105.78159
MAG02898,MG_203125,15.205435
MAG02899,MG_203125,43.993713
MAG02900,MG_203125,12.867848
MAG02901,MG_203125,22.875908
MAG02902,MG_203125,24.372755
MAG02903,MG_203125,15.537023
MAG02904,MG_203125,28.06297
MAG02905,MG_203125,261.74503
MAG02906,MG_203125,287.2813
MAG02907,MG_203125,50.121227
MAG02908,MG_203125,281.7935
MAG02909,MG_203125,48.1205
MAG02910,MG_203125,23.103645
MAG02911,MG_203125,29.326797
MAG02912,MG_203125,237.82954
MAG02913,MG_203125,59.01228
MAG02914,MG_203125,35.354294
MAG02915,MG_203125,39.481777
MAG02916,MG_203187,381.04474
MAG02917,MG_203187,251.6914
MAG02918,MG_203187,84.6652
MAG02919,MG_203187,82.24733
MAG02920,MG_203251,51.80336
MAG02921,MG_203251,1331.8313
MAG02922,MG_203251,47.542854
MAG02923,MG_203251,145.01064
MAG02924,MG_203251,195.00381
MAG02925,MG_203251,52.232185
MAG02926,MG_203251,25.859354
MAG02927,MG_203251,311.71112
MAG02928,MG_203251,10.237466
MAG02929,MG_203323,185.22374
MAG02930,MG_203323,139.85786
MAG02931,MG_203323,83.924835
MAG02932,MG_203323,176.25294
MAG02933,MG_203323,324.90543
MAG02934,MG_203323,2125.367
MAG02935,MG_203323,389.33014
MAG02936,MG_203323,473.93576
MAG02937,MG_203703,243.49545
MAG02938,MG_203751,26.962471
MAG02939,MG_203751,39.333416
MAG02940,MG_203751,56.748287
MAG02941,MG_203751,32.44083
MAG02942,MG_203751,32.154625
MAG02943,MG_205081,31.093077
MAG02944,MG_205081,8.321449
MAG02945,MG_205081,3722.554
MAG02946,MG_205081,35.973347
MAG02947,MG_205081,532.6585
MAG02948,MG_205081,8.389935
MAG02949,MG_205081,21.667234
MAG02950,MG_205081,35.697388
MAG02951,MG_205081,185.82057
MAG02952,MG_205081,64.068886
MAG02953,MG_205081,14.087141
MAG02954,MG_205081,56.506123
MAG02955,MG_205081,60.840843
MAG02956,MG_205081,60.719074
MAG02957,MG_205081,18.476963
MAG02958,MG_205081,41.144352
MAG02959,MG_205081,271.09073
MAG02960,MG_205081,373.1568
MAG02961,MG_205081,459.7827
MAG02962,MG_205117,68.4149
MAG02963,MG_205117,394.38693
MAG02964,MG_205117,32.649807
MAG02965,MG_205117,180.4328
MAG02966,MG_205117,40.218273
MAG02967,MG_205183,661.27747
MAG02968,MG_205183,37.805378
MAG02969,MG_205183,5.8722143
MAG02970,MG_205183,29.158392
MAG02971,MG_205183,84.10815
MAG02972,MG_205183,11.704092
MAG02973,MG_205183,29.670723
MAG02974,MG_205183,78.42297
MAG02975,MG_205183,8.235047
MAG02976,MG_205183,115.3174
MAG02977,MG_205183,76.82449
MAG02978,MG_205209,36.185783
MAG02979,MG_205209,35.887466
MAG02980,MG_205209,145.63121
MAG02981,MG_205209,342.97345
MAG02982,MG_205209,71.88884
MAG02983,MG_205209,201.91269
MAG02984,MG_205209,12.420566
MAG02985,MG_205209,204.46782
MAG02986,MG_205209,50.90732
MAG02987,MG_205209,43.331093
MAG02988,MG_205209,2061.9756
MAG02989,MG_205209,28.197283
MAG02990,MG_205223,78.14943
MAG02991,MG_205223,19.206457
MAG02992,MG_205223,595.81506
MAG02993,MG_205223,12.304738
MAG02994,MG_205223,105.90797
MAG02995,MG_205223,38.049915
MAG02996,MG_205223,52.306667
MAG02997,MG_205223,165.97061
MAG02998,MG_205223,27.269827
MAG02999,MG_205223,53.434093
MAG03000,MG_205223,9.42095
MAG03001,MG_205223,43.164845
MAG03002,MG_205243,27.568886
MAG03003,MG_205243,7.254784
MAG03004,MG_205243,5.424736
MAG03005,MG_205243,33.887733
MAG03006,MG_205243,24.581083
MAG03007,MG_205243,51.062675
MAG03008,MG_205243,398.3735
MAG03009,MG_205243,58.585346
MAG03010,MG_205243,11.855835
MAG03011,MG_205243,42.015503
MAG03012,MG_205243,8.327174
MAG03013,MG_205281,21.044785
MAG03014,MG_205281,77.45858
MAG03015,MG_205281,16.603207
MAG03016,MG_205281,13.126345
MAG03017,MG_205281,152.86644
MAG03018,MG_205281,44.628834
MAG03019,MG_205281,35.195755
MAG03020,MG_205281,23.925129
MAG03021,MG_205311,287.6131
MAG03022,MG_205311,29.578716
MAG03023,MG_205311,2729.436
MAG03024,MG_205311,963.87756
MAG03025,MG_205311,7.2266426
MAG03026,MG_205311,102.11899
MAG03027,MG_205311,8.644247
MAG03028,MG_205311,22.434618
MAG03029,MG_205311,8.465244
MAG03030,MG_205311,446.5029
MAG03031,MG_205311,35.73102
MAG03032,MG_205311,54.80824
MAG03033,MG_205311,46.192352
MAG03034,MG_205311,10.139616
MAG03035,MG_205311,260.14938
MAG03036,MG_205311,377.8912
MAG03037,MG_205311,97.76431
MAG03038,MG_205335,505.70358
MAG03039,MG_205335,2110.166
MAG03040,MG_205335,97.63312
MAG03041,MG_205335,404.76917
MAG03042,MG_205335,55.672497
MAG03043,MG_205335,56.182346
MAG03044,MG_205335,318.25742
MAG03045,MG_205335,101.756966
MAG03046,MG_205335,89.28005
MAG03047,MG_205335,88.51945
MAG03048,MG_205335,375.69653
MAG03049,MG_205337,291.55853
MAG03050,MG_205337,427.21274
MAG03051,MG_205337,391.82877
MAG03052,MG_205337,104.89618
MAG03053,MG_205337,119.3185
MAG03054,MG_205337,2995.792
MAG03055,MG_205337,59.031494
MAG03056,MG_205337,68.79832
MAG03057,MG_205337,153.87668
MAG03058,MG_205337,463.9348
MAG03059,MG_205337,587.42285
MAG03060,MG_205337,1071.9845
MAG03061,MG_205367,221.32285
MAG03062,MG_205367,462.87076
MAG03063,MG_205367,3266.3206
MAG03064,MG_205367,12.668882
MAG03065,MG_205367,79.20313
MAG03066,MG_205367,126.87591
MAG03067,MG_205367,135.84213
MAG03068,MG_205367,303.0735
MAG03069,MG_205367,682.746
MAG03070,MG_205367,43.793385
MAG03071,MG_205367,47.14167
MAG03072,MG_205367,509.43658
MAG03073,MG_205367,14.189222
MAG03074,MG_205367,15.833271
MAG03075,MG_205367,25.398085
MAG03076,MG_205763,53.204044
MAG03077,MG_205763,179.09537
MAG03078,MG_205763,42.25582
MAG03079,MG_205763,72.58953
MAG03080,MG_205763,140.01859
MAG03081,MG_205763,24.294163
MAG03082,MG_205763,13.358633
MAG03083,MG_205763,26.981625
MAG03084,MG_205763,35.83093
MAG03085,MG_205763,9.033249
MAG03086,MG_205763,28.838114
MAG03087,MG_205763,559.96686
MAG03088,MG_205763,94.76366
MAG03089,MG_205763,89.0746
MAG03090,MG_205763,853.0134
MAG03091,MG_205763,108.17621
MAG03092,MG_205763,148.6595
MAG03093,MG_205763,38.104805
MAG03094,MG_205763,31.02389
MAG03095,MG_205763,19.448877
MAG03096,MG_205763,1415.2877
MAG03097,MG_205763,51.0016
MAG03098,MG_205763,7.8825617
MAG03099,MG_205763,6.571772
MAG03100,MG_205763,16.269112
MAG03101,MG_205763,58.96182
MAG03102,MG_205763,8.04738
MAG03103,MG_205763,61.823822
MAG03104,MG_205763,20.624685
MAG03105,MG_205819,13.578555
MAG03106,MG_205819,20.856829
MAG03107,MG_205819,48.390182
MAG03108,MG_205819,73.53207
MAG03109,MG_205819,822.9991
MAG03110,MG_205819,24.894798
MAG03111,MG_205819,235.46915
MAG03112,MG_205819,40.774174
MAG03113,MG_205819,37.80871
MAG03114,MG_205819,75.13689
MAG03115,MG_205819,45.82265
MAG03116,MG_205819,2264.6887
MAG03117,MG_205819,54.79752
MAG03118,MG_205819,96.85294
MAG03119,MG_205819,148.66449
MAG03120,MG_205819,360.01297
MAG03121,MG_205819,13.206648
MAG03122,MG_205819,15.330191
MAG03123,MG_205819,24.602406
MAG03124,MG_205819,73.63738
MAG03125,MG_205819,17.312862
MAG03126,MG_205819,88.47987
MAG03127,MG_205819,19.114286
MAG03128,MG_205819,59.34972
MAG03129,MG_205819,29.915857
MAG03130,MG_205915,638.849
MAG03131,MG_205915,71.02513
MAG03132,MG_205915,242.6036
MAG03133,MG_205939,112.136665
MAG03134,MG_205939,257.8507
MAG03135,MG_205939,1601.319
MAG03136,MG_205939,72.687836
MAG03137,MG_205939,1022.52185
MAG03138,MG_205939,211.29137
MAG03139,MG_205939,56.674175
MAG03140,MG_206015,311.68497
MAG03141,MG_206015,146.83656
MAG03142,MG_206015,72.98808
MAG03143,MG_206015,267.75525
MAG03144,MG_206015,145.08812
MAG03145,MG_206015,212.68901
MAG03146,MG_206015,130.82028
MAG03147,MG_206015,118.67946
MAG03148,MG_206015,81.06383
MAG03149,MG_206015,87.32057
MAG03150,MG_206015,871.3929
MAG03151,MG_206737,491.44244
MAG03152,MG_206737,45.816105
MAG03153,MG_206737,75.84604
MAG03154,MG_206737,12.810489
MAG03155,MG_206737,175.1802
MAG03156,MG_206737,30.037739
MAG03157,MG_206737,13.810424
MAG03158,MG_206737,20.468132
MAG03159,MG_206737,56.967903
MAG03160,MG_206737,31.817064
MAG03161,MG_206737,281.21878
MAG03162,MG_206752,275.1865
MAG03163,MG_206752,85.52205
MAG03164,MG_206752,91.090614
MAG03165,MG_206752,40.00452
MAG03166,MG_206752,40.20412
MAG03167,MG_206752,167.01106
MAG03168,MG_206752,1601.42
MAG03169,MG_206752,95.52709
MAG03170,MG_206752,581.2889
MAG03171,MG_206752,48.89282
MAG03172,MG_206776,21.62719
MAG03173,MG_206776,40.891033
MAG03174,MG_206776,38.428913
MAG03175,MG_206776,23.225334
MAG03176,MG_206776,32.133144
MAG03177,MG_206776,14.889058
MAG03178,MG_206776,15.2703085
MAG03179,MG_206776,377.0922
MAG03180,MG_206776,133.81744
MAG03181,MG_206776,1404.8939
MAG03182,MG_206776,54.53899
MAG03183,MG_206776,30.796253
MAG03184,MG_206776,63.04999
MAG03185,MG_206776,27.201292
MAG03186,MG_206776,642.5015
MAG03187,MG_206776,25.88202
MAG03188,MG_206776,106.4842
MAG03189,MG_206776,16.598024
MAG03190,MG_206776,13.64859
MAG03191,MG_206786,687.239
MAG03192,MG_206786,638.50336
MAG03193,MG_206786,2398.3403
MAG03194,MG_206786,69.43132
MAG03195,MG_206786,62.373287
MAG03196,MG_206786,197.86159
MAG03197,MG_206830,87.486015
MAG03198,MG_206830,1282.1172
MAG03199,MG_206830,488.66574
MAG03200,MG_206830,660.82355
MAG03201,MG_206830,16.493586
MAG03202,MG_206830,247.67365
MAG03203,MG_206830,85.868004
MAG03204,MG_206830,30.260258
MAG03205,MG_206830,304.53607
MAG03206,MG_206830,252.55661
MAG03207,MG_206830,28.240755
MAG03208,MG_206830,65.52189
MAG03209,MG_206894,45.63616
MAG03210,MG_206894,1809.5173
MAG03211,MG_206894,110.257744
MAG03212,MG_206894,464.07098
MAG03213,MG_206894,64.97058
MAG03214,MG_206894,79.37274
MAG03215,MG_206894,172.77214
MAG03216,MG_206958,9.477468
MAG03217,MG_206958,66.47298
MAG03218,MG_206958,23.711422
MAG03219,MG_206958,439.21475
MAG03220,MG_206958,61.78003
MAG03221,MG_207030,1210.8934
MAG03222,MG_208096,11.9117985
MAG03223,MG_208096,284.39908
MAG03224,MG_208120,52.01437
MAG03225,MG_208120,1862.94
MAG03226,MG_208120,249.39531
MAG03227,MG_208144,37.39294
MAG03228,MG_208144,33.612385
MAG03229,MG_208144,42.18212
MAG03230,MG_208144,45.027485
MAG03231,MG_208144,13.349626
MAG03232,MG_208144,8.645117
MAG03233,MG_208144,38.952736
MAG03234,MG_208144,12.913257
MAG03235,MG_208144,11.022069
MAG03236,MG_208144,168.30655
MAG03237,MG_208144,17.670351
MAG03238,MG_208144,27.648108
MAG03239,MG_208144,97.380035
MAG03240,MG_208144,89.1053
MAG03241,MG_208168,16.752048
MAG03242,MG_208168,743.87476
MAG03243,MG_208168,265.38828
MAG03244,MG_208192,32.568558
MAG03245,MG_208192,452.8886
MAG03246,MG_208192,8.323125
MAG03247,MG_208442,8.785964
MAG03248,MG_208442,149.14604
MAG03249,MG_208465,190.89339
MAG03250,MG_208485,63.098316
MAG03251,MG_208485,40.604603
MAG03252,MG_208485,724.9537
MAG03253,MG_208485,21.472204
MAG03254,MG_208759,43.721542
MAG03255,MG_208759,16.301228
MAG03256,MG_208759,40.445076
MAG03257,MG_208806,135.85918
MAG03258,MG_208806,220.04205
MAG03259,MG_208806,25.577377
MAG03260,MG_208806,97.74974
MAG03261,MG_208806,20.964304
MAG03262,MG_208856,805.2372
MAG03263,MG_208920,67.64715
MAG03264,MG_208920,274.89047
MAG03265,MG_208920,158.04482
MAG03266,MG_208972,22.067749
MAG03267,MG_208972,70.594795
MAG03268,MG_208972,34.25938
MAG03269,MG_208972,66.90167
MAG03270,MG_208972,1470.5529
MAG03271,MG_208972,57.451645
MAG03272,MG_208972,110.76697
MAG03273,MG_209048,481.8391
MAG03274,MG_209048,133.42595
MAG03275,MG_209048,441.91266
MAG03276,MG_209048,239.34981
MAG03277,MG_209436,8.582835
MAG03278,MG_209436,87.135025
MAG03279,MG_209480,23.928228
MAG03280,MG_209480,100.47817
MAG03281,MG_209480,610.9414
MAG03282,MG_209873,26.24935
MAG03283,MG_209873,128.02371
MAG03284,MG_209873,9.406114
MAG03285,MG_209873,53.17982
MAG03286,MG_209873,206.33351
MAG03287,MG_209873,176.40219
MAG03288,MG_209873,43.273724
MAG03289,MG_209873,233.89606
MAG03290,MG_209873,401.9093
MAG03291,MG_209873,97.887276
MAG03292,MG_209873,87.47026
MAG03293,MG_209873,31.097334
MAG03294,MG_209873,85.466156
MAG03295,MG_209873,94.85871
MAG03296,MG_209873,334.11212
MAG03297,MG_209873,38.10889
MAG03298,MG_209873,411.5686
MAG03299,MG_209873,117.19814
MAG03300,MG_209873,12.963732
MAG03301,MG_209873,13.786288
MAG03302,MG_209873,107.845726
MAG03303,MG_209873,189.88492
MAG03304,MG_209873,16.549616
MAG03305,MG_209873,139.45045
MAG03306,MG_209873,50.095936
MAG03307,MG_209897,67.75338
MAG03308,MG_209897,93.53623
MAG03309,MG_209897,119.949066
MAG03310,MG_209897,322.82813
MAG03311,MG_209897,38.200848
MAG03312,MG_209897,126.704384
MAG03313,MG_209897,31.721457
MAG03314,MG_209897,8.714831
MAG03315,MG_209897,177.5987
MAG03316,MG_209897,493.055
MAG03317,MG_209897,31.241982
MAG03318,MG_209897,353.28098
MAG03319,MG_209897,98.91462
MAG03320,MG_209897,480.87823
MAG03321,MG_209897,29.552505
MAG03322,MG_209897,31.167099
MAG03323,MG_209897,1936.5686
MAG03324,MG_209897,23.084963
MAG03325,MG_209897,78.70224
MAG03326,MG_209897,87.027626
MAG03327,MG_209897,93.437935
MAG03328,MG_209897,45.62463
MAG03329,MG_209897,136.84882
MAG03330,MG_209897,39.205902
MAG03331,MG_209897,127.45496
MAG03332,MG_209897,24.350554
MAG03333,MG_209897,29.3521
MAG03334,MG_209897,379.1033
MAG03335,MG_209933,7.7496753
MAG03336,MG_209933,17.11349
MAG03337,MG_209933,89.149345
MAG03338,MG_209933,965.7239
MAG03339,MG_209933,63.854076
MAG03340,MG_209933,251.46051
MAG03341,MG_209933,22.542349
MAG03342,MG_209933,23.431568
MAG03343,MG_209933,11.508582
MAG03344,MG_209933,55.905212
MAG03345,MG_209933,391.7339
MAG03346,MG_209933,789.88745
MAG03347,MG_209933,83.566986
MAG03348,MG_20_00135_05,1224.3683
MAG03349,MG_20_00144_05,2957.736
MAG03350,MG_20_00145_05,128.41693
MAG03351,MG_20_00145_05,185.25433
MAG03352,MG_20_00182_05B,26.588943
MAG03353,MG_20_00182_05B,1146.6771
MAG03354,MG_20_00218_05,2545.7188
MAG03355,MG_20_00835_05,60.489346
MAG03356,MG_20_00835_05,247.77507
MAG03357,MG_20_00835_05,89.12079
MAG03358,MG_20_00835_05,35.502064
MAG03359,MG_20_00835_05,1664.4034
MAG03360,MG_20_00835_05,332.16296
MAG03361,MG_20_00835_05,35.479004
MAG03362,MG_20_00850_05,1216.3705
MAG03363,MG_20_00850_05,2508.6228
MAG03364,MG_20_00850_05,129.18121
MAG03365,MG_20_00857_05,2280.7053
MAG03366,MG_20_00860_05,35.845165
MAG03367,MG_20_00860_05,1899.6381
MAG03368,MG_20_00860_05,70.7041
MAG03369,MG_20_00880_05,2846.848
MAG03370,MG_20_00880_05,16.271214
MAG03371,MG_20_00889_05,256.76013
MAG03372,MG_20_00889_05,9.89489
MAG03373,MG_20_00889_05,98.26221
MAG03374,MG_20_00889_05,831.4664
MAG03375,MG_20_00889_05,18.212069
MAG03376,MG_20_00889_05,32.156265
MAG03377,MG_20_00889_05,496.8238
MAG03378,MG_20_00889_05,96.87967
MAG03379,MG_20_00889_05,20.008577
MAG03380,MG_20_00889_05,46.439533
MAG03381,MG_20_00891_05,537.6623
MAG03382,MG_20_00891_05,92.35427
MAG03383,MG_20_00897_05,1333.2731
MAG03384,MG_20_00905_05,207.4498
MAG03385,MG_20_00905_05,155.74146
MAG03386,MG_20_00905_05,709.7183
MAG03387,MG_20_00905_05,129.31068
MAG03388,MG_20_00905_05,88.35944
MAG03389,MG_20_00908_05,834.5735
MAG03390,MG_20_00911_05,52.68707
MAG03391,MG_20_00911_05,1073.4086
MAG03392,MG_20_00918_05,64.594734
MAG03393,MG_20_01129_05,212.3837
MAG03394,MG_20_01129_05,339.44186
MAG03395,MG_20_01134_05,283.87213
MAG03396,MG_20_01147_05,1116.088
MAG03397,MG_20_01149_05,265.1197
MAG03398,MG_20_01151_05,2947.6785
MAG03399,MG_20_01167_05,175.79399
MAG03400,MG_20_01167_05,152.21489
MAG03401,MG_20_01168_05,44.821663
MAG03402,MG_20_01168_05,133.23209
MAG03403,MG_20_01168_05,34.396027
MAG03404,MG_20_01168_05,62.7992
MAG03405,MG_20_01168_05,35.086178
MAG03406,MG_20_01168_05,830.6385
MAG03407,MG_20_01168_05,74.404015
MAG03408,MG_20_01168_05,11.715497
MAG03409,MG_20_01168_05,28.139372
MAG03410,MG_20_01175_05,226.03421
MAG03411,MG_20_01181_05,32.033096
MAG03412,MG_20_01181_05,5057.3296
MAG03413,MG_20_01962_05,308.61316
MAG03414,MG_20_02009_05,47.032116
MAG03415,MG_20_02044_05,46.019802
MAG03416,MG_20_02044_05,1546.187
MAG03417,MG_20_02044_05,23.79147
MAG03418,MG_20_02090_05,310.39334
MAG03419,MG_20_02090_05,185.98282
MAG03420,MG_20_02097_05,16.197575
MAG03421,MG_20_02097_05,23.011387
MAG03422,MG_20_02097_05,28.794487
MAG03423,MG_20_02097_05,288.24188
MAG03424,MG_20_02097_05,743.5395
MAG03425,MG_20_02097_05,145.14915
MAG03426,MG_20_02097_05,23.828981
MAG03427,MG_20_02097_05,261.3862
MAG03428,MG_20_02097_05,101.254425
MAG03429,MG_20_02213_05,1259.5798
MAG03430,MG_20_02213_05,403.23306
MAG03431,MG_20_02213_05,124.48755
MAG03432,MG_20_02219_05,18.901623
MAG03433,MG_20_02219_05,658.59985
MAG03434,MG_20_02219_05,62.695972
MAG03435,MG_20_02219_05,11.8301325
MAG03436,MG_20_02225_05,56.484245
MAG03437,MG_20_02225_05,1265.2971
MAG03438,MG_20_02249_05,3266.0315
MAG03439,MG_20_02251_05,1527.5216
MAG03440,MG_20_02283_05,790.0423
MAG03441,MG_20_02288_05,523.466
MAG03442,MG_20_02836_05,154.32632
MAG03443,MG_20_02836_05,188.14224
MAG03444,MG_20_02836_05,258.31723
MAG03445,MG_20_02836_05,1765.7987
MAG03446,MG_20_02836_05,430.3006
MAG03447,MG_20_02836_05,367.44528
MAG03448,MG_20_02836_05,123.74546
MAG03449,MG_20_02836_05,481.05917
MAG03450,MG_20_02836_05,140.42586
MAG03451,MG_20_02836_05,19.890724
MAG03452,MG_20_02836_05,37.33934
MAG03453,MG_20_02836_05,121.04184
MAG03454,MG_20_02836_05,2238.058
MAG03455,MG_20_02836_05,109.49968
MAG03456,MG_20_02836_05,171.10663
MAG03457,MG_20_02836_05,169.16672
MAG03458,MG_20_02843_05,1400.807
MAG03459,MG_20_02843_05,1438.7312
MAG03460,MG_20_02860_05,50.08678
MAG03461,MG_20_02863_05,104.62746
MAG03462,MG_20_02863_05,51.498222
MAG03463,MG_20_02863_05,2393.276
MAG03464,MG_20_02882_05,873.8858
MAG03465,MG_20_02886_05,52.275017
MAG03466,MG_20_02886_05,55.01144
MAG03467,MG_20_02886_05,1237.9473
MAG03468,MG_20_02909_05,3072.4995
MAG03469,MG_20_02916_05,322.10275
MAG03470,MG_20_02916_05,1047.8785
MAG03471,MG_20_02922_05,202.31853
MAG03472,MG_20_02944_05,31.192734
MAG03473,MG_20_02944_05,21.23057
MAG03474,MG_20_02944_05,49.26237
MAG03475,MG_20_02944_05,124.28536
MAG03476,MG_20_02944_05,1122.9646
MAG03477,MG_20_02944_05,85.12941
MAG03478,MG_20_02947_05,392.7365
MAG03479,MG_20_02947_05,22.04709
MAG03480,MG_20_02947_05,980.2008
MAG03481,MG_20_02950_05,828.08685
MAG03482,MG_20_02981_05,39.928745
MAG03483,MG_20_02981_05,43.599335
MAG03484,MG_20_02981_05,25.95897
MAG03485,MG_20_02981_05,123.08229
MAG03486,MG_20_02981_05,39.50104
MAG03487,MG_20_02981_05,29.72089
MAG03488,MG_20_02981_05,847.4094
MAG03489,MG_20_02985_05,351.01862
MAG03490,MG_20_02985_05,1296.2351
MAG03491,MG_20_02992_05,429.30594
MAG03492,MG_20_02992_05,10.456416
MAG03493,MG_20_02992_05,18.865824
MAG03494,MG_20_03024_05,164.79471
MAG03495,MG_20_03024_05,76.67388
MAG03496,MG_20_03024_05,282.67056
MAG03497,MG_20_03216_05,413.0052
MAG03498,MG_20_03231_05,86.10375
MAG03499,MG_20_03231_05,35.097305
MAG03500,MG_20_03235_05,41.195503
MAG03501,MG_20_03235_05,223.61943
MAG03502,MG_20_03235_05,715.3256
MAG03503,MG_20_03315_05,43.52718
MAG03504,MG_20_03315_05,769.3971
MAG03505,MG_20_03315_05,307.16296
MAG03506,MG_20_03329_05,818.7924
MAG03507,MG_20_03344_05,51.860584
MAG03508,MG_20_03344_05,1573.8931
MAG03509,MG_20_03344_05,41.514614
MAG03511,MG_20_03395_05,890.96643
MAG03512,MG_20_20057_05B,11.757445
MAG03513,MG_20_20057_05B,658.3793
MAG03514,MG_20_20057_05B,107.441475
MAG03515,MG_20_20057_05B,26.151628
MAG03516,MG_20_20057_05B,618.60144
MAG03517,MG_20_20061_05,26.313726
MAG03518,MG_20_20061_05,87.209335
MAG03519,MG_20_20061_05,82.963936
MAG03520,MG_20_20061_05,21.794239
MAG03521,MG_20_20061_05,68.82426
MAG03522,MG_20_20061_05,38.47304
MAG03523,MG_20_20061_05,29.875925
MAG03524,MG_20_20061_05,338.20816
MAG03525,MG_20_20061_05,203.1263
MAG03526,MG_20_20114_05,88.59694
MAG03527,MG_20_20114_05,109.51947
MAG03528,MG_20_20114_05,945.6838
MAG03529,MG_20_20133_05,1653.951
MAG03530,MG_20_20583_05,177.73534
MAG03531,MG_20_20626_05,32.80883
MAG03532,MG_20_20626_05,50.09732
MAG03533,MG_20_20626_05,1155.5159
MAG03534,MG_20_20651_05,262.55447
MAG03535,MG_20_20668_05,427.80835
MAG03536,MG_20_20668_05,270.65482
MAG03537,MG_20_20668_05,15.137276
MAG03538,MG_20_20670_05,1819.3876
MAG03539,MG_20_20671_05,18.673716
MAG03540,MG_20_20671_05,588.8751
MAG03541,MG_20_20681_05,126.1319
MAG03542,MG_20_21179_05,85.15679
MAG03543,MG_20_21179_05,2335.5535
MAG03544,MG_20_21193_05,393.06207
MAG03545,MG_20_21193_05,12.138677
MAG03546,MG_20_21221_05,273.6134
MAG03547,MG_20_21249_05,576.9875
MAG03550,MG_20_21458_05,164.16145
MAG03551,MG_20_21469_05,16.600693
MAG03552,MG_20_21469_05,331.26355
MAG03553,MG_20_21496_05,476.80798
MAG03554,MG_20_21528_05,598.7223
MAG03555,MG_20_21536_05,514.88354
MAG03556,MG_20_21536_05,30.217237
MAG03557,MG_20_21552_05,87.12921
MAG03558,MG_20_21568_05,78.18674
MAG03559,MG_20_21569_05,57.155315
MAG03560,MG_20_21569_05,96.997
MAG03561,MG_20_21569_05,767.8187
MAG03562,MG_20_21652_05,24.432032
MAG03563,MG_20_21652_05,113.86236
MAG03564,MG_20_21652_05,23.63754
MAG03565,MG_20_21652_05,52.5623
MAG03566,MG_20_21652_05,17.04384
MAG03567,MG_20_21652_05,46.420616
MAG03568,MG_20_21652_05,9.418026
MAG03569,MG_20_21704_05,152.2735
MAG03570,MG_20_21704_05,1280.6373
MAG03571,MG_20_21704_05,725.86053
MAG03572,MG_20_22432_05,40.170147
MAG03573,MG_20_22432_05,28.372404
MAG03574,MG_20_22432_05,117.572044
MAG03575,MG_20_22432_05,22.851307
MAG03576,MG_20_22432_05,65.98505
MAG03577,MG_20_22432_05,22.67474
MAG03578,MG_20_22432_05,129.1448
MAG03579,MG_20_22432_05,175.36334
MAG03580,MG_20_22432_05,102.170654
MAG03581,MG_20_22432_05,44.64165
MAG03582,MG_20_22461_05,292.69147
MAG03583,MG_20_22461_05,273.78036
MAG03584,MG_20_22498_05,77.5392
MAG03585,MG_20_22498_05,4156.8066
MAG03586,MG_20_22636_05,386.04907
MAG03587,MG_20_22636_05,67.62262
MAG03588,MG_20_22636_05,9.871348
MAG03589,MG_20_22645_05,45.245304
MAG03590,MG_20_22645_05,813.3728
MAG03591,MG_20_22645_05,41.14382
MAG03592,MG_20_22645_05,17.291403
MAG03593,MG_20_22645_05,43.361763
MAG03594,MG_20_22647_05,16.673193
MAG03595,MG_20_22647_05,245.19041
MAG03596,MG_20_22647_05,640.99567
MAG03597,MG_20_22726_05,803.40247
MAG03598,MG_20_22726_05,313.889
MAG03599,MG_20_22726_05,26.65632
MAG03600,MG_20_22745_05,115.38442
MAG03601,MG_20_22745_05,13.32872
MAG03602,MG_20_22745_05,30.986864
MAG03603,MG_20_22745_05,18.186516
MAG03604,MG_20_22745_05,98.65871
MAG03605,MG_20_22745_05,37.233105
MAG03606,MG_20_22745_05,91.30912
MAG03607,MG_20_22745_05,490.5026
MAG03608,MG_20_22745_05,406.64523
MAG03609,MG_20_22752_05,228.45464
MAG03610,MG_20_22792_05,849.158
MAG03611,MG_20_22795_05,596.3823
MAG03612,MG_20_22796_05,1299.0637
MAG03613,MG_20_22796_05,111.05073
MAG03614,MG_20_23527_05,650.99
MAG03615,MG_20_23527_05,247.72029
MAG03616,MG_20_23527_05,68.42268
MAG03617,MG_20_24069_05,190.96556
MAG03618,MG_20_24077_05,299.21118
MAG03619,MG_20_24077_05,528.63477
MAG03620,MG_20_24098_05,45.175354
MAG03621,MG_20_24098_05,180.11798
MAG03622,MG_20_24098_05,52.361683
MAG03623,MG_20_24174_05,310.765
MAG03624,MG_20_24174_05,47.37217
MAG03625,MG_20_24174_05,9.229843
MAG03626,MG_20_24187_05,92.30521
MAG03627,MG_20_24190_05,45.83869
MAG03628,MG_20_24190_05,160.76642
MAG03629,MG_20_24190_05,54.220985
MAG03630,MG_20_24190_05,62.206017
MAG03631,MG_20_24190_05,22.559484
MAG03632,MG_20_24195_05,63.364918
MAG03633,MG_20_24195_05,168.43982
MAG03634,MG_20_24195_05,26.934116
MAG03635,MG_20_24195_05,63.374958
MAG03636,MG_20_24195_05,368.6006
MAG03637,MG_20_24195_05,96.824104
MAG03638,MG_20_24195_05,249.40733
MAG03639,MG_20_24196_05,67.081276
MAG03640,MG_20_24196_05,522.35864
MAG03641,MG_20_24196_05,74.12231
MAG03642,MG_20_24213_05,935.34894
MAG03643,MG_20_24937_05,84.50961
MAG03644,MG_20_24937_05,1205.8896
MAG03645,MG_20_25060_05,104.098
MAG03646,MG_20_25060_05,373.0956
MAG03647,MG_20_25060_05,412.9248
MAG03648,MG_20_25060_05,29.07494
MAG03649,MG_20_25067_05,43.115814
MAG03650,MG_20_25067_05,710.1603
MAG03651,MG_20_25067_05,149.82715
MAG03652,MG_20_25076_05,49.025997
MAG03653,MG_20_25076_05,349.36945
MAG03654,MG_20_25123_05,269.46335
MAG03655,MG_20_25344_05,53.043
MAG03656,MG_20_25344_05,42.25223
MAG03657,MG_20_25344_05,908.32855
MAG03658,MG_20_25344_05,47.8954
MAG03659,MG_20_25344_05,215.6108
MAG03660,MG_20_25344_05,94.93737
MAG03661,MG_20_25344_05,45.61682
MAG03662,MG_20_25347_05,230.1345
MAG03663,MG_20_25347_05,600.6904
MAG03664,MG_20_25347_05,9266.335
MAG03665,MG_20_25715_05,78.57285
MAG03666,MG_20_25715_05,1115.2803
MAG03667,MG_20_26056_05,64.65384
MAG03668,MG_20_26056_05,64.77311
MAG03669,MG_20_26056_05,669.19147
MAG03670,MG_20_26056_05,126.97669
MAG03671,MG_20_26056_05,335.68414
MAG03672,MG_20_26067_05,22.675549
MAG03673,MG_20_26067_05,1333.1997
MAG03674,MG_20_26067_05,149.31317
MAG03675,MG_20_26117_05,1159.8812
MAG03676,MG_20_26241_05,290.21664
MAG03677,MG_20_26241_05,127.91138
MAG03678,MG_20_26241_05,868.01025
MAG03679,MG_20_26264_05,33.999115
MAG03680,MG_20_26264_05,16.345388
MAG03681,MG_20_26264_05,101.263504
MAG03682,MG_20_26264_05,130.53024
MAG03683,MG_20_26264_05,35.933456
MAG03684,MG_20_26264_05,157.12384
MAG03685,MG_20_26264_05,43.455128
MAG03686,MG_20_26264_05,1856.3496
MAG03687,MG_20_26264_05,50.05885
MAG03688,MG_20_26264_05,865.86255
MAG03689,MG_20_26661_05,2935.7075
MAG03690,MG_20_26662_05,34.1076
MAG03691,MG_20_26662_05,282.12952
MAG03692,MG_20_26674_05,757.7385
MAG03693,MG_20_26723_05,1227.0465
MAG03694,MG_20_26723_05,42.076576
MAG03695,MG_20_26747_05,1374.9932
MAG03696,MG_20_26747_05,12.674795
MAG03697,MG_20_26801_05,123.818985
MAG03698,MG_20_26801_05,29.604946
MAG03699,MG_20_26801_05,24.163643
MAG03700,MG_20_26801_05,989.31274
MAG03701,MG_20_26808_05,40.583466
MAG03702,MG_20_26808_05,597.98035
MAG03703,MG_20_27473_05,68.24683
MAG03704,MG_20_27473_05,56.72265
MAG03705,MG_20_27508_05,837.62823
MAG03706,MG_20_27508_05,70.23548
MAG03707,MG_20_27513_05,48.411133
MAG03708,MG_20_27513_05,313.33908
MAG03709,MG_20_27513_05,77.34134
MAG03710,MG_20_27513_05,49.91303
MAG03712,MG_20_27535_05,122.505226
MAG03713,MG_20_27535_05,36.085102
MAG03714,MG_20_27535_05,762.8183
MAG03715,MG_20_27789_05,31.913568
MAG03716,MG_20_27789_05,86.66486
MAG03717,MG_20_27789_05,581.0886
MAG03718,MG_20_27789_05,88.25419
MAG03719,MG_20_27798_05,38.354263
MAG03720,MG_20_27798_05,618.6121
MAG03721,MG_20_27827_05,204.83076
MAG03722,MG_20_27827_05,442.69772
MAG03723,MG_20_28082_05,659.2428
MAG03724,MG_20_28082_05,27.432037
MAG03725,MG_20_28103_05,37.610424
MAG03726,MG_20_28103_05,1240.6654
MAG03727,MG_20_28256_05,1948.4192
MAG03728,MG_20_28272_05,20.535952
MAG03729,MG_20_28272_05,520.63446
MAG03730,MG_20_28273_05,60.80927
MAG03731,MG_20_28273_05,834.2916
MAG03732,MG_20_28273_05,277.36475
MAG03733,MG_20_28273_05,80.626854
MAG03734,MG_20_28289_05,88.986275
MAG03735,MG_20_28289_05,229.77554
MAG03736,MG_20_28289_05,129.01732
MAG03737,MG_20_28289_05,23.340809
MAG03738,MG_20_28289_05,124.70712
MAG03739,MG_20_28289_05,19.65744
MAG03740,MG_20_28289_05,71.19669
MAG03741,MG_20_28289_05,967.6557
MAG03742,MG_20_28289_05,262.33075
MAG03743,MG_20_28289_05,23.013378
MAG03744,MG_20_28289_05,126.27686
MAG03745,MG_20_28289_05,112.42186
MAG03746,MG_20_28289_05,22.012661
MAG03747,MG_20_28289_05,41.021538
MAG03748,MG_20_28289_05,52.499683
MAG03749,MG_20_28289_05,297.6164
MAG03750,MG_20_28289_05,11.970367
MAG03751,MG_20_28289_05,28.826624
MAG03752,MG_20_28289_05,183.5118
MAG03753,MG_20_28289_05,154.91629
MAG03754,MG_20_28289_05,66.81522
MAG03755,MG_20_28289_05,34.41583
MAG03756,MG_20_28289_05,24.382158
MAG03757,MG_20_28289_05,111.35175
MAG03758,MG_20_28306_05,56.44072
MAG03759,MG_20_28306_05,1140.5618
MAG03760,MG_20_28332_05,1910.8995
MAG03761,MG_20_28332_05,115.252106
MAG03762,MG_20_28568_05,344.27832
MAG03763,MG_20_28585_05,11.615288
MAG03764,MG_20_28585_05,64.96956
MAG03765,MG_20_28585_05,149.30269
MAG03766,MG_20_28585_05,180.51233
MAG03767,MG_20_28585_05,14.683321
MAG03768,MG_20_28585_05,31.293026
MAG03769,MG_20_28585_05,49.554085
MAG03770,MG_20_28585_05,38.87162
MAG03771,MG_20_28585_05,675.25836
MAG03772,MG_20_28585_05,1165.9354
MAG03773,MG_20_28585_05,109.124054
MAG03774,MG_20_28603_05,301.17578
MAG03775,MG_20_28603_05,713.1179
MAG03776,MG_20_28604_05,33.040363
MAG03777,MG_20_28642_05,1113.3105
MAG03778,MG_20_28642_05,149.98792
MAG03779,MG_20_28852_05,529.9016
MAG03780,MG_20_28852_05,259.15436
MAG03781,MG_20_28861_05,279.9337
MAG03782,MG_20_28919_05,41.53665
MAG03783,MG_20_28919_05,20.034655
MAG03784,MG_20_28919_05,29.670208
MAG03785,MG_20_28919_05,91.78095
MAG03786,MG_20_28919_05,142.32222
MAG03787,MG_20_28919_05,945.8194
MAG03788,MG_20_28919_05,132.43755
MAG03789,MG_20_28919_05,232.21532
MAG03790,MG_20_28938_05,51.840626
MAG03791,MG_20_28938_05,1408.8743
MAG03792,MG_20_28938_05,105.414444
MAG03793,MG_20_28938_05,317.0852
MAG03794,MG_20_28938_05,35.22437
MAG03795,MG_20_28941_05,18.813522
MAG03796,MG_20_29154_05,99.883514
MAG03797,MG_20_29154_05,85.2981
MAG03798,MG_20_29154_05,418.0962
MAG03799,MG_20_29154_05,146.17532
MAG03800,MG_20_29187_05,129.54082
MAG03801,MG_20_29187_05,57.70333
MAG03802,MG_20_29187_05,619.5196
MAG03803,MG_20_29187_05,58.03151
MAG03804,MG_20_29208_05,714.88074
MAG03805,MG_20_29237_05,23.13762
MAG03806,MG_20_29237_05,113.22695
MAG03807,MG_20_29237_05,16.467485
MAG03808,MG_20_29237_05,1325.8964
MAG03809,MG_20_29237_05,437.71783
MAG03810,MG_20_29237_05,554.63434
MAG03811,MG_20_29237_05,190.62498
MAG03812,MG_20_29671_05,925.903
MAG03813,MG_20_29680_05,1781.9379
MAG03814,MG_20_29680_05,716.26447
MAG03815,MG_20_29702_05,73.2482
MAG03816,MG_20_29702_05,198.94551
MAG03817,MG_20_29706_05,309.04794
MAG03818,MG_20_29706_05,37.42709
MAG03819,MG_20_29729_05,451.96664
MAG03820,MG_20_29775_05,31.119421
MAG03821,MG_20_29775_05,1048.212
MAG03822,MG_20_29819_05,1021.3023
MAG03823,MG_20_29819_05,68.78024
MAG03824,MG_20_29847_05,291.92807
MAG03825,MG_20_30157_05,180.52837
MAG03826,MG_20_30191_05,800.9466
MAG03827,MG_20_30191_05,18.983892
MAG03828,MG_20_30205_05,143.13847
MAG03829,MG_20_30211_05,34.99356
MAG03830,MG_20_30211_05,894.6069
MAG03831,MG_20_30211_05,87.638535
MAG03832,MG_20_30219_05,182.80771
MAG03833,MG_20_30219_05,211.829
MAG03834,MG_20_30230_05,541.4158
MAG03835,MG_20_30230_05,17.538462
MAG03836,MG_20_30293_05,302.10358
MAG03837,MG_20_30293_05,68.63709
MAG03838,MG_20_30293_05,795.1714
MAG03839,MG_20_30293_05,21.78409
MAG03840,MG_20_30293_05,3334.165
MAG03841,MG_20_30293_05,48.731136
MAG03842,MG_20_30293_05,18.326937
MAG03843,MG_20_30326_05,118.86368
MAG03844,MG_20_30332_05,439.16837
MAG03845,MG_20_30761_05,130.07596
MAG03846,MG_20_30761_05,126.704346
MAG03847,MG_20_30761_05,9.336984
MAG03848,MG_20_30761_05,65.13482
MAG03849,MG_20_30761_05,371.60324
MAG03850,MG_20_30761_05,450.21136
MAG03851,MG_20_30761_05,27.780565
MAG03852,MG_20_30761_05,466.49197
MAG03853,MG_20_30761_05,42.582268
MAG03854,MG_20_30761_05,15.879313
MAG03855,MG_20_30761_05,10.086839
MAG03856,MG_20_30761_05,201.58171
MAG03857,MG_20_30761_05,68.05915
MAG03858,MG_20_30761_05,142.87585
MAG03859,MG_20_30764_05,633.39435
MAG03860,MG_20_30765_05,946.66455
MAG03861,MG_20_30765_05,172.25015
MAG03862,MG_20_30768_05,95.992004
MAG03863,MG_20_30768_05,275.0765
MAG03864,MG_20_30777_05,1351.4346
MAG03865,MG_20_30777_05,8.700124
MAG03866,MG_20_30794_05,434.11542
MAG03867,MG_20_30794_05,379.0161
MAG03868,MG_20_30812_05,16.664152
MAG03869,MG_20_30812_05,1071.339
MAG03870,MG_20_31340_05,65.30514
MAG03871,MG_20_31359_05,43.58003
MAG03872,MG_20_31359_05,102.22281
MAG03873,MG_20_31359_05,467.6542
MAG03874,MG_20_31372_05,94.80448
MAG03875,MG_20_31372_05,55.607586
MAG03876,MG_20_31372_05,442.89014
MAG03877,MG_20_31372_05,29.31853
MAG03878,MG_20_31380_05,485.4458
MAG03879,MG_20_31380_05,121.933075
MAG03880,MG_20_31402_05B,563.02106
MAG03881,MG_20_31418_05,862.0121
MAG03882,MG_20_31418_05,58.232212
MAG03883,MG_20_31427_05,1227.4009
MAG03884,MG_20_31427_05,61.871407
MAG03885,MG_20_31449_05,2054.1497
MAG03886,MG_20_31449_05,396.40695
MAG03887,MG_20_31823_05,1716.0797
MAG03888,MG_20_31843_05,38.68712
MAG03889,MG_20_31843_05,49.1645
MAG03890,MG_20_31843_05,294.1222
MAG03891,MG_20_31843_05,503.97748
MAG03892,MG_20_31843_05,32.438347
MAG03893,MG_20_31843_05,16.465141
MAG03894,MG_20_31867_05,1082.0846
MAG03895,MG_20_31874_05,193.8672
MAG03896,MG_20_31894_05,86.179504
MAG03897,MG_20_31894_05,440.64197
MAG03898,MG_20_31894_05,89.37775
MAG03899,MG_20_32224_05,1204.7566
MAG03900,MG_20_32246_05,90.524216
MAG03901,MG_20_32246_05,21.150917
MAG03902,MG_20_32246_05,3900.2766
MAG03903,MG_20_32246_05,181.57712
MAG03904,MG_20_32246_05,94.420654
MAG03905,MG_20_32246_05,544.82965
MAG03906,MG_20_32246_05,191.81921
MAG03907,MG_20_32246_05,394.3535
MAG03908,MG_20_32246_05,24.223587
MAG03909,MG_20_32246_05,182.89223
MAG03910,MG_20_32308_05,21.449434
MAG03911,MG_20_32308_05,154.76413
MAG03912,MG_20_32308_05,464.44183
MAG03913,MG_20_32308_05,100.66041
MAG03914,MG_20_32308_05,380.29907
MAG03915,MG_20_32308_05,216.85008
MAG03916,MG_20_32308_05,41.99009
MAG03917,MG_20_32308_05,20.306639
MAG03918,MG_20_32308_05,27.156525
MAG03919,MG_20_32308_05,27.494316
MAG03920,MG_20_32308_05,35.47466
MAG03921,MG_20_32308_05,38.91802
MAG03922,MG_20_32308_05,35.89407
MAG03923,MG_20_32308_05,40.05149
MAG03924,MG_20_32703_05,313.66675
MAG03925,MG_20_32703_05,101.88444
MAG03926,MG_20_32703_05,723.0133
MAG03927,MG_20_32729_05,397.8643
MAG03928,MG_20_32729_05,662.33154
MAG03929,MG_20_32729_05,1030.6735
MAG03930,MG_20_32729_05,106.44406
MAG03931,MG_20_32729_05,472.78085
MAG03932,MG_20_32780_05,82.254105
MAG03933,MG_20_32780_05,479.64676
MAG03934,MG_20_32780_05,188.59392
MAG03935,MG_20_32780_05,40.70556
MAG03936,MG_20_32780_05,355.3995
MAG03937,MG_20_32780_05,122.975395
MAG03938,MG_20_32780_05,60.145733
MAG03939,MG_20_32780_05,114.39188
MAG03940,MG_20_32780_05,5108.103
MAG03941,MG_20_32780_05,445.53186
MAG03942,MG_20_32780_05,61.24653
MAG03943,MG_20_32784_05,742.62225
MAG03944,MG_20_32784_05,45.48178
MAG03945,MG_20_32789_05,583.9814
MAG03946,MG_20_33063_05,905.6393
MAG03947,MG_20_33136_05,5272.8
MAG03948,MG_20_33136_05,443.3224
MAG03949,MG_20_33278_05,71.97304
MAG03950,MG_20_33278_05,1505.276
MAG03951,MG_20_33286_05,2465.1143
MAG03952,MG_20_33341_05,131.23952
MAG03953,MG_20_33341_05,55.657234
MAG03954,MG_20_33341_05,83.7847
MAG03955,MG_20_33954_05,27.336227
MAG03956,MG_20_33954_05,909.033
MAG03957,MG_20_33954_05,288.90912
MAG03958,MG_20_33954_05,15.159945
MAG03959,MG_20_33961_05,857.5779
MAG03960,MG_20_34061_05,173.84369
MAG03961,MG_20_34061_05,74.50383
MAG03962,MG_20_34129_05,1640.9027
MAG03963,MG_20_34639_05,4010.9363
MAG03964,MG_20_34686_05,706.4894
MAG03965,MG_20_34693_05,518.12714
MAG03966,MG_20_35051_05B,618.5648
MAG03967,MG_20_35092_05,14.05893
MAG03968,MG_20_35092_05,1430.049
MAG03969,MG_20_35092_05,136.5642
MAG03970,MG_20_35092_05,322.4842
MAG03971,MG_20_35092_05,12.372483
MAG03972,MG_20_35147_05,86.28877
MAG03973,MG_20_35147_05,246.80992
MAG03974,MG_20_35147_05,567.24335
MAG03975,MG_20_35226_05,16.501673
MAG03976,MG_20_35226_05,17.690393
MAG03977,MG_20_35226_05,27.868786
MAG03978,MG_20_35226_05,261.32724
MAG03979,MG_20_35226_05,23.298496
MAG03980,MG_20_35226_05,370.42096
MAG03981,MG_20_35226_05,13.322322
MAG03982,MG_20_35226_05,82.69277
MAG03983,MG_20_35305_05,35.39772
MAG03984,MG_20_35305_05,864.7586
MAG03985,MG_20_35305_05,577.3944
MAG03986,MG_20_35305_05,39.182293
MAG03987,MG_20_35309_05,733.19104
MAG03988,MG_20_35309_05,15.671577
MAG03989,MG_20_35319_05,32.26633
MAG03990,MG_20_35319_05,1005.8392
MAG03991,MG_20_35324_05,45.667885
MAG03992,MG_20_35324_05,349.14685
MAG03993,MG_20_35324_05,706.4484
MAG03994,MG_20_35346_05,31.37676
MAG03995,MG_20_35346_05,218.95963
MAG03996,MG_20_35346_05,66.78083
MAG03997,MG_20_35346_05,22.959099
MAG03998,MG_20_35903_05,314.43735
MAG03999,MG_20_35903_05,226.45494
MAG04000,MG_20_35904_05,74.511734
MAG04001,MG_20_35904_05,285.09467
MAG04002,MG_20_35904_05,697.3476
MAG04003,MG_20_35927_05,168.04437
MAG04004,MG_20_35927_05,161.08841
MAG04005,MG_20_35927_05,385.54208
MAG04006,MG_20_35927_05,291.3538
MAG04007,MG_20_35948_05,1537.9514
MAG04008,MG_20_36002_05,259.3952
MAG04009,MG_20_36002_05,663.5381
MAG04010,MG_20_36002_05,383.06436
MAG04011,MG_20_36002_05,117.091225
MAG04012,MG_20_36002_05,39.30037
MAG04013,MG_20_36046_05,478.10968
MAG04014,MG_20_36068_05,87.4234
MAG04015,MG_20_36068_05,191.1311
MAG04016,MG_20_36081_05,41.12241
MAG04017,MG_20_36081_05,1193.652
MAG04018,MG_20_36085_05,137.99863
MAG04019,MG_20_36085_05,507.60767
MAG04020,MG_20_36085_05,144.53233
MAG04021,MG_20_36085_05,67.88726
MAG04022,MG_20_36085_05,157.74922
MAG04023,MG_20_36085_05,16.913794
MAG04024,MG_20_36085_05,50.179157
MAG04025,MG_20_36085_05,26.749714
MAG04026,MG_20_36085_05,50.294804
MAG04027,MG_20_36085_05,128.16193
MAG04028,MG_20_36085_05,15.632147
MAG04029,MG_20_36085_05,26.318577
MAG04030,MG_20_36085_05,388.22043
MAG04031,MG_20_36087_05,68.36274
MAG04032,MG_20_36087_05,743.6364
MAG04033,MG_20_36087_05,136.7595
MAG04034,MG_20_36087_05,59.194466
MAG04035,MG_20_36096_05,39.792316
MAG04036,MG_20_36096_05,586.05853
MAG04037,MG_20_36105_05,19.530222
MAG04038,MG_20_36105_05,40.506214
MAG04039,MG_20_36105_05,16.703817
MAG04040,MG_20_36105_05,99.289116
MAG04041,MG_20_36105_05,90.01162
MAG04042,MG_20_36105_05,1608.6632
MAG04043,MG_20_36105_05,356.55478
MAG04044,MG_20_36105_05,39.6227
MAG04045,MG_20_36105_05,34.05663
MAG04046,MG_20_36233_05,487.89145
MAG04047,MG_20_36233_05,15.354128
MAG04048,MG_20_36901_05,288.79156
MAG04049,MG_20_36901_05,284.9525
MAG04050,MG_20_36901_05,14.886272
MAG04051,MG_20_36901_05,31.538536
MAG04052,MG_20_36933_05,71.3041
MAG04053,MG_20_36933_05,495.06253
MAG04054,MG_20_37690_05,475.52478
MAG04055,MG_20_37690_05,62.08639
MAG04056,MG_20_37725_05,942.36194
MAG04057,MG_20_37725_05,368.79794
MAG04058,MG_20_37735_05,14.505069
MAG04059,MG_20_37735_05,429.6014
MAG04060,MG_20_37735_05,13.091669
MAG04061,MG_20_37775_05,28.403387
MAG04062,MG_20_37775_05,37.7133
MAG04063,MG_20_37775_05,2022.1803
MAG04064,MG_20_37803_05,20.703583
MAG04065,MG_20_37803_05,42.34125
MAG04066,MG_20_37803_05,15.149302
MAG04067,MG_20_37803_05,1263.9647
MAG04068,MG_20_37803_05,105.62707
MAG04069,MG_20_37803_05,79.55885
MAG04070,MG_20_37803_05,82.356
MAG04071,MG_20_37803_05,56.778915
MAG04072,MG_20_37803_05,804.9826
MAG04073,MG_20_37803_05,1046.3478
MAG04074,MG_20_37803_05,116.44336
MAG04075,MG_20_37803_05,197.51581
MAG04076,MG_20_37803_05,129.15535
MAG04077,MG_20_37803_05,129.33873
MAG04078,MG_20_37803_05,176.04965
MAG04079,MG_20_37806_05,13.648772
MAG04080,MG_20_37806_05,356.62134
MAG04081,MG_20_37806_05,42.89577
MAG04082,MG_20_37807_05,14.788914
MAG04083,MG_20_37807_05,386.57166
MAG04084,MG_20_37807_05,81.94922
MAG04085,MG_20_37807_05,61.550106
MAG04086,MG_20_38469_05,117.279816
MAG04087,MG_20_38469_05,435.3785
MAG04088,MG_20_38469_05,67.512665
MAG04089,MG_20_38469_05,50.689835
MAG04090,MG_20_38469_05,60.274586
MAG04091,MG_20_38469_05,170.24751
MAG04092,MG_20_38469_05,48.311005
MAG04093,MG_20_38531_05,249.96875
MAG04094,MG_20_38613_05,14.833277
MAG04095,MG_20_38613_05,226.32095
MAG04096,MG_20_38654_05,1208.4171
MAG04097,MG_20_38654_05,1445.23
MAG04098,MG_20_38654_05,190.58159
MAG04099,MG_20_38705_05,135.10193
MAG04100,MG_20_38712_05,2280.9932
MAG04101,MG_20_38716_05,286.1454
MAG04102,MG_20_38716_05,587.45795
MAG04103,MG_20_38719_05,680.6125
MAG04104,MG_20_38749_05,71.26438
MAG04105,MG_20_38749_05,140.85573
MAG04106,MG_20_38749_05,97.6617
MAG04107,MG_20_38749_05,43.278275
MAG04108,MG_20_38749_05,233.97847
MAG04109,MG_20_38749_05,31.311293
MAG04110,MG_20_38749_05,1687.1564
MAG04111,MG_20_38749_05,35.21753
MAG04112,MG_20_39707_05,414.48267
MAG04113,MG_20_39711_05,1241.0798
MAG04114,MG_20_39722_05,25.627132
MAG04115,MG_20_39722_05,638.7562
MAG04116,MG_20_39743_05,280.3477
MAG04117,MG_20_39743_05,19.390957
MAG04118,MG_20_39772_05,95.060074
MAG04119,MG_20_39772_05,136.05742
MAG04120,MG_20_39772_05,202.80551
MAG04121,MG_20_39772_05,585.6482
MAG04122,MG_20_39772_05,471.14172
MAG04123,MG_20_39868_05,25.422989
MAG04124,MG_20_39868_05,2512.9248
MAG04125,MG_20_39899_05,94.75113
MAG04126,MG_20_39899_05,366.82327
MAG04127,MG_20_39899_05,21.416445
MAG04128,MG_20_39900_05,290.1781
MAG04129,MG_20_39900_05,18.368547
MAG04130,MG_20_39913_05,52.031242
MAG04131,MG_20_39913_05,524.0486
MAG04132,MG_20_39913_05,249.64854
MAG04133,MG_20_39913_05,37.4951
MAG04134,MG_20_40708_05,1027.6326
MAG04135,MG_20_40725_05,33.48914
MAG04136,MG_20_40725_05,620.3711
MAG04137,MG_20_40741_05,1720.19
MAG04138,MG_20_40757_05,347.1297
MAG04139,MG_20_40757_05,12.124016
MAG04140,MG_20_40757_05,600.9106
MAG04141,MG_20_40767_05,3531.0466
MAG04142,MG_20_40767_05,16.204374
MAG04143,MG_20_40768_05,339.39896
MAG04144,MG_20_40772_05,180.46512
MAG04145,MG_20_40772_05,378.38596
MAG04146,MG_20_40772_05,1191.4772
MAG04147,MG_20_40772_05,481.22333
MAG04148,MG_20_40779_05,36.270786
MAG04149,MG_20_40779_05,766.7588
MAG04150,MG_20_40779_05,164.92511
MAG04151,MG_20_40779_05,110.6354
MAG04152,MG_20_40786_05,1461.2948
MAG04153,MG_20_40789_05,59.554115
MAG04154,MG_20_40789_05,181.48088
MAG04155,MG_20_40789_05,269.23935
MAG04156,MG_20_40797_05,545.0892
MAG04157,MG_20_40797_05,14.667659
MAG04158,MG_20_40800_05,77.560905
MAG04159,MG_20_40800_05,55.18695
MAG04160,MG_20_40800_05,726.65546
MAG04161,MG_20_40800_05,52.85099
MAG04162,MG_20_40913_05,105.572586
MAG04163,MG_20_40913_05,586.51666
MAG04164,MG_20_40916_05,95.43706
MAG04165,MG_20_40916_05,1010.88104
MAG04166,MG_20_40916_05,612.86945
MAG04167,MG_20_40916_05,304.10025
MAG04168,MG_20_40916_05,33.052162
MAG04169,MG_20_40916_05,31.599884
MAG04170,MG_20_40927_05,439.43002
MAG04171,MG_20_40927_05,65.77399
MAG04172,MG_20_40942_05,107.046364
MAG04173,MG_20_40942_05,496.12857
MAG04174,MG_20_40942_05,36.91297
MAG04175,MG_20_40945_05,1808.2634
MAG04176,MG_20_40945_05,14.852373
MAG04177,MG_20_40946_05,137.58104
MAG04178,MG_20_40946_05,558.1789
MAG04179,MG_20_40946_05,607.89197
MAG04180,MG_20_40946_05,596.46313
MAG04181,MG_20_40946_05,96.78755
MAG04182,MG_20_40947_05,332.18375
MAG04183,MG_20_40947_05,47.15453
MAG04184,MG_20_40948_05,30.038357
MAG04185,MG_20_40948_05,165.10791
MAG04186,MG_20_40948_05,116.58799
MAG04187,MG_20_40948_05,19.847273
MAG04188,MG_20_40954_05,1491.2003
MAG04189,MG_20_40959_05,149.95682
MAG04190,MG_20_40959_05,16.75318
MAG04191,MG_20_40960_05,2235.342
MAG04192,MG_20_40960_05,14.042156
MAG04193,MG_20_40967_05,979.5219
MAG04194,MG_20_40971_05,95.49127
MAG04195,MG_20_40971_05,265.19095
MAG04196,MG_20_40972_05,49.395325
MAG04197,MG_20_40972_05,1513.7991
MAG04198,MG_20_40973_05,23.608128
MAG04199,MG_20_40973_05,767.0914
MAG04200,MG_20_40973_05,255.12192
MAG04201,MG_20_40973_05,623.71686
MAG04202,MG_20_40973_05,17.716085
MAG04203,MG_20_40978_05,439.77005
MAG04204,MG_20_40980_05,20.672379
MAG04205,MG_20_40980_05,757.2065
MAG04206,MG_20_40982_05,19.911648
MAG04207,MG_20_40982_05,750.4553
MAG04208,MG_20_40982_05,43.1136
MAG04209,MG_20_40982_05,57.698177
MAG04210,MG_20_40982_05,217.60358
MAG04211,MG_20_40982_05,27.974457
MAG04212,MG_20_40982_05,18.488266
MAG04213,MG_20_40982_05,15.614054
MAG04214,MG_20_40983_05,44.23695
MAG04215,MG_20_40983_05,265.6615
MAG04216,MG_20_40983_05,14.712235
MAG04217,MG_20_40984_05,1830.8031
MAG04218,MG_20_40984_05,65.41891
MAG04219,MG_20_40985_05,680.30365
MAG04220,MG_20_40986_05,19.094435
MAG04221,MG_20_40986_05,59.068127
MAG04222,MG_20_40986_05,380.23358
MAG04223,MG_20_40986_05,262.92517
MAG04224,MG_20_40986_05,117.39182
MAG04225,MG_20_40986_05,379.2243
MAG04226,MG_20_40986_05,5711.0723
MAG04227,MG_20_40986_05,67.35499
MAG04228,MG_20_40991_05,1708.6726
MAG04229,MG_20_40993_05,1125.2831
MAG04230,MG_20_41201_05,391.23
MAG04231,MG_20_41204_05,1069.4686
MAG04232,MG_20_41213_05,96.67012
MAG04233,MG_20_41213_05,459.5457
MAG04234,MG_20_41220_05,836.4512
MAG04235,MG_20_41220_05,24.935541
MAG04236,MG_20_41234_05,614.77954
MAG04237,MG_20_41236_05,64.03446
MAG04238,MG_20_41236_05,1617.3981
MAG04239,MG_20_41236_05,19.304838
MAG04240,MG_20_41262_05,206.5176
MAG04241,MG_20_41262_05,64.460075
MAG04242,MG_20_41262_05,32.91267
MAG04243,MG_20_41262_05,21.896688
MAG04244,MG_20_41262_05,83.97891
MAG04245,MG_20_41262_05,103.71079
MAG04246,MG_20_41262_05,424.08774
MAG04247,MG_20_41262_05,1300.022
MAG04248,MG_20_41262_05,245.5995
MAG04249,MG_20_41262_05,42.18529
MAG04250,MG_20_41267_05,66.8722
MAG04251,MG_20_41267_05,848.31866
MAG04252,MG_20_41267_05,173.88016
MAG04253,MG_20_41284_05,328.40887
MAG04254,MG_20_41284_05,107.43887
MAG04255,MG_20_41284_05,16.927254
MAG04256,MG_20_41294_05,683.6918
MAG04257,MG_20_41294_05,16.919277
MAG04258,MG_20_41865_05,16.424465
MAG04259,MG_20_41865_05,61.5853
MAG04260,MG_20_41867_05,66.505066
MAG04261,MG_20_41867_05,22.84301
MAG04262,MG_20_41867_05,236.93274
MAG04263,MG_20_41867_05,68.015564
MAG04264,MG_20_41889_05,749.5259
MAG04265,MG_20_41889_05,865.03436
MAG04266,MG_20_41889_05,19.311026
MAG04267,MG_20_41890_05,58.33374
MAG04268,MG_20_41890_05,274.28122
MAG04269,MG_20_41898_05,1520.8066
MAG04270,MG_20_41900_05,435.602
MAG04271,MG_20_41914_05,1032.243
MAG04272,MG_20_41914_05,52.831905
MAG04273,MG_20_41921_05,1908.4183
MAG04274,MG_20_41921_05,70.95229
MAG04275,MG_20_41921_05,15.867728
MAG04276,MG_20_41959_05,19.269823
MAG04277,MG_20_41959_05,1039.9152
MAG04278,MG_20_41995_05,283.38873
MAG04279,MG_20_41995_05,110.66225
MAG04280,MG_20_41995_05,28.710386
MAG04281,MG_20_42030_05,403.3381
MAG04282,MG_20_42030_05,14.700153
MAG04283,MG_20_42166_05,487.15366
MAG04284,MG_20_42222_05,174.23213
MAG04285,MG_20_42222_05,315.55963
MAG04286,MG_20_42229_05,1072.2789
MAG04287,MG_20_43053_05,24.808151
MAG04288,MG_20_43053_05,238.49852
MAG04289,MG_20_43053_05,404.40924
MAG04290,MG_20_43053_05,81.63159
MAG04291,MG_20_43053_05,30.78378
MAG04292,MG_20_43066_05,279.97964
MAG04293,MG_20_43066_05,124.04157
MAG04294,MG_20_43070_05,61.662888
MAG04295,MG_20_43070_05,539.6649
MAG04296,MG_20_43070_05,100.52235
MAG04297,MG_20_43070_05,394.50885
MAG04298,MG_20_43070_05,105.334496
MAG04299,MG_20_43080_05,178.14227
MAG04300,MG_20_43080_05,148.73912
MAG04301,MG_20_43080_05,307.56058
MAG04302,MG_20_43105_05,846.0326
MAG04303,MG_20_43120_05,28.485893
MAG04304,MG_20_43120_05,259.94553
MAG04305,MG_20_43120_05,19.192982
MAG04306,MG_20_43120_05,14.169182
MAG04307,MG_20_43120_05,29.1133
MAG04308,MG_20_43167_05,20.624065
MAG04309,MG_20_43167_05,892.56055
MAG04310,MG_20_43225_05,29.2675
MAG04311,MG_20_43225_05,69.84077
MAG04312,MG_20_43225_05,121.6061
MAG04313,MG_20_43225_05,24.940775
MAG04314,MG_20_43225_05,340.22498
MAG04315,MG_20_43225_05,140.1121
MAG04316,MG_20_43225_05,42.282867
MAG04317,MG_20_43253_05,1388.3843
MAG04318,MG_20_43253_05,41.96702
MAG04319,MG_20_43280_05,1250.3402
MAG04320,MG_20_43280_05,58.5513
MAG04321,MG_20_43280_05,250.80734
MAG04322,MG_20_43288_05,1158.6088
MAG04323,MG_20_43327_05,252.93144
MAG04324,MG_20_43327_05,413.65222
MAG04325,MG_20_43327_05,1136.7634
MAG04326,MG_20_43327_05,1056.5371
MAG04327,MG_20_43327_05,15.523513
MAG04328,MG_20_43327_05,133.05956
MAG04329,MG_20_43327_05,9.70787
MAG04330,MG_20_44202_05,108.39937
MAG04331,MG_20_44227_05,37.412342
MAG04332,MG_20_44227_05,743.59875
MAG04333,MG_20_44227_05,76.485954
MAG04334,MG_20_44227_05,26.446451
MAG04335,MG_20_44231_05,2150.2625
MAG04336,MG_20_44240_05,2107.9724
MAG04337,MG_20_44240_05,10.7753105
MAG04338,MG_20_44240_05,15.908818
MAG04339,MG_20_44240_05,53.741116
MAG04340,MG_20_44240_05,26.037512
MAG04341,MG_20_44240_05,78.98114
MAG04342,MG_20_44240_05,2478.0588
MAG04343,MG_20_44240_05,587.623
MAG04344,MG_20_44240_05,81.527725
MAG04345,MG_20_44240_05,80.03481
MAG04346,MG_20_44250_05,605.0924
MAG04347,MG_20_44315_05,190.94263
MAG04348,MG_20_44315_05,70.72395
MAG04349,MG_20_44315_05,198.50836
MAG04350,MG_20_44315_05,118.272316
MAG04351,MG_20_44315_05,109.6797
MAG04352,MG_20_44318_05,22.61417
MAG04353,MG_20_44318_05,416.06372
MAG04354,MG_20_44318_05,59.238052
MAG04355,MG_20_44367_05,285.25677
MAG04356,MG_20_44374_05,45.938507
MAG04357,MG_20_44374_05,26.19746
MAG04358,MG_20_44374_05,294.53497
MAG04359,MG_20_44374_05,33.56068
MAG04360,MG_20_44374_05,108.783134
MAG04361,MG_20_44374_05,533.0977
MAG04362,MG_20_44374_05,285.9289
MAG04363,MG_20_44374_05,44.19231
MAG04364,MG_20_44374_05,74.24554
MAG04365,MG_20_44374_05,76.86869
MAG04366,MG_20_44393_05,167.36227
MAG04367,MG_20_44405_05,75.45984
MAG04368,MG_20_44405_05,1360.9467
MAG04369,MG_20_44467_05,76.01996
MAG04370,MG_20_44467_05,22.091698
MAG04371,MG_20_44467_05,2096.2385
MAG04372,MG_20_44907_05,1768.1588
MAG04373,MG_20_44911_05,982.9865
MAG04374,MG_20_44961_05,57.322582
MAG04375,MG_20_44961_05,21.120983
MAG04376,MG_20_44961_05,1119.4479
MAG04377,MG_20_45461_05,815.3627
MAG04378,MG_20_45461_05,240.65833
MAG04379,MG_20_45464_05,1567.6578
MAG04380,MG_20_45464_05,15.233798
MAG04381,MG_20_45477_05,26.29622
MAG04382,MG_20_45477_05,39.91685
MAG04383,MG_20_45477_05,93.280365
MAG04384,MG_20_45477_05,1039.0366
MAG04385,MG_20_45477_05,22.055962
MAG04386,MG_20_45487_05,1825.9613
MAG04387,MG_20_45509_05,67.821945
MAG04388,MG_20_45509_05,373.00244
MAG04389,MG_20_45509_05,858.0923
MAG04390,MG_20_45514_05,60.25987
MAG04391,MG_20_45514_05,41.020603
MAG04392,MG_20_45514_05,598.8023
MAG04393,MG_20_45558_05,790.91815
MAG04394,MG_20_45558_05,98.621895
MAG04395,MG_20_45558_05,64.24817
MAG04396,MG_20_45558_05,77.91239
MAG04397,MG_20_45558_05,100.60882
MAG04398,MG_20_45558_05,403.16702
MAG04399,MG_20_45558_05,485.79102
MAG04400,MG_20_45558_05,24.171432
MAG04401,MG_20_45558_05,104.716736
MAG04402,MG_20_45558_05,53.769157
MAG04403,MG_20_45560_05,172.95273
MAG04404,MG_20_45560_05,132.86497
MAG04405,MG_20_45560_05,182.39975
MAG04406,MG_20_45560_05,37.86871
MAG04407,MG_20_45560_05,96.59353
MAG04408,MG_20_45560_05,161.78328
MAG04409,MG_20_45560_05,21.113781
MAG04410,MG_20_45560_05,21.15782
MAG04411,MG_20_45560_05,62.378265
MAG04412,MG_20_45560_05,15.844562
MAG04413,MG_20_45560_05,15.243701
MAG04414,MG_20_45600_05,769.1452
MAG04415,MG_20_45600_05,369.23093
MAG04416,MG_20_46742_05,743.30884
MAG04417,MG_20_46895_05,115.223045
MAG04418,MG_20_46895_05,1088.3754
MAG04419,MG_20_46895_05,927.1696
MAG04420,MG_20_46895_05,58.560886
MAG04421,MG_20_46900_05,57.54155
MAG04422,MG_20_46900_05,1176.8953
MAG04423,MG_20_46900_05,371.14868
MAG04424,MG_20_46924_05,22.238419
MAG04425,MG_20_46924_05,111.41285
MAG04426,MG_20_46936_05,1725.8254
MAG04427,MG_20_46937_05,200.29793
MAG04428,MG_20_46937_05,53.791103
MAG04429,MG_20_46937_05,1473.1895
MAG04430,MG_20_46937_05,13.741108
MAG04431,MG_20_46949_05,1271.5985
MAG04432,MG_20_46985_05,524.17957
MAG04433,MG_20_47015_05,119.93542
MAG04434,MG_20_47015_05,34.91542
MAG04435,MG_20_47015_05,176.20554
MAG04436,MG_20_47027_05,24.950157
MAG04437,MG_20_47027_05,518.43176
MAG04438,MG_20_47027_05,107.3061
MAG04439,MG_20_47033_05B,17.499336
MAG04440,MG_20_47033_05B,896.43555
MAG04441,MG_20_47033_05B,16.899467
MAG04442,MG_20_47036_05,2108.9233
MAG04443,MG_20_47049_05,1316.4371
MAG04444,MG_20_47899_05,1688.7592
MAG04445,MG_20_47899_05,171.867
MAG04446,MG_20_47928_05,549.914
MAG04447,MG_20_47928_05,136.72331
MAG04448,MG_20_47955_05,262.15372
MAG04449,MG_20_47955_05,69.3289
MAG04450,MG_20_47955_05,29.909391
MAG04451,MG_20_47955_05,73.84912
MAG04452,MG_20_47955_05,12.096427
MAG04453,MG_20_47955_05,471.51105
MAG04454,MG_20_47955_05,132.91734
MAG04455,MG_20_47955_05,629.7409
MAG04456,MG_20_47955_05,23.35996
MAG04457,MG_20_47955_05,201.36508
MAG04458,MG_20_47959_05,89.48061
MAG04459,MG_20_48023_05,18.53064
MAG04460,MG_20_48023_05,411.82562
MAG04461,MG_20_48023_05,198.50348
MAG04462,MG_20_48023_05,53.180103
MAG04463,MG_20_48033_05,275.09317
MAG04464,MG_20_48093_05,27.630499
MAG04465,MG_20_48093_05,989.5283
MAG04466,MG_20_48093_05,114.302376
MAG04467,MG_20_48093_05,27.474274
MAG04468,MG_20_48099_05,613.2726
MAG04469,MG_20_48099_05,27.936138
MAG04470,MG_20_48099_05,15.792242
MAG04471,MG_20_49325_05,615.52313
MAG04472,MG_20_49325_05,961.74677
MAG04473,MG_20_49325_05,146.58926
MAG04474,MG_20_49325_05,26.630098
MAG04475,MG_20_49325_05,92.90533
MAG04476,MG_20_49325_05,32.022724
MAG04477,MG_20_49325_05,164.84064
MAG04478,MG_20_49325_05,1221.6135
MAG04479,MG_20_49325_05,419.0473
MAG04480,MG_20_49325_05,65.74354
MAG04481,MG_20_49329_05,141.08255
MAG04482,MG_20_49329_05,536.07733
MAG04483,MG_20_49329_05,134.9672
MAG04484,MG_20_49381_05,949.3386
MAG04485,MG_20_49386_05,351.02957
MAG04486,MG_20_49386_05,436.17697
MAG04487,MG_20_49411_05,1449.0454
MAG04488,MG_20_49492_05,831.57983
MAG04489,MG_20_49500_05,77.161804
MAG04490,MG_20_49500_05,611.8253
MAG04491,MG_20_49569_05B,54.19958
MAG04492,MG_20_49569_05B,1134.9463
MAG04493,MG_20_49597_05,52.831253
MAG04494,MG_20_49597_05,1460.4783
MAG04495,MG_210294,1375.7751
MAG04496,MG_210314,669.1402
MAG04497,MG_210338,27.132582
MAG04498,MG_210338,462.26782
MAG04499,MG_210601,1872.4757
MAG04500,MG_210601,157.53995
MAG04501,MG_210665,728.6343
MAG04502,MG_210721,187.1155
MAG04503,MG_210780,24.0118
MAG04504,MG_210780,1183.5615
MAG04505,MG_210780,296.2304
MAG04506,MG_210808,346.95947
MAG04507,MG_210852,461.01526
MAG04508,MG_210852,9.592865
MAG04509,MG_210916,146.49202
MAG04510,MG_210916,432.47406
MAG04511,MG_210948,15.877272
MAG04512,MG_210948,204.34714
MAG04513,MG_211472,12.159387
MAG04514,MG_211472,31.602741
MAG04515,MG_211472,881.6941
MAG04516,MG_211528,87.32649
MAG04517,MG_211528,68.83663
MAG04518,MG_211528,1181.4204
MAG04519,MG_211592,16.129602
MAG04520,MG_211592,307.9167
MAG04521,MG_211592,203.44002
MAG04522,MG_211592,643.0685
MAG04523,MG_211592,8.511344
MAG04524,MG_211592,8.660744
MAG04525,MG_211592,20.016554
MAG04526,MG_211656,30.640064
MAG04527,MG_211656,995.1127
MAG04528,MG_211656,9.932632
MAG04529,MG_211656,904.14856
MAG04530,MG_211740,11.966728
MAG04531,MG_211740,12.337894
MAG04532,MG_211740,935.1727
MAG04533,MG_211740,26.188988
MAG04534,MG_213335,4216.127
MAG04535,MG_213391,28.632034
MAG04536,MG_213391,13.379394
MAG04537,MG_213562,18.256208
MAG04538,MG_213562,409.9317
MAG04539,MG_213626,25.755234
MAG04540,MG_213626,8.742266
MAG04541,MG_213626,272.38486
MAG04542,MG_213746,1513.0734
MAG04543,MG_213746,26.848768
MAG04544,MG_213818,37.19413
MAG04545,MG_213818,264.63846
MAG04546,MG_213818,33.11489
MAG04547,MG_217355,15.977064
MAG04548,MG_217355,105.02004
MAG04549,MG_217355,21.956484
MAG04550,MG_217355,68.67738
MAG04551,MG_217355,267.14496
MAG04552,MG_217355,11.281385
MAG04553,MG_217355,14.899224
MAG04554,MG_217355,46.89266
MAG04555,MG_217355,18.919825
MAG04556,MG_217355,86.27693
MAG04557,MG_217355,250.5854
MAG04558,MG_217380,16.601938
MAG04559,MG_217380,9.1370125
MAG04560,MG_217380,6.947882
MAG04561,MG_217380,197.2756
MAG04562,MG_217380,17.833313
MAG04563,MG_217380,16.101078
MAG04564,MG_217380,42.651634
MAG04565,MG_217403,18.068731
MAG04566,MG_217403,8.885396
MAG04567,MG_217403,54.101063
MAG04568,MG_217403,20.425774
MAG04569,MG_217403,14.391537
MAG04570,MG_217403,301.47263
MAG04571,MG_217641,65.905014
MAG04572,MG_217641,272.9082
MAG04573,MG_217688,15.266736
MAG04574,MG_217688,168.00873
MAG04575,MG_218318,130.84789
MAG04576,MG_218366,71.0695
MAG04577,MG_218366,23.156057
MAG04578,MG_218366,827.9047
MAG04579,MG_218655,14.463819
MAG04580,MG_218655,187.88782
MAG04581,MG_218655,198.16771
MAG04582,MG_218655,217.40428
MAG04583,MG_218655,136.39711
MAG04584,MG_218655,184.92906
MAG04585,MG_218655,7.5248284
MAG04586,MG_218655,28.9305
MAG04587,MG_218655,19.711542
MAG04588,MG_218655,23.834076
MAG04589,MG_218655,10.316248
MAG04590,MG_218655,625.86487
MAG04591,MG_218655,55.0975
MAG04592,MG_218655,73.25783
MAG04593,MG_218655,8.549008
MAG04594,MG_218655,101.08461
MAG04595,MG_218655,14.928726
MAG04596,MG_218655,11.039553
MAG04597,MG_218655,80.983765
MAG04598,MG_218655,59.147156
MAG04599,MG_218679,15.033308
MAG04600,MG_218679,337.7932
MAG04601,MG_218679,322.05948
MAG04602,MG_218679,104.96349
MAG04603,MG_218679,15.910471
MAG04604,MG_218679,23.323914
MAG04605,MG_218679,150.3642
MAG04606,MG_218679,43.71831
MAG04607,MG_218679,86.22207
MAG04608,MG_218679,228.6241
MAG04609,MG_218679,15.681024
MAG04610,MG_218679,78.613686
MAG04611,MG_218704,77.24322
MAG04612,MG_218704,221.94998
MAG04613,MG_218704,66.1895
MAG04614,MG_218704,35.356094
MAG04615,MG_218704,59.249035
MAG04616,MG_218704,22.183187
MAG04617,MG_218704,87.56168
MAG04618,MG_218704,96.332855
MAG04619,MG_218704,10.022916
MAG04620,MG_218704,397.14993
MAG04621,MG_218704,34.576706
MAG04622,MG_218704,129.82051
MAG04623,MG_218723,41.377563
MAG04624,MG_218723,13.102034
MAG04625,MG_218723,78.4704
MAG04626,MG_218723,228.81232
MAG04627,MG_218723,22.412941
MAG04628,MG_218723,169.53784
MAG04629,MG_218723,733.21027
MAG04630,MG_218723,41.490005
MAG04631,MG_218723,233.05214
MAG04632,MG_218723,7.3736877
MAG04633,MG_218723,18.565
MAG04634,MG_218723,162.92493
MAG04635,MG_218723,101.31875
MAG04636,MG_218723,18.55143
MAG04637,MG_218723,55.314846
MAG04638,MG_218723,399.97446
MAG04639,MG_218723,248.61465
MAG04640,MG_218723,104.2457
MAG04641,MG_219018,127.49819
MAG04642,MG_219018,164.20688
MAG04643,MG_219082,36.39538
MAG04644,MG_219082,33.731632
MAG04645,MG_219130,36.98322
MAG04646,MG_219130,59.09907
MAG04647,MG_219210,11.693948
MAG04648,MG_219210,84.5686
MAG04649,MG_219210,117.2682
MAG04650,MG_219210,29.902584
MAG04651,MG_219274,619.32336
MAG04652,MG_219274,303.3045
MAG04653,MG_219662,20.789165
MAG04654,MG_219662,37.104233
MAG04655,MG_219662,17.70608
MAG04656,MG_219662,741.6168
MAG04657,MG_219662,13.997001
MAG04658,MG_219662,34.78501
MAG04659,MG_219662,16.34009
MAG04660,MG_219662,27.488014
MAG04661,MG_219662,13.282772
MAG04662,MG_219662,106.44614
MAG04663,MG_219662,438.6134
MAG04664,MG_219662,12.468327
MAG04665,MG_219662,30.437948
MAG04666,MG_219662,116.36716
MAG04667,MG_219662,632.0774
MAG04668,MG_219662,6.807262
MAG04669,MG_219662,111.43992
MAG04670,MG_219662,451.9747
MAG04671,MG_219662,587.56415
MAG04672,MG_219662,903.2161
MAG04673,MG_219662,162.54083
MAG04674,MG_219662,72.58811
MAG04675,MG_219662,246.47475
MAG04676,MG_219675,91.56273
MAG04677,MG_219675,7.2810454
MAG04678,MG_219675,134.09668
MAG04679,MG_219675,13.622872
MAG04680,MG_219675,588.37555
MAG04681,MG_219675,810.12195
MAG04682,MG_219675,13.1903105
MAG04683,MG_219675,7.548484
MAG04684,MG_219675,16.237839
MAG04685,MG_219675,65.36984
MAG04686,MG_219675,1003.25146
MAG04687,MG_219675,44.13483
MAG04688,MG_219675,36.38985
MAG04689,MG_219675,17.321848
MAG04690,MG_219675,23.044668
MAG04691,MG_219675,9.054512
MAG04692,MG_219675,1225.7131
MAG04693,MG_219675,170.36096
MAG04694,MG_219682,34.625015
MAG04695,MG_219682,33.520267
MAG04696,MG_219682,50.28771
MAG04697,MG_219682,1101.1167
MAG04698,MG_219682,229.98985
MAG04699,MG_219682,911.5276
MAG04700,MG_219682,7.4993486
MAG04701,MG_219682,17.09187
MAG04702,MG_219682,13.830066
MAG04703,MG_219682,8.5392885
MAG04704,MG_219682,8.332521
MAG04705,MG_219682,79.85683
MAG04706,MG_219682,392.89886
MAG04707,MG_219682,5.435084
MAG04708,MG_219682,53.51703
MAG04709,MG_219682,90.30029
MAG04710,MG_219682,22.467676
MAG04711,MG_219682,39.164795
MAG04712,MG_219682,195.67923
MAG04713,MG_219682,13.140774
MAG04714,MG_219682,9.164103
MAG04715,MG_219706,1375.0945
MAG04716,MG_219706,21.326954
MAG04717,MG_219706,27.417757
MAG04718,MG_219706,62.025517
MAG04719,MG_219706,497.74033
MAG04720,MG_219706,824.16833
MAG04721,MG_219706,69.08891
MAG04722,MG_219706,72.81596
MAG04723,MG_219706,29.54895
MAG04724,MG_219706,297.07135
MAG04725,MG_219706,27.276047
MAG04726,MG_219706,49.444218
MAG04727,MG_219706,86.39751
MAG04728,MG_219706,290.66547
MAG04729,MG_219706,24.052305
MAG04730,MG_220366,104.555984
MAG04731,MG_220366,662.9534
MAG04732,MG_220366,74.46732
MAG04733,MG_220366,2079.872
MAG04734,MG_220366,1795.073
MAG04735,MG_220366,84.171936
MAG04736,MG_220502,20.152771
MAG04737,MG_220502,811.08545
MAG04738,MG_220502,627.3875
MAG04739,MG_220502,337.3901
MAG04740,MG_220558,2067.127
MAG04741,MG_220558,2104.0352
MAG04742,MG_220638,27.380636
MAG04743,MG_220638,614.44055
MAG04744,MG_220638,226.80873
MAG04745,MG_220638,598.6303
MAG04746,MG_221439,21.04007
MAG04747,MG_221439,621.2395
MAG04748,MG_221459,15.673947
MAG04749,MG_221459,6.3431625
MAG04750,MG_221459,325.71417
MAG04751,MG_221476,7.048006
MAG04752,MG_221476,158.46587
MAG04753,MG_222093,123.38228
MAG04754,MG_222121b,249.00749
MAG04755,MG_222121b,141.96141
MAG04756,MG_222129b,394.18857
MAG04757,MG_222129b,170.16547
MAG04758,MG_222161b,262.00644
MAG04759,MG_222161b,6.821186
MAG04760,MG_222197,380.01923
MAG04761,MG_222197,111.81186
MAG04762,MG_222253,157.007
MAG04763,MG_222253,16.040478
MAG04764,MG_222253,187.21747
MAG04765,MG_222253,168.21545
MAG04766,MG_222297,31.342604
MAG04767,MG_222297,56.071014
MAG04768,MG_222297,158.81775
MAG04769,MG_222297,226.84027
MAG04770,MG_222359,60.371807
MAG04771,MG_222359,71.166435
MAG04772,MG_222359,28.610693
MAG04773,MG_222359,26.561571
MAG04774,MG_222359,23.331303
MAG04775,MG_222359,8.703701
MAG04776,MG_222359,45.83163
MAG04777,MG_222359,138.35347
MAG04778,MG_222359,14.971317
MAG04779,MG_222359,16.3561
MAG04780,MG_222359,23.121328
MAG04781,MG_222359,147.78775
MAG04782,MG_222359,142.68628
MAG04783,MG_222359,28.35695
MAG04784,MG_222359,26.576948
MAG04785,MG_222359,18.514635
MAG04786,MG_222359,86.895584
MAG04787,MG_222359,57.97501
MAG04788,MG_222359,183.74487
MAG04789,MG_222359,61.286488
MAG04790,MG_222359,50.727085
MAG04791,MG_222388,41.11194
MAG04792,MG_222388,148.56818
MAG04793,MG_222388,59.200214
MAG04794,MG_222388,22.93332
MAG04795,MG_222388,33.98934
MAG04796,MG_222388,12.668995
MAG04797,MG_222388,362.43817
MAG04798,MG_222388,28.122948
MAG04799,MG_222388,131.69414
MAG04800,MG_222406,264.44412
MAG04801,MG_222406,49.73623
MAG04802,MG_222406,83.61474
MAG04803,MG_222406,42.6479
MAG04804,MG_222406,221.68506
MAG04805,MG_222406,33.98198
MAG04806,MG_222406,9.070864
MAG04807,MG_222406,41.096104
MAG04808,MG_222420,237.33157
MAG04809,MG_222420,324.17188
MAG04810,MG_222420,117.874954
MAG04811,MG_222420,259.77338
MAG04812,MG_222420,74.793564
MAG04813,MG_222476,18.773819
MAG04814,MG_222476,19.489107
MAG04815,MG_222476,98.174324
MAG04816,MG_222476,10.834966
MAG04817,MG_222476,56.855816
MAG04818,MG_222476,11.713441
MAG04819,MG_222476,39.53629
MAG04820,MG_222476,24.614243
MAG04821,MG_222476,44.12209
MAG04822,MG_222476,29.40833
MAG04823,MG_222548,654.18854
MAG04824,MG_222548,819.4938
MAG04825,MG_222636,33.56721
MAG04826,MG_222636,139.92207
MAG04827,MG_222636,75.241646
MAG04828,MG_222636,46.08258
MAG04829,MG_222636,46.62185
MAG04830,MG_222636,464.9255
MAG04831,MG_222636,77.43074
MAG04832,MG_222636,93.64542
MAG04833,MG_222636,329.29642
MAG04834,MG_222695,379.6259
MAG04835,MG_222717,656.79083
MAG04836,MG_222717,50.60279
MAG04837,MG_222743,364.88388
MAG04838,MG_222781,13.361605
MAG04839,MG_222781,998.5011
MAG04840,MG_222781,8.332926
MAG04841,MG_222781,109.68093
MAG04842,MG_222781,8.701582
MAG04843,MG_222781,12.463542
MAG04844,MG_222781,13.818746
MAG04845,MG_222845,19.100264
MAG04846,MG_222845,716.9989
MAG04847,MG_222921,27.231964
MAG04848,MG_222921,13.82277
MAG04849,MG_222921,2087.5322
MAG04850,MG_222973,338.32446
MAG04851,MG_223370,122.967995
MAG04852,MG_223370,32.057198
MAG04853,MG_223399,169.27599
MAG04854,MG_223399,98.131195
MAG04855,MG_223417,162.81044
MAG04856,MG_223417,38.53064
MAG04857,MG_223417_b,23.188953
MAG04858,MG_223417_b,8.825302
MAG04859,MG_223417_b,8.391873
MAG04860,MG_223417_b,8.3256645
MAG04861,MG_223417_b,12.5599
MAG04862,MG_223417_b,6.608102
MAG04863,MG_223417_b,5.290726
MAG04864,MG_223463,35.62924
MAG04865,MG_223463,17.851408
MAG04866,MG_223527,39.270916
MAG04867,MG_223527,160.83832
MAG04868,MG_223527,307.14493
MAG04869,MG_223527,104.73373
MAG04870,MG_223527,8.832112
MAG04871,MG_223591,109.991714
MAG04872,MG_223591,30.407164
MAG04873,MG_223591,75.94287
MAG04874,MG_223655,251.89925
MAG04875,MG_223655,15.340392
MAG04876,MG_223715,821.7976
MAG04877,MG_223715,182.0521
MAG04878,MG_223715,139.62839
MAG04879,MG_223715,12.87562
MAG04880,MG_223715,155.6257
MAG04881,MG_223715,66.73734
MAG04882,MG_223715,291.24683
MAG04883,MG_223715,17.864725
MAG04884,MG_223715,389.58755
MAG04885,MG_223715,25.184645
MAG04886,MG_223715,15.576716
MAG04887,MG_223754,307.08356
MAG04888,MG_223754,19.978346
MAG04889,MG_223754,504.2953
MAG04890,MG_223754,32.801083
MAG04891,MG_223754,14.15318
MAG04892,MG_223754,245.83362
MAG04893,MG_223754,44.761112
MAG04894,MG_223754,586.959
MAG04895,MG_223754,41.685303
MAG04896,MG_224059,14.218833
MAG04897,MG_224059,79.60963
MAG04898,MG_224059,111.74202
MAG04899,MG_224059,36.59136
MAG04900,MG_224059,8.296569
MAG04901,MG_224059,189.3872
MAG04902,MG_224059,104.208145
MAG04903,MG_224059,10.801888
MAG04904,MG_224059,524.31775
MAG04905,MG_224059,15.848351
MAG04906,MG_224059,8.763209
MAG04907,MG_224059,94.59524
MAG04908,MG_224059,57.59295
MAG04909,MG_224059,41.032814
MAG04910,MG_224059,191.72716
MAG04911,MG_224083,20.716406
MAG04912,MG_224083,258.58737
MAG04913,MG_224083,333.86465
MAG04914,MG_224083,38.918697
MAG04915,MG_224083,11.962303
MAG04916,MG_224083,665.9639
MAG04917,MG_224083,119.78425
MAG04918,MG_224083,31.062931
MAG04919,MG_224083,69.103935
MAG04920,MG_224083,149.50136
MAG04921,MG_224083,53.494743
MAG04922,MG_224083,54.95169
MAG04923,MG_224083,28.02224
MAG04924,MG_224083,23.150482
MAG04925,MG_224083,360.55618
MAG04926,MG_224083,110.046394
MAG04927,MG_224083,91.70342
MAG04928,MG_224083,61.9675
MAG04929,MG_224083,80.56128
MAG04930,MG_224083,18.378199
MAG04931,MG_224083,83.70599
MAG04932,MG_224107,169.39853
MAG04933,MG_224107,19.782516
MAG04934,MG_224107,42.485664
MAG04935,MG_224410,70.35914
MAG04936,MG_224410,1203.6538
MAG04937,MG_224410,19.7146
MAG04938,MG_224410,22.932608
MAG04939,MG_224458,67.40784
MAG04940,MG_224458,41.821217
MAG04941,MG_224458,12.559041
MAG04942,MG_224458,29.349136
MAG04943,MG_224458,11.113459
MAG04944,MG_224458,20.16351
MAG04945,MG_224458,17.36871
MAG04946,MG_224458,6.699413
MAG04947,MG_224506,157.33672
MAG04948,MG_224558,1875.385
MAG04949,MG_224658,20.375797
MAG04950,MG_224658,19.283419
MAG04951,MG_224658,99.42687
MAG04952,MG_224917,20.162464
MAG04953,MG_224917,21.262053
MAG04954,MG_224917,30.02733
MAG04955,MG_224917,57.118706
MAG04956,MG_224917,67.99883
MAG04957,MG_224917,9.622059
MAG04958,MG_224941,30.138237
MAG04959,MG_224941,48.8248
MAG04960,MG_224941,643.4005
MAG04961,MG_224941,289.13013
MAG04962,MG_224941,68.206154
MAG04963,MG_224941,152.71922
MAG04964,MG_224941,30.242575
MAG04965,MG_224941,19.79533
MAG04966,MG_224941,22.894463
MAG04967,MG_224941,24.287388
MAG04968,MG_224941,16.150002
MAG04969,MG_224941,23.556263
MAG04970,MG_224941,67.08863
MAG04971,MG_224961,17.292881
MAG04972,MG_224961,21.638092
MAG04973,MG_224961,120.2544
MAG04974,MG_224961,58.641415
MAG04975,MG_224961,520.1612
MAG04976,MG_224961,178.63657
MAG04977,MG_224961,508.458
MAG04978,MG_224961,47.68513
MAG04979,MG_224961,327.14304
MAG04980,MG_224961,33.52041
MAG04981,MG_224961,364.26056
MAG04982,MG_224961,20.31248
MAG04983,MG_224961,19.97804
MAG04984,MG_224961,14.24568
MAG04985,MG_224961,22.373743
MAG04986,MG_224961,151.0123
MAG04987,MG_224961,15.237688
MAG04988,MG_225090,14.328749
MAG04989,MG_225090,13.693722
MAG04990,MG_225090,154.33333
MAG04991,MG_225118,113.64192
MAG04992,MG_225126,132.41872
MAG04993,MG_225150,23.575405
MAG04994,MG_225150,267.5546
MAG04995,MG_225729,19.285515
MAG04996,MG_225729,1617.8447
MAG04997,MG_225729,213.09477
MAG04998,MG_225776,143.80273
MAG04999,MG_226170,229.73163
MAG05000,MG_226170,9.486064
MAG05001,MG_226170,351.5733
MAG05002,MG_226170,4.8253975
MAG05003,MG_226170,24.242641
MAG05004,MG_226170,7.90177
MAG05005,MG_226170,423.5629
MAG05006,MG_226170,19.010977
MAG05007,MG_226170,13.282047
MAG05008,MG_226170,12.060901
MAG05009,MG_226170,75.68655
MAG05010,MG_226170,65.604614
MAG05011,MG_226198,23.505323
MAG05012,MG_226198,1059.9219
MAG05013,MG_226198,64.244415
MAG05014,MG_226214,12.97216
MAG05015,MG_226214,110.84265
MAG05016,MG_226214,109.871025
MAG05017,MG_226214,8.03015
MAG05018,MG_226241,220.03665
MAG05019,MG_226414,58.985664
MAG05020,MG_226414,69.02752
MAG05021,MG_226414,814.7456
MAG05022,MG_226446,374.6206
MAG05023,MG_226470,35.735394
MAG05024,MG_226470,102.50596
MAG05025,MG_226531,42.030983
MAG05026,MG_226531,146.42203
MAG05027,MG_226531,54.209938
MAG05028,MG_226574,7.444199
MAG05029,MG_226574,8.892772
MAG05030,MG_226574,1375.4639
MAG05031,MG_226574,23.370756
MAG05032,MG_226574,19.84902
MAG05033,MG_226574,17.526707
MAG05034,MG_226574,75.16299
MAG05035,MG_226574,7.6060157
MAG05036,MG_226574,334.7185
MAG05037,MG_226574,233.78024
MAG05038,MG_226594,860.01
MAG05039,MG_226740,64.0569
MAG05040,MG_226769,88.95606
MAG05041,MG_226787,38.20591
MAG05042,MG_226813,82.973015
MAG05043,MG_226813,12.13078
MAG05044,MG_226813,133.70975
MAG05045,MG_226813,73.96001
MAG05046,MG_226813,51.608925
MAG05047,MG_226813,32.686558
MAG05048,MG_226813,64.58424
MAG05049,MG_226813,119.12299
MAG05050,MG_226813,17.030542
MAG05051,MG_226813,8.518309
MAG05052,MG_226813,22.407537
MAG05053,MG_226813,6.6606913
MAG05054,MG_226813,62.463196
MAG05055,MG_226813,37.501637
MAG05056,MG_226813,109.899574
MAG05057,MG_226813,28.759026
MAG05058,MG_226813,45.730907
MAG05059,MG_226813,49.19455
MAG05060,MG_226897,118.74412
MAG05061,MG_226961,962.4062
MAG05062,MG_226961,22.658625
MAG05063,MG_227033,88.93365
MAG05064,MG_227093,189.83267
MAG05065,MG_227093,152.83008
MAG05066,MG_227093,30.879534
MAG05067,MG_227093,71.987015
MAG05068,MG_227093,27.172592
MAG05069,MG_227093,129.92027
MAG05070,MG_227093,27.733025
MAG05071,MG_227093,7.3745503
MAG05072,MG_227093,29.681988
MAG05073,MG_227093,129.84106
MAG05074,MG_227093,9.9456415
MAG05075,MG_227093,19.412014
MAG05076,MG_227093,59.567635
MAG05077,MG_227093,80.07382
MAG05078,MG_227093,12.439658
MAG05079,MG_227124,238.33987
MAG05080,MG_227124,72.79701
MAG05081,MG_227124,43.098145
MAG05082,MG_227124,6.164315
MAG05083,MG_227124,125.29904
MAG05084,MG_227124,75.11105
MAG05085,MG_227124,175.23769
MAG05086,MG_227124,17.078703
MAG05087,MG_227124,15.151115
MAG05088,MG_227124,32.829094
MAG05089,MG_227124,35.99085
MAG05090,MG_227124,42.54767
MAG05091,MG_227124,43.3233
MAG05092,MG_227124,31.556526
MAG05093,MG_227124,113.29062
MAG05094,MG_227124,14.485475
MAG05095,MG_227124,15.462561
MAG05096,MG_227124,51.38068
MAG05097,MG_227124,62.18133
MAG05098,MG_227124,7.89923
MAG05099,MG_227144,33.095284
MAG05100,MG_227144,13.065713
MAG05101,MG_227144,18.440617
MAG05102,MG_227144,29.733404
MAG05103,MG_227144,54.44557
MAG05104,MG_227144,10.089124
MAG05105,MG_227144,76.90378
MAG05106,MG_227144,9.897095
MAG05107,MG_227144,8.121239
MAG05108,MG_227144,13.287367
MAG05109,MG_227144,52.39863
MAG05110,MG_227144,9.7130995
MAG05111,MG_227144,16.192526
MAG05112,MG_227144,16.70508
MAG05113,MG_227144,25.89772
MAG05114,MG_227144,109.54494
MAG05115,MG_227144,7.1656938
MAG05116,MG_227168,28.483307
MAG05117,MG_227168,39.240284
MAG05118,MG_227168,22.723999
MAG05119,MG_227168,15.753551
MAG05120,MG_227168,66.298004
MAG05121,MG_227168,56.557194
MAG05122,MG_227168,19.579292
MAG05123,MG_227168,14.936023
MAG05124,MG_227168,146.10756
MAG05125,MG_227168,29.58257
MAG05126,MG_227168,143.40239
MAG05127,MG_227168,52.533745
MAG05128,MG_227168,20.98753
MAG05129,MG_227168,16.788488
MAG05130,MG_227168,66.83391
MAG05131,MG_227168,269.25967
MAG05132,MG_227168,85.70516
MAG05133,MG_227168,7.6632776
MAG05134,MG_227168,13.520626
MAG05135,MG_227168,80.74779
MAG05136,MG_227168,222.76749
MAG05137,MG_227168,157.97162
MAG05138,MG_227168,23.502165
MAG05139,MG_227188,7.726887
MAG05140,MG_227188,93.25944
MAG05141,MG_227188,12.70369
MAG05142,MG_227188,7.706055
MAG05143,MG_227188,224.79253
MAG05144,MG_227188,69.207825
MAG05145,MG_227188,282.82715
MAG05146,MG_227188,17.427649
MAG05147,MG_227188,309.84225
MAG05148,MG_227188,126.21305
MAG05149,MG_227188,11.450795
MAG05150,MG_227188,68.154106
MAG05151,MG_227188,99.44348
MAG05152,MG_227188,16.77884
MAG05153,MG_227188,46.50443
MAG05154,MG_227188,4.830309
MAG05155,MG_227188,5.3320637
MAG05156,MG_227188,135.4072
MAG05157,MG_227188,325.6964
MAG05158,MG_227188,40.579456
MAG05159,MG_227188,115.98002
MAG05160,MG_227188,82.32603
MAG05161,MG_227188,10.651413
MAG05162,MG_227188,60.60606
MAG05163,MG_227477,14.083251
MAG05164,MG_227477,53.03432
MAG05165,MG_227477,28.170681
MAG05166,MG_227477,310.9163
MAG05167,MG_227477,23.052246
MAG05168,MG_227477,295.29657
MAG05169,MG_227477,13.875622
MAG05170,MG_227477,59.86214
MAG05171,MG_227477,48.787212
MAG05172,MG_227477,25.465101
MAG05173,MG_227477,15.020804
MAG05174,MG_227477,249.57915
MAG05175,MG_227477,32.116844
MAG05176,MG_227477,75.36136
MAG05177,MG_227477,217.8353
MAG05178,MG_227477,17.92287
MAG05179,MG_227477,1855.9938
MAG05180,MG_227477,42.18946
MAG05181,MG_227505,459.47253
MAG05182,MG_227505,56.317047
MAG05183,MG_227505,134.45677
MAG05184,MG_227505,47.60939
MAG05185,MG_227505,274.78204
MAG05186,MG_227505,437.7326
MAG05187,MG_227505,85.14384
MAG05188,MG_227505,142.22437
MAG05189,MG_227505,250.02322
MAG05190,MG_227505,17.746061
MAG05191,MG_227505,135.67844
MAG05192,MG_227505,35.99635
MAG05193,MG_227505,163.69878
MAG05194,MG_227505,20.207785
MAG05195,MG_227525,204.9974
MAG05196,MG_227525,15.458471
MAG05197,MG_227525,39.34814
MAG05198,MG_227525,13.804914
MAG05199,MG_227525,17.742018
MAG05200,MG_227525,24.413733
MAG05201,MG_227525,776.1709
MAG05202,MG_227525,262.3807
MAG05203,MG_227525,13.242145
MAG05204,MG_227525,14.062995
MAG05205,MG_227525,602.3322
MAG05206,MG_227525,60.05595
MAG05207,MG_227525,35.499905
MAG05208,MG_227525,63.096188
MAG05209,MG_227525,32.981186
MAG05210,MG_227525,68.66383
MAG05211,MG_227525,130.10089
MAG05212,MG_228087,34.45602
MAG05213,MG_228087,209.568
MAG05214,MG_228135,1011.30475
MAG05215,MG_228135,42.4621
MAG05216,MG_228135,71.04337
MAG05217,MG_228135,17.607845
MAG05218,MG_228135,403.00412
MAG05219,MG_228135,10.112872
MAG05220,MG_228135,49.80746
MAG05221,MG_228135,38.344116
MAG05222,MG_228135,53.64837
MAG05223,MG_228135,8.950981
MAG05224,MG_228135,138.86368
MAG05225,MG_228135,22.145626
MAG05226,MG_228135,31.894249
MAG05227,MG_228135,19.089489
MAG05228,MG_228135,75.088326
MAG05229,MG_228135,10.293674
MAG05230,MG_228425,152.38484
MAG05231,MG_228472,48.46364
MAG05232,MG_228472,6.5636015
MAG05233,MG_228854,31.186123
MAG05234,MG_228854,229.43604
MAG05235,MG_228854,48.22089
MAG05236,MG_228854,29.678871
MAG05237,MG_228854,7.48794
MAG05238,MG_228854,63.445435
MAG05239,MG_228854,36.794876
MAG05240,MG_228854,12.3476305
MAG05241,MG_228854,7.6241474
MAG05242,MG_228854,9.284168
MAG05243,MG_228854,78.2371
MAG05244,MG_228885,72.36297
MAG05245,MG_228885,159.462
MAG05246,MG_228885,46.84955
MAG05247,MG_228885,15.872706
MAG05248,MG_228885,64.419426
MAG05249,MG_228885,157.04546
MAG05250,MG_228885,5.688213
MAG05251,MG_228885,119.54325
MAG05252,MG_228885,96.427864
MAG05253,MG_228885,11.088152
MAG05254,MG_228885,244.40808
MAG05255,MG_228885,13.127229
MAG05256,MG_228885,33.702763
MAG05257,MG_228885,28.861631
MAG05258,MG_228885,16.290203
MAG05259,MG_228885,69.04571
MAG05260,MG_228885,161.01414
MAG05261,MG_228909,95.2334
MAG05262,MG_228909,70.50975
MAG05263,MG_228909,20.131956
MAG05264,MG_228909,112.86327
MAG05265,MG_228909,88.65031
MAG05266,MG_228909,62.78215
MAG05267,MG_228909,30.13786
MAG05268,MG_228909,32.409584
MAG05269,MG_228909,170.17093
MAG05270,MG_228909,36.124573
MAG05271,MG_228909,73.171585
MAG05272,MG_228909,50.39173
MAG05273,MG_228909,39.91492
MAG05274,MG_228909,11.426033
MAG05275,MG_228953,124.8494
MAG05276,MG_228953,49.522205
MAG05277,MG_235318,2462.6863
MAG05278,MG_235371,66.91458
MAG05279,MG_235371,41.623455
MAG05280,MG_235371,8.868866
MAG05281,MG_235371,8.398676
MAG05282,MG_235371,9.461679
MAG05283,MG_235371,41.28783
MAG05284,MG_235371,11.917618
MAG05285,MG_235407,1208.8962
MAG05286,MG_235407,180.3319
MAG05287,MG_253534,1050.5394
MAG05288,MG_253574,560.59326
MAG05289,MG_253574,49.873287
MAG05290,MG_253630,362.59756
MAG05291,MG_253682,110.43876
MAG05292,MG_253759,602.5467
MAG05293,MG_255555,10.664146
MAG05294,MG_255555,121.419106
MAG05295,MG_255555,31.816355
MAG05296,MG_255555,1721.9147
MAG05297,MG_255555,505.03143
MAG05298,MG_255555,12.132644
MAG05299,MG_255555,100.82805
MAG05300,MG_255555,13.967801
MAG05301,MG_255555,194.66309
MAG05302,MG_255555,38.90254
MAG05303,MG_255555,24.929811
MAG05304,MG_255555,852.3934
MAG05305,MG_255555,32.158356
MAG05306,MG_255555,118.57208
MAG05307,MG_255555,21.296965
MAG05308,MG_255555,24.48931
MAG05309,MG_255555,9.6228075
MAG05310,MG_255555,12.942128
MAG05311,MG_255555,15.112713
MAG05312,MG_255555,147.65033
MAG05313,MG_255556,31.737328
MAG05314,MG_255556,115.14291
MAG05315,MG_255556,1133.0795
MAG05316,MG_255556,79.93592
MAG05317,MG_255556,27.254456
MAG05318,MG_255556,193.26225
MAG05319,MG_255556,44.025192
MAG05320,MG_255556,15.758062
MAG05321,MG_255556,81.87311
MAG05322,MG_255556,12.023464
MAG05323,MG_255556,12.102432
MAG05324,MG_255556,133.46576
MAG05325,MG_255556,38.755222
MAG05326,MG_255556,2150.38
MAG05327,MG_255556,105.62749
MAG05328,MG_255556,34.136562
MAG05329,MG_255556,151.73029
MAG05330,MG_255556,203.34949
MAG05331,MG_255556,13.380061
MAG05332,MG_255556,8.94095
MAG05333,MG_255556,83.80499
MAG05334,MG_255556,1598.9894
MAG05335,MG_255556,37.586887
MAG05336,MG_255556,11.928734
MAG05337,MG_255556,529.83704
MAG05338,MG_255556,114.49742
MAG05339,MG_255556,61.643738
MAG05340,MG_255556,9.649836
MAG05341,MG_255556,92.55554
MAG05342,MG_255556,7.243973
MAG05343,MG_255556,163.8124
MAG05344,MG_255557,70.582565
MAG05345,MG_255557,153.9929
MAG05346,MG_255557,807.9974
MAG05347,MG_255557,391.6208
MAG05348,MG_255557,768.05865
MAG05349,MG_255557,717.572
MAG05350,MG_255557,13.392627
MAG05351,MG_255557,41.916214
MAG05352,MG_255557,12.31979
MAG05353,MG_255557,15.64668
MAG05354,MG_255557,13.271222
MAG05355,MG_255557,72.65012
MAG05356,MG_255557,23.739271
MAG05357,MG_255557,13.4365635
MAG05358,MG_255557,219.55522
MAG05359,MG_255557,128.5507
MAG05360,MG_255557,8.731972
MAG05361,MG_255557,74.328156
MAG05362,MG_255557,66.65403
MAG05363,MG_255562,27.282751
MAG05364,MG_255562,16.45351
MAG05365,MG_255562,124.02784
MAG05366,MG_255563,23.372038
MAG05367,MG_255563,300.74368
MAG05368,MG_255566,25.926367
MAG05369,MG_255566,28.467772
MAG05370,MG_255566,15.388362
MAG05371,MG_255566,25.357676
MAG05372,MG_255566,15.234386
MAG05373,MG_255566,22.483728
MAG05374,MG_255566,5.7594805
MAG05375,MG_255567,46.383648
MAG05376,MG_255567,10.68776
MAG05377,MG_255567,408.0809
MAG05378,MG_255567,21.269579
MAG05379,MG_255567,7.3863955
MAG05380,MG_255567,105.663635
MAG05381,MG_255567,12.663881
MAG05382,MG_255567,47.333015
MAG05383,MG_255567,23.944918
MAG05384,MG_255568,24.824453
MAG05385,MG_255568,24.03904
MAG05386,MG_255568,7.007189
MAG05387,MG_255568,11.845047
MAG05388,MG_255568,8.395368
MAG05389,MG_255568,38.71285
MAG05390,MG_255568,58.700542
MAG05391,MG_255568,236.91795
MAG05392,MG_255568,39.97433
MAG05393,MG_255568,28.902357
MAG05394,MG_255568,14.58281
MAG05395,MG_255568,8.5726595
MAG05396,MG_255568,12.200934
MAG05397,MG_255568,24.68831
MAG05398,MG_255568,7.8114576
MAG05399,MG_255568,41.042492
MAG05400,MG_255568,15.924805
MAG05401,MG_255568,9.610692
MAG05402,MG_255568,7.8371453
MAG05403,MG_255568,295.45825
MAG05404,MG_255568,13.073668
MAG05405,MG_255568,67.99878
MAG05406,MG_255568,20.196024
MAG05407,MG_255568,9.373604
MAG05408,MG_255569,10.703891
MAG05409,MG_255569,257.99002
MAG05410,MG_255570,9.842065
MAG05411,MG_255570,75.7288
MAG05412,MG_255573,195.22235
MAG05413,MG_255573,359.63306
MAG05414,MG_255573,243.76639
MAG05415,MG_255573,6.1721387
MAG05416,MG_255573,7.7861605
MAG05417,MG_255573,1137.9865
MAG05418,MG_255573,30.70272
MAG05419,MG_255573,25.999126
MAG05420,MG_255573,8.772111
MAG05421,MG_255573,77.90699
MAG05422,MG_255573,52.32871
MAG05423,MG_255573,79.71406
MAG05424,MG_255580,49.25653
MAG05425,MG_255580,12.228846
MAG05426,MG_255580,504.67007
MAG05427,MG_255580,216.14088
MAG05428,MG_255580,22.103601
MAG05429,MG_255580,62.32934
MAG05430,MG_255580,18.315052
MAG05431,MG_255580,31.05967
MAG05432,MG_255580,8.143283
MAG05433,MG_255580,22.936335
MAG05434,MG_255580,7.950791
MAG05435,MG_255580,99.364334
MAG05436,MG_255580,192.86488
MAG05437,MG_255580,18.265402
MAG05438,MG_255580,12.925912
MAG05439,MG_255580,161.08846
MAG05440,MG_255580,9.65095
MAG05441,MG_255580,61.064342
MAG05442,MG_255580,220.86592
MAG05443,MG_255581,40.758244
MAG05444,MG_255582,86.19872
MAG05445,MG_255582,15.916132
MAG05446,MG_255582,62.128254
MAG05447,MG_255582,30.054537
MAG05448,MG_255582,36.775127
MAG05449,MG_255582,16.578928
MAG05450,MG_255582,38.12556
MAG05451,MG_255582,8.987666
MAG05452,MG_255582,10.638452
MAG05453,MG_255582,20.810907
MAG05454,MG_255582,7.876379
MAG05455,MG_255585,107.38493
MAG05456,MG_255585,96.975296
MAG05457,MG_255589,13.134202
MAG05458,MG_255589,9.086807
MAG05459,MG_255589,64.92606
MAG05460,MG_255589,100.50768
MAG05461,MG_255589,16.363613
MAG05462,MG_255590,25.627344
MAG05463,MG_255590,56.218296
MAG05464,MG_255590,8.239379
MAG05465,MG_255590,11.929776
MAG05466,MG_255590,53.795376
MAG05467,MG_255590,50.281757
MAG05468,MG_255590,13.261123
MAG05469,MG_255590,10.747289
MAG05470,MG_255592,46.00509
MAG05471,MG_255592,19.34347
MAG05472,MG_255592,6.4972296
MAG05473,MG_255592,49.173027
MAG05474,MG_255592,32.47466
MAG05475,MG_255592,9.9094095
MAG05476,MG_255592,24.087687
MAG05477,MG_255592,110.778114
MAG05478,MG_255592,148.56723
MAG05479,MG_255592,104.43597
MAG05480,MG_255597,24.148542
MAG05481,MG_255597,431.72348
MAG05482,MG_255597,34.31702
MAG05483,MG_255597,9.072063
MAG05484,MG_255597,136.75575
MAG05485,MG_255597,25.104822
MAG05486,MG_255597,17.521627
MAG05487,MG_255597,87.15012
MAG05488,MG_255597,121.72166
MAG05489,MG_255597,185.74892
MAG05490,MG_255597,89.64754
MAG05491,MG_255597,51.684326
MAG05492,MG_255597,16.903612
MAG05493,MG_255597,18.919886
MAG05494,MG_255597,71.15871
MAG05495,MG_255597,143.18896
MAG05496,MG_255597,11.197088
MAG05497,MG_255597,53.91054
MAG05498,MG_255597,245.11433
MAG05499,MG_255597,669.1241
MAG05500,MG_255597,9.180595
MAG05501,MG_255597,292.38785
MAG05502,MG_255597,69.46772
MAG05503,MG_255597,22.746544
MAG05504,MG_255597,119.89276
MAG05505,MG_255598,413.6172
MAG05506,MG_255598,18.860153
MAG05507,MG_255598,81.74702
MAG05508,MG_255598,7.285608
MAG05509,MG_255610,46.7711
MAG05510,MG_255610,512.41724
MAG05511,MG_255610,15.501007
MAG05512,MG_255610,26.455647
MAG05513,MG_255610,62.946377
MAG05514,MG_255610,183.4241
MAG05515,MG_255610,288.87994
MAG05516,MG_255610,12.045716
MAG05517,MG_255610,127.20259
MAG05518,MG_255610,23.355957
MAG05519,MG_255610,24.909687
MAG05520,MG_255610,9.383537
MAG05521,MG_255610,11.734939
MAG05522,MG_255610,100.81615
MAG05523,MG_255610,15.040269
MAG05524,MG_255611,13.070172
MAG05525,MG_255611,1171.6672
MAG05526,MG_255612,165.97372
MAG05527,MG_255612,32.232174
MAG05528,MG_255612,49.50683
MAG05529,MG_255612,34.169857
MAG05530,MG_255612,360.5734
MAG05531,MG_255612,10.040789
MAG05532,MG_255612,773.17896
MAG05533,MG_255612,31.337267
MAG05534,MG_255612,44.041676
MAG05535,MG_255612,52.233467
MAG05536,MG_255612,65.910515
MAG05537,MG_255612,64.813576
MAG05538,MG_255612,100.70803
MAG05539,MG_255614,170.71872
MAG05540,MG_255614,31.067188
MAG05541,MG_255616,12.62709
MAG05542,MG_255616,61.619335
MAG05543,MG_255616,8.252128
MAG05544,MG_255616,73.614624
MAG05545,MG_255616,11.712557
MAG05546,MG_255616,23.376362
MAG05547,MG_255616,45.368603
MAG05548,MG_255616,7.5724916
MAG05549,MG_255616,266.73462
MAG05550,MG_255616,89.41584
MAG05551,MG_255616,56.889694
MAG05552,MG_255616,43.81901
MAG05553,MG_255616,42.527397
MAG05554,MG_255616,63.694572
MAG05555,MG_255616,88.03142
MAG05556,MG_255616,44.58481
MAG05557,MG_255616,41.60967
MAG05558,MG_255616,99.39636
MAG05559,MG_255634,12.508444
MAG05560,MG_255634,101.00287
MAG05561,MG_255635,15.558869
MAG05562,MG_255635,26.104921
MAG05563,MG_255635,31.245228
MAG05564,MG_255635,14.127678
MAG05565,MG_255635,10.14121
MAG05566,MG_255635,37.518223
MAG05567,MG_255635,428.83456
MAG05568,MG_255635,233.13461
MAG05569,MG_255635,59.9684
MAG05570,MG_255635,7.983902
MAG05571,MG_255635,14.991609
MAG05572,MG_255635,10.559002
MAG05573,MG_255635,57.220154
MAG05574,MG_255635,19.459337
MAG05575,MG_255635,23.59806
MAG05576,MG_255635,23.258675
MAG05577,MG_255635,13.847631
MAG05578,MG_255635,25.462381
MAG05579,MG_255635,13.020291
MAG05580,MG_255645,22.118603
MAG05581,MG_255645,24.132732
MAG05582,MG_255645,18.9464
MAG05583,MG_255645,25.303759
MAG05584,MG_255645,15.076182
MAG05585,MG_255645,6.407657
MAG05586,MG_255645,20.424261
MAG05587,MG_255646,26.79101
MAG05588,MG_255646,10.603509
MAG05589,MG_255646,18.53959
MAG05590,MG_255646,94.45497
MAG05591,MG_255646,1041.8936
MAG05592,MG_255646,223.68456
MAG05593,MG_255646,43.312195
MAG05594,MG_255646,1617.6718
MAG05595,MG_255646,12.073581
MAG05596,MG_255646,18.741722
MAG05597,MG_255646,9.448064
MAG05598,MG_255646,9.87534
MAG05599,MG_255646,19.357054
MAG05600,MG_255646,25.818626
MAG05601,MG_255646,8.734178
MAG05602,MG_255646,293.13614
MAG05603,MG_255646,37.19676
MAG05604,MG_255646,124.350136
MAG05605,MG_255646,9.015173
MAG05606,MG_255646,32.399044
MAG05607,MG_255646,536.1474
MAG05608,MG_255646,52.402615
MAG05609,MG_255646,10.703281
MAG05610,MG_255646,109.55987
MAG05611,MG_255646,9.632677
MAG05612,MG_255646,46.564377
MAG05613,MG_255656,40.091946
MAG05614,MG_255656,76.79896
MAG05615,MG_255656,95.87091
MAG05616,MG_255656,157.73825
MAG05617,MG_255656,12.124161
MAG05618,MG_255656,1773.666
MAG05619,MG_255656,968.64014
MAG05620,MG_255656,72.19455
MAG05621,MG_255656,11.962322
MAG05622,MG_255656,19.799303
MAG05623,MG_255656,16.884146
MAG05624,MG_255656,16.482056
MAG05625,MG_255656,20.264647
MAG05626,MG_255656,16.131983
MAG05627,MG_255656,16.601671
MAG05628,MG_255656,10.211121
MAG05629,MG_255656,135.98196
MAG05630,MG_255656,142.28528
MAG05631,MG_255657,26.2977
MAG05632,MG_255657,87.42083
MAG05633,MG_255657,6.20903
MAG05634,MG_255657,54.807545
MAG05635,MG_255657,6.692819
MAG05636,MG_255658,24.354921
MAG05637,MG_255658,38.702908
MAG05638,MG_255658,364.1657
MAG05639,MG_255658,44.47585
MAG05640,MG_255658,32.62106
MAG05641,MG_255658,7.426959
MAG05642,MG_255659,562.2172
MAG05643,MG_255660,415.16208
MAG05644,MG_255663,15.533793
MAG05645,MG_255663,11.701482
MAG05646,MG_255663,8.202212
MAG05647,MG_255663,71.08402
MAG05648,MG_255663,22.568602
MAG05649,MG_255663,780.54016
MAG05650,MG_255663,92.43628
MAG05651,MG_255666,487.30124
MAG05652,MG_255666,37.74936
MAG05653,MG_255666,128.23596
MAG05654,MG_255666,25.604088
MAG05655,MG_255666,7.6338687
MAG05656,MG_255666,73.65726
MAG05657,MG_255666,7.9023786
MAG05658,MG_255666,20.442032
MAG05659,MG_255666,26.689053
MAG05660,MG_255666,11.728627
MAG05661,MG_255666,90.88611
MAG05662,MG_255666,932.5134
MAG05663,MG_255666,38.63669
MAG05664,MG_255666,30.816492
MAG05665,MG_255666,383.82663
MAG05666,MG_255666,4.4773006
MAG05667,MG_255666,23.679106
MAG05668,MG_255666,150.66559
MAG05669,MG_255666,28.760906
MAG05670,MG_255666,24.604506
MAG05671,MG_255666,8.617534
MAG05672,MG_255666,107.52547
MAG05673,MG_255666,22.285217
MAG05674,MG_255672,394.9989
MAG05675,MG_255672,42.040157
MAG05676,MG_255672,8.590676
MAG05677,MG_255672,52.891567
MAG05678,MG_255672,70.176994
MAG05679,MG_255672,13.16213
MAG05680,MG_255672,70.39663
MAG05681,MG_255672,11.585664
MAG05682,MG_255672,30.966045
MAG05683,MG_255672,61.291637
MAG05684,MG_255672,90.02352
MAG05685,MG_255672,47.38805
MAG05686,MG_255672,145.00339
MAG05687,MG_255672,71.863815
MAG05688,MG_255672,10.359887
MAG05689,MG_255672,12.20046
MAG05690,MG_255672,8.358981
MAG05691,MG_255672,69.32824
MAG05692,MG_255672,13.782324
MAG05693,MG_255673,631.2821
MAG05694,MG_255673,17.547016
MAG05695,MG_255673,14.567185
MAG05696,MG_255673,11.192506
MAG05697,MG_255673,83.31065
MAG05698,MG_255677,8.766814
MAG05699,MG_255677,44.535904
MAG05700,MG_255677,31.005783
MAG05701,MG_255677,1317.7349
MAG05702,MG_255677,141.1343
MAG05703,MG_255677,8.455698
MAG05704,MG_255677,86.45764
MAG05705,MG_255677,11.706246
MAG05706,MG_255677,11.070226
MAG05707,MG_255677,94.21529
MAG05708,MG_255677,175.99797
MAG05709,MG_255677,43.370144
MAG05710,MG_255677,16.014174
MAG05711,MG_255680,30.340069
MAG05712,MG_255680,20.90072
MAG05713,MG_255680,56.832275
MAG05714,MG_255680,15.707899
MAG05715,MG_255680,55.941956
MAG05716,MG_255680,232.15076
MAG05717,MG_255680,111.60938
MAG05718,MG_255680,5.210837
MAG05719,MG_255680,18.927681
MAG05720,MG_255680,33.98638
MAG05721,MG_255680,9.84827
MAG05722,MG_255680,17.411198
MAG05723,MG_255680,52.624825
MAG05724,MG_255680,172.12146
MAG05725,MG_255680,107.52502
MAG05726,MG_255680,24.825989
MAG05727,MG_255681,424.09122
MAG05728,MG_255689,15.397941
MAG05729,MG_255689,10.563794
MAG05730,MG_255689,8.558752
MAG05731,MG_255689,49.35684
MAG05732,MG_255689,44.397945
MAG05733,MG_255689,8.943277
MAG05734,MG_255689,43.035625
MAG05735,MG_255689,240.93222
MAG05736,MG_255689,13.325941
MAG05737,MG_255689,13.66075
MAG05738,MG_255689,10.624779
MAG05739,MG_255689,21.44997
MAG05740,MG_255690,14.545208
MAG05741,MG_255690,14.599989
MAG05742,MG_255690,31.42608
MAG05743,MG_255690,199.64175
MAG05744,MG_255690,56.91414
MAG05745,MG_255690,133.83226
MAG05746,MG_255690,127.65394
MAG05747,MG_255691,152.08269
MAG05748,MG_255692,223.71397
MAG05749,MG_255693,21.919096
MAG05750,MG_255693,9.379587
MAG05751,MG_255693,7.862399
MAG05752,MG_255693,12.941772
MAG05753,MG_255693,20.385103
MAG05754,MG_255693,29.425007
MAG05755,MG_255694,17.199572
MAG05756,MG_255694,11.240596
MAG05757,MG_255694,11.108394
MAG05758,MG_255694,10.860706
MAG05759,MG_255694,23.788603
MAG05760,MG_255694,21.941404
MAG05761,MG_255694,54.911465
MAG05762,MG_255694,17.726723
MAG05763,MG_256775,12.553365
MAG05764,MG_256775,835.9538
MAG05765,MG_256831,2661.2966
MAG05766,MG_256903,71.8998
MAG05767,MG_256968,1235.8755
MAG05768,MG_257032,84.30033
MAG05769,MG_261195,94.97027
MAG05770,MG_261195,37.621635
MAG05771,MG_261195,15.265022
MAG05772,MG_261195,11.74831
MAG05773,MG_261195,58.211838
MAG05774,MG_261195,89.08471
MAG05775,MG_261275,654.83344
MAG05776,MG_262965,1716.6815
MAG05777,MG_262997,307.48923
MAG05778,MG_262997,9.095351
MAG05779,MG_262997,34.357494
MAG05780,MG_263077,68.68813
MAG05781,MG_263077,286.5797
MAG05782,MG_263162,536.9327
MAG05783,MG_263162,188.03322
MAG05784,MG_263210,3183.9968
MAG05785,MG_30_00525_02,42.626507
MAG05786,MG_30_00525_02,55.718082
MAG05787,MG_30_00525_02,1585.2332
MAG05788,MG_30_00525_02,129.22818
MAG05789,MG_30_00525_02,39.306988
MAG05790,MG_30_00525_02,1716.8307
MAG05791,MG_30_00525_02,47.05609
MAG05792,MG_30_00525_02,32.946995
MAG05793,MG_30_00525_02,49.567272
MAG05794,MG_30_00525_02,39.055492
MAG05795,MG_30_00525_02,36.591343
MAG05796,MG_30_00525_02,198.18811
MAG05797,MG_30_00525_02,177.81161
MAG05798,MG_30_00525_02,64.19174
MAG05799,MG_30_00525_02,87.391655
MAG05800,MG_30_00525_02,35.851322
MAG05801,MG_30_00525_02,40.909107
MAG05802,MG_30_00525_02,38.063076
MAG05803,MG_30_00525_02,100.26236
MAG05804,MG_30_00525_02,117.14567
MAG05805,MG_30_00528_02,35.707584
MAG05806,MG_30_00528_02,18.055328
MAG05807,MG_30_00528_02,23.300194
MAG05808,MG_30_00528_02,74.03667
MAG05809,MG_30_00532_04,38.856052
MAG05810,MG_30_00532_04,115.25308
MAG05811,MG_30_00532_04,43.347553
MAG05812,MG_30_00532_04,60.897804
MAG05813,MG_30_00532_04,119.32806
MAG05814,MG_30_00532_04,236.28957
MAG05815,MG_30_00532_04,63.300976
MAG05816,MG_30_00532_04,23.535238
MAG05817,MG_30_00532_04,44.465794
MAG05818,MG_30_00532_04,28.770655
MAG05819,MG_30_00532_04,140.71432
MAG05820,MG_30_00532_04,51.04676
MAG05821,MG_30_00536_05,628.62946
MAG05822,MG_30_00536_05,44.065712
MAG05823,MG_30_00544_05,20.7022
MAG05824,MG_30_00544_05,19.24725
MAG05825,MG_30_00544_05,19.540062
MAG05826,MG_30_00544_05,77.44974
MAG05827,MG_30_00544_05,43.848103
MAG05828,MG_30_00544_05,28.031075
MAG05829,MG_30_00544_05,12.219396
MAG05830,MG_30_00544_05,18.922659
MAG05831,MG_30_00544_05,33.98415
MAG05832,MG_30_00544_05,97.879005
MAG05833,MG_30_00545_03,114.196236
MAG05834,MG_30_00545_03,1649.0791
MAG05835,MG_30_00547_04,1386.3495
MAG05836,MG_30_00548_02,40.146267
MAG05837,MG_30_00548_02,677.2048
MAG05838,MG_30_00553_04,34.21221
MAG05839,MG_30_00553_04,1072.2714
MAG05840,MG_30_00558_04,13.447919
MAG05841,MG_30_00558_04,45.52099
MAG05842,MG_30_00558_04,410.81232
MAG05843,MG_30_00558_04,12.92485
MAG05844,MG_30_00566_04,422.47516
MAG05845,MG_30_00568_05,14.546664
MAG05846,MG_30_00568_05,196.81105
MAG05847,MG_30_00568_05,60.25822
MAG05848,MG_30_00568_05,31.628622
MAG05849,MG_30_00568_05,38.523724
MAG05850,MG_30_00568_05,27.207441
MAG05851,MG_30_00569_03,1726.0133
MAG05852,MG_30_00594_02,179.27669
MAG05853,MG_30_00594_02,160.97668
MAG05854,MG_30_00595_02,331.90088
MAG05855,MG_30_00596_05,338.66287
MAG05856,MG_30_00596_05,80.76334
MAG05857,MG_30_00596_05,27.54689
MAG05858,MG_30_00600_05,30.827585
MAG05859,MG_30_00600_05,77.53494
MAG05860,MG_30_00600_05,13.262672
MAG05861,MG_30_00600_05,81.66318
MAG05862,MG_30_00600_05,11.793324
MAG05863,MG_30_00600_05,10.873088
MAG05864,MG_30_00600_05,20.111269
MAG05865,MG_30_00600_05,14.986641
MAG05866,MG_30_00600_05,13.817866
MAG05867,MG_30_00600_05,53.194263
MAG05868,MG_30_00600_05,14.8802595
MAG05869,MG_30_00600_05,36.238518
MAG05870,MG_30_00600_05,118.381744
MAG05871,MG_30_00600_05,60.004765
MAG05872,MG_30_00600_05,172.07259
MAG05873,MG_30_00600_05,23.967554
MAG05874,MG_30_00600_05,43.588043
MAG05875,MG_30_00600_05,34.131245
MAG05876,MG_30_00600_05,24.460268
MAG05877,MG_30_00600_05,10.315914
MAG05878,MG_30_00609_05,71.44067
MAG05879,MG_30_00609_05,662.5452
MAG05880,MG_30_00609_05,241.58803
MAG05881,MG_30_00609_05,31.04604
MAG05882,MG_30_00620_03,35.776978
MAG05883,MG_30_00620_03,355.20685
MAG05884,MG_30_04004_02,27.796633
MAG05885,MG_30_04004_02,81.15076
MAG05886,MG_30_04004_02,1800.243
MAG05887,MG_30_04004_02,566.8868
MAG05888,MG_30_04004_02,276.2084
MAG05889,MG_30_04004_02,62.577785
MAG05890,MG_30_04004_02,2102.6309
MAG05891,MG_30_04004_02,19.901894
MAG05892,MG_30_04004_02,107.60063
MAG05893,MG_30_04004_02,25.26876
MAG05894,MG_30_04004_02,159.57256
MAG05895,MG_30_04004_02,99.55113
MAG05896,MG_30_04004_02,103.36974
MAG05897,MG_30_04004_02,128.64299
MAG05898,MG_30_04004_02,13.9404545
MAG05899,MG_30_04004_02,266.5087
MAG05900,MG_30_04004_02,329.50214
MAG05901,MG_30_04004_02,354.36917
MAG05902,MG_30_04004_02,20.807442
MAG05903,MG_30_04004_02,132.98132
MAG05904,MG_30_04004_02,26.450338
MAG05905,MG_30_04004_02,28.434519
MAG05906,MG_30_04010_04,2012.3475
MAG05907,MG_30_04017_02,23.140282
MAG05908,MG_30_04017_02,453.25217
MAG05909,MG_30_04017_02,24.926428
MAG05910,MG_30_04017_02,93.03208
MAG05911,MG_30_04017_02,14.37373
MAG05912,MG_30_04017_02,23.593723
MAG05913,MG_30_04017_02,650.2508
MAG05914,MG_30_04017_02,398.27078
MAG05915,MG_30_04017_02,67.98435
MAG05916,MG_30_04017_02,47.130802
MAG05917,MG_30_04017_02,49.033108
MAG05918,MG_30_04017_02,79.011345
MAG05919,MG_30_04017_02,41.178944
MAG05920,MG_30_04017_02,18.197813
MAG05921,MG_30_04017_02,54.88909
MAG05922,MG_30_04023_05,36.842754
MAG05923,MG_30_04023_05,13.891957
MAG05924,MG_30_04023_05,39.667065
MAG05925,MG_30_04023_05,84.60517
MAG05926,MG_30_04023_05,38.056847
MAG05927,MG_30_04023_05,29.458487
MAG05928,MG_30_04023_05,29.567377
MAG05929,MG_30_04027_03,1368.9924
MAG05930,MG_30_04033_03,166.11403
MAG05931,MG_30_04033_03,60.058926
MAG05932,MG_30_04033_03,3311.0117
MAG05933,MG_30_04034_05,25.676233
MAG05934,MG_30_04034_05,100.89297
MAG05935,MG_30_04034_05,23.246323
MAG05936,MG_30_04034_05,903.14307
MAG05937,MG_30_04034_05,32.06276
MAG05938,MG_30_04034_05,71.87036
MAG05939,MG_30_04036_04,136.39696
MAG05940,MG_30_04036_04,126.4006
MAG05941,MG_30_04040_03,783.6247
MAG05942,MG_30_04043_03,20.801535
MAG05943,MG_30_04043_03,24.979362
MAG05944,MG_30_04043_03,16.62077
MAG05945,MG_30_04043_03,181.64934
MAG05946,MG_30_04043_03,13.960075
MAG05947,MG_30_04043_03,468.89316
MAG05948,MG_30_04047_05,275.37228
MAG05949,MG_30_04047_05,695.9837
MAG05950,MG_30_04058_05,2956.0127
MAG05951,MG_30_04058_05,1491.0032
MAG05952,MG_30_04082_03,5492.1245
MAG05953,MG_30_04082_03,174.21268
MAG05954,MG_30_04087_05,35.692165
MAG05955,MG_30_04087_05,848.0604
MAG05956,MG_30_04087_05,18.09366
MAG05957,MG_30_04088_05,170.511
MAG05958,MG_30_04089_05,89.20356
MAG05959,MG_30_04089_05,660.6177
MAG05960,MG_30_04089_05,128.70712
MAG05961,MG_30_04094_03,14.504727
MAG05962,MG_30_04094_03,100.24627
MAG05963,MG_30_04094_03,51.881325
MAG05964,MG_30_04094_03,62.031635
MAG05965,MG_30_04094_03,102.46307
MAG05966,MG_30_04094_03,50.793064
MAG05967,MG_30_04094_03,51.712715
MAG05968,MG_30_04094_03,245.30205
MAG05969,MG_30_04094_03,23.639105
MAG05970,MG_30_04094_03,82.361206
MAG05971,MG_30_04094_03,26.374765
MAG05972,MG_30_04094_03,36.72095
MAG05973,MG_30_04094_03,137.35004
MAG05974,MG_30_04094_03,28.871279
MAG05975,MG_30_04094_03,60.848614
MAG05976,MG_30_04094_03,28.122456
MAG05977,MG_30_04094_03,24.84211
MAG05978,MG_30_04094_03,1512.42
MAG05979,MG_30_04094_03,82.61637
MAG05980,MG_30_04094_03,60.95648
MAG05981,MG_30_04094_03,664.1806
MAG05982,MG_30_04094_03,24.803823
MAG05983,MG_30_04094_03,202.05994
MAG05984,MG_30_04094_03,45.989834
MAG05985,MG_30_04094_03,21.17196
MAG05986,MG_30_04101_03,15.150556
MAG05987,MG_30_04101_03,107.37634
MAG05988,MG_30_04101_03,58.594498
MAG05989,MG_30_04101_03,74.87338
MAG05990,MG_30_04101_03,64.53286
MAG05991,MG_30_04101_03,29.740005
MAG05992,MG_30_04101_03,14.261138
MAG05993,MG_30_04101_03,11.342001
MAG05994,MG_30_04101_03,99.20106
MAG05995,MG_30_04101_03,24.4756
MAG05996,MG_30_04101_03,11.407033
MAG05997,MG_30_04101_03,92.36524
MAG05998,MG_30_04101_03,41.153023
MAG05999,MG_30_04101_03,450.5171
MAG06000,MG_30_04101_03,71.720406
MAG06001,MG_30_04104_03,154.93439
MAG06002,MG_30_04104_03,20.52888
MAG06003,MG_30_04104_03,5387.792
MAG06004,MG_30_04104_03,18.511576
MAG06005,MG_30_04104_03,1074.4211
MAG06006,MG_30_04104_03,21.43087
MAG06007,MG_30_04104_03,56.647697
MAG06008,MG_30_04104_03,1089.6499
MAG06009,MG_30_04104_03,172.30693
MAG06010,MG_30_04104_03,69.32234
MAG06011,MG_30_04104_03,82.89489
MAG06012,MG_30_04104_03,409.33636
MAG06013,MG_30_04104_03,37.273457
MAG06014,MG_30_04104_03,1919.8855
MAG06015,MG_30_04104_03,41.617294
MAG06016,MG_30_04104_03,105.429955
MAG06017,MG_30_04106_03,2298.2903
MAG06018,MG_30_04106_03,11.160835
MAG06019,MG_30_04106_03,26.541365
MAG06020,MG_30_04106_03,48.32045
MAG06021,MG_30_04106_03,110.56335
MAG06022,MG_30_04106_03,18.474627
MAG06023,MG_30_04106_03,105.06886
MAG06024,MG_30_04106_03,39.197403
MAG06025,MG_30_04106_03,23.36859
MAG06026,MG_30_04106_03,21.850986
MAG06027,MG_30_04107_03,12.18944
MAG06028,MG_30_04107_03,35.523407
MAG06029,MG_30_04107_03,18.212185
MAG06030,MG_30_04107_03,26.863398
MAG06031,MG_30_04107_03,925.928
MAG06032,MG_30_04107_03,213.33476
MAG06033,MG_30_04107_03,48.174774
MAG06034,MG_30_04107_03,17.367601
MAG06035,MG_30_04107_03,11.795331
MAG06036,MG_30_04107_03,93.70829
MAG06037,MG_30_04107_03,65.657036
MAG06038,MG_30_04123_03,2038.7896
MAG06039,MG_30_04124_03,17.963558
MAG06040,MG_30_04124_03,87.06494
MAG06041,MG_30_04124_03,234.17384
MAG06042,MG_30_04124_03,19.080162
MAG06043,MG_30_04124_03,33.111835
MAG06044,MG_30_04127_05,446.9268
MAG06045,MG_30_04128_03,51.24096
MAG06046,MG_30_04128_03,66.50662
MAG06047,MG_30_04128_03,556.4117
MAG06048,MG_30_04128_03,122.936874
MAG06049,MG_30_04128_03,75.9464
MAG06050,MG_30_04128_03,23.834887
MAG06051,MG_30_04128_03,1530.252
MAG06052,MG_30_04128_03,32.01879
MAG06053,MG_30_04129_03,27.215048
MAG06054,MG_30_04129_03,444.99762
MAG06055,MG_30_04129_03,30.112371
MAG06056,MG_30_04129_03,69.84182
MAG06057,MG_30_04129_03,11.246629
MAG06058,MG_30_04129_03,48.601593
MAG06059,MG_30_04129_03,15.701721
MAG06060,MG_30_04135_05,67.09001
MAG06061,MG_30_04135_05,681.7717
MAG06062,MG_30_04135_05,331.89014
MAG06063,MG_30_04135_05,224.16592
MAG06064,MG_30_04135_05,68.66715
MAG06065,MG_30_04135_05,538.2105
MAG06066,MG_30_04135_05,950.54047
MAG06067,MG_30_04135_05,47.174614
MAG06068,MG_30_04765_04,19.49066
MAG06069,MG_30_04765_04,158.11346
MAG06070,MG_30_04765_04,661.00946
MAG06071,MG_30_04765_04,516.54895
MAG06072,MG_30_04765_04,3242.088
MAG06073,MG_30_04765_04,48.041687
MAG06074,MG_30_04765_04,666.8592
MAG06075,MG_30_04765_04,122.68847
MAG06076,MG_30_04765_04,39.829685
MAG06077,MG_30_04765_04,100.39417
MAG06078,MG_30_04765_04,248.57881
MAG06079,MG_30_04765_04,20.05454
MAG06080,MG_30_04765_04,33.168438
MAG06081,MG_30_04791_02,105.74574
MAG06082,MG_30_04791_02,1487.4506
MAG06083,MG_30_04791_02,230.6368
MAG06084,MG_30_04801_04,12.729625
MAG06085,MG_30_04801_04,353.4124
MAG06086,MG_30_04801_04,20.71203
MAG06087,MG_30_04801_04,168.58817
MAG06088,MG_30_04801_04,229.93097
MAG06089,MG_30_04801_04,15.731349
MAG06090,MG_30_04801_04,32.809708
MAG06091,MG_30_04801_04,629.9607
MAG06092,MG_30_04801_04,29.79238
MAG06093,MG_30_04801_04,71.76018
MAG06094,MG_30_04801_04,164.96545
MAG06095,MG_30_04801_04,17.311853
MAG06096,MG_30_04801_04,39.576138
MAG06097,MG_30_04801_04,42.55004
MAG06098,MG_30_04801_04,56.921524
MAG06099,MG_30_04801_04,550.70135
MAG06100,MG_30_04801_04,32.37792
MAG06101,MG_30_04809_04,693.4111
MAG06102,MG_30_04820_02,1869.8615
MAG06103,MG_30_04820_02,202.9096
MAG06104,MG_30_04911_05,91.039536
MAG06105,MG_30_04911_05,63.53303
MAG06106,MG_30_04911_05,61.51485
MAG06107,MG_30_04911_05,595.4969
MAG06108,MG_30_04911_05,17.259161
MAG06109,MG_30_04911_05,362.49185
MAG06110,MG_30_04911_05,14.192526
MAG06111,MG_30_04911_05,128.24042
MAG06112,MG_30_04911_05,25.420803
MAG06113,MG_30_04911_05,39.69401
MAG06114,MG_30_04911_05,870.8305
MAG06115,MG_30_04911_05,388.05276
MAG06116,MG_30_04911_05,25.49462
MAG06117,MG_30_04913_03,632.8864
MAG06118,MG_30_04913_03,11.279805
MAG06119,MG_30_04913_03,110.03999
MAG06120,MG_30_04913_03,36.019157
MAG06121,MG_30_04913_03,784.5169
MAG06122,MG_30_04913_03,664.1323
MAG06123,MG_30_04913_03,32.826065
MAG06124,MG_30_04913_03,30.441616
MAG06125,MG_30_04913_03,17.290905
MAG06126,MG_30_04913_03,137.10126
MAG06127,MG_30_04913_03,40.75483
MAG06128,MG_30_04913_03,87.04283
MAG06129,MG_30_04913_03,112.178
MAG06130,MG_30_04914_05,407.52518
MAG06131,MG_30_04914_05,69.862854
MAG06132,MG_30_04914_05,195.47456
MAG06133,MG_30_04916_02,64.04656
MAG06134,MG_30_04916_02,45.814137
MAG06135,MG_30_04916_02,226.08691
MAG06136,MG_30_04916_02,17.84967
MAG06137,MG_30_04916_02,93.83306
MAG06138,MG_30_04916_02,28.34025
MAG06139,MG_30_04916_02,37.0949
MAG06140,MG_30_04916_02,48.078163
MAG06141,MG_30_04916_02,34.274918
MAG06142,MG_30_04916_02,20.09544
MAG06143,MG_30_04916_02,624.7246
MAG06144,MG_30_04916_02,330.7744
MAG06145,MG_30_04916_02,91.097626
MAG06146,MG_30_04916_02,57.56358
MAG06147,MG_30_04916_02,59.61445
MAG06148,MG_30_04916_02,47.28762
MAG06149,MG_30_04916_02,129.00323
MAG06150,MG_30_04916_02,207.26617
MAG06151,MG_30_04921_03,1118.578
MAG06152,MG_30_04922_03,57.845184
MAG06153,MG_30_04922_03,19.29388
MAG06154,MG_30_04922_03,1586.6738
MAG06155,MG_30_04922_03,103.73969
MAG06156,MG_30_04922_03,47.909977
MAG06157,MG_30_04922_03,694.4169
MAG06158,MG_30_04922_03,33.593334
MAG06159,MG_30_04934_05,594.94135
MAG06160,MG_30_04934_05,29.797228
MAG06161,MG_30_04945_04,36.953465
MAG06162,MG_30_04945_04,2754.1887
MAG06163,MG_30_04950_02,15.249999
MAG06164,MG_30_04950_02,114.38248
MAG06165,MG_30_04950_02,121.62556
MAG06166,MG_30_04950_02,48.107777
MAG06167,MG_30_04950_02,26.85896
MAG06168,MG_30_04950_02,128.54776
MAG06169,MG_30_04950_02,118.96474
MAG06170,MG_30_04950_02,13.764282
MAG06171,MG_30_04950_02,148.62338
MAG06172,MG_30_04950_02,161.32439
MAG06173,MG_30_05256_02,238.97438
MAG06174,MG_30_05256_02,2251.4082
MAG06175,MG_30_05260_05,532.88043
MAG06176,MG_30_05260_05,571.3889
MAG06177,MG_30_05260_05,116.439064
MAG06178,MG_30_05263_02,217.27585
MAG06179,MG_30_05263_02,3197.68
MAG06180,MG_30_05263_02,1669.6503
MAG06181,MG_30_05263_02,19.947319
MAG06182,MG_30_05263_02,3502.3442
MAG06183,MG_30_05263_02,21.133793
MAG06184,MG_30_05263_02,1455.019
MAG06185,MG_30_05263_02,355.18613
MAG06186,MG_30_05263_02,70.378914
MAG06187,MG_30_05263_02,15.991962
MAG06188,MG_30_05263_02,402.37137
MAG06189,MG_30_05263_02,1587.0526
MAG06190,MG_30_05263_02,48.37095
MAG06191,MG_30_05263_02,294.3938
MAG06192,MG_30_05263_02,1434.879
MAG06193,MG_30_05263_02,38.74041
MAG06194,MG_30_05293_04,163.22621
MAG06195,MG_30_05293_04,91.62383
MAG06196,MG_30_05293_04,37.69409
MAG06200,MG_30_05298_04,13.501368
MAG06201,MG_30_05298_04,718.594
MAG06203,MG_30_05331_04,137.16747
MAG06204,MG_30_05331_04,96.14429
MAG06205,MG_30_05336_03,1674.0647
MAG06206,MG_30_05336_03,135.54276
MAG06207,MG_30_05336_03,11.448001
MAG06208,MG_30_05336_03,60.776054
MAG06209,MG_30_05336_03,114.005775
MAG06210,MG_30_05336_03,27.178585
MAG06211,MG_30_05336_03,257.75308
MAG06212,MG_30_05336_03,62.039463
MAG06213,MG_30_05336_03,51.432983
MAG06214,MG_30_05336_03,113.69676
MAG06215,MG_30_05336_03,41.444733
MAG06216,MG_30_05336_03,147.71962
MAG06217,MG_30_05336_03,169.90668
MAG06218,MG_30_05336_03,12.375781
MAG06219,MG_30_05336_03,37.911587
MAG06220,MG_30_05336_03,21.71327
MAG06221,MG_30_05336_03,24.08486
MAG06222,MG_30_05434_02,678.53143
MAG06223,MG_30_05438_03,23.142418
MAG06224,MG_30_05438_03,1266.9861
MAG06225,MG_30_05438_03,8.7605915
MAG06226,MG_30_05443_04,458.97894
MAG06227,MG_30_05449_04,276.3083
MAG06228,MG_30_05449_04,254.08473
MAG06229,MG_30_05449_04,43.357204
MAG06230,MG_30_05449_04,21.451939
MAG06231,MG_30_05449_04,35.647083
MAG06232,MG_30_05449_04,51.60367
MAG06233,MG_30_05449_04,2230.6682
MAG06234,MG_30_05449_04,22.983555
MAG06235,MG_30_05449_04,138.08907
MAG06236,MG_30_05449_04,31.155474
MAG06237,MG_30_05449_04,101.66883
MAG06238,MG_30_05454_03,1191.3615
MAG06239,MG_30_05459_03,20.692333
MAG06240,MG_30_05459_03,600.6518
MAG06241,MG_30_05459_03,81.13609
MAG06242,MG_30_05474_05,16.695871
MAG06243,MG_30_05474_05,9.02856
MAG06244,MG_30_05474_05,320.9302
MAG06245,MG_30_05476_05,2239.8645
MAG06246,MG_30_05476_05,52.56168
MAG06247,MG_30_05477_04,634.2854
MAG06248,MG_30_05483_03,47.10044
MAG06249,MG_30_05483_03,431.15036
MAG06250,MG_30_05483_03,155.62016
MAG06251,MG_30_05483_03,18.319754
MAG06252,MG_30_05486_03,40.03698
MAG06253,MG_30_05486_03,24.928968
MAG06254,MG_30_05486_03,126.25471
MAG06255,MG_30_05486_03,16.768732
MAG06256,MG_30_05494_05,293.573
MAG06257,MG_30_05494_05,16.555752
MAG06258,MG_30_05494_05,10.946635
MAG06259,MG_30_05494_05,55.149475
MAG06260,MG_30_05494_05,1539.0082
MAG06261,MG_30_05494_05,459.41937
MAG06262,MG_30_05494_05,16.201506
MAG06263,MG_30_05494_05,15.736883
MAG06264,MG_30_05494_05,18.656397
MAG06265,MG_30_05494_05,977.9617
MAG06266,MG_30_05494_05,90.113815
MAG06267,MG_30_05494_05,24.399933
MAG06268,MG_30_05494_05,206.62387
MAG06269,MG_30_05494_05,20.467464
MAG06270,MG_30_05494_05,102.688225
MAG06271,MG_30_05494_05,19.994848
MAG06272,MG_30_05509_02,2173.349
MAG06273,MG_30_05781_02,520.2783
MAG06274,MG_30_05781_02,1039.3964
MAG06275,MG_30_05781_02,19.75341
MAG06276,MG_30_05781_02,35.754845
MAG06277,MG_30_05781_02,14.754647
MAG06278,MG_30_05792_02,27.46902
MAG06279,MG_30_05792_02,928.7488
MAG06280,MG_30_05825_04,252.319
MAG06281,MG_30_05842_03,33.762867
MAG06282,MG_30_05842_03,56.268772
MAG06283,MG_30_05842_03,181.11331
MAG06284,MG_30_05842_03,219.31618
MAG06285,MG_30_05842_03,10.8813095
MAG06286,MG_30_05842_03,1548.3146
MAG06287,MG_30_05842_03,28.520163
MAG06288,MG_30_05842_03,30.273329
MAG06289,MG_30_05842_03,80.0061
MAG06290,MG_30_05842_03,40.41343
MAG06291,MG_30_05842_03,217.66342
MAG06292,MG_30_05842_03,68.898544
MAG06293,MG_30_05842_03,69.86031
MAG06294,MG_30_05842_03,15.14134
MAG06295,MG_30_05842_03,30.025677
MAG06296,MG_30_05842_03,12.524707
MAG06297,MG_30_05842_03,15.650937
MAG06298,MG_30_05842_03,11.508428
MAG06299,MG_30_05842_03,36.156506
MAG06300,MG_30_05851_04B,441.22144
MAG06301,MG_30_05851_04B,55.912033
MAG06302,MG_30_05851_04B,27.381653
MAG06303,MG_30_05851_04B,4890.1016
MAG06304,MG_30_05851_04B,224.94695
MAG06305,MG_30_05851_04B,51.732224
MAG06306,MG_30_05851_04B,1118.7693
MAG06307,MG_30_05851_04B,417.20355
MAG06308,MG_30_05851_04B,29.684023
MAG06309,MG_30_05851_04B,193.57953
MAG06310,MG_30_05851_04B,103.35597
MAG06311,MG_30_05851_04B,13.192266
MAG06312,MG_30_05851_04B,9.110031
MAG06313,MG_30_05851_04B,24.40588
MAG06314,MG_30_05851_04B,8.8353405
MAG06315,MG_30_05851_04B,32.061638
MAG06316,MG_30_05865_03,1231.6123
MAG06317,MG_30_05865_03,44.819405
MAG06318,MG_30_05890_04,94.53513
MAG06319,MG_30_05890_04,179.59012
MAG06320,MG_30_05911_05,83.787605
MAG06321,MG_30_05911_05,211.70706
MAG06322,MG_30_05911_05,8.990981
MAG06323,MG_30_05911_05,10.123602
MAG06324,MG_30_05911_05,10.537808
MAG06325,MG_30_05911_05,14.99938
MAG06326,MG_30_05911_05,14.1897745
MAG06327,MG_30_05911_05,24.618507
MAG06328,MG_30_05911_05,33.513474
MAG06329,MG_30_05911_05,110.08798
MAG06330,MG_30_05911_05,10.609798
MAG06331,MG_30_05911_05,18.020859
MAG06332,MG_30_05911_05,46.524952
MAG06333,MG_30_05911_05,19.478607
MAG06334,MG_30_05911_05,1196.8507
MAG06335,MG_30_05932_02,71.03573
MAG06336,MG_30_05932_02,886.2833
MAG06337,MG_30_05932_02,429.64963
MAG06338,MG_30_05945_02,16.208712
MAG06339,MG_30_05945_02,31.174448
MAG06340,MG_30_05945_02,3467.743
MAG06341,MG_30_05945_02,110.07387
MAG06342,MG_30_05945_02,47.39958
MAG06343,MG_30_05945_02,1552.4639
MAG06344,MG_30_05945_02,246.10782
MAG06345,MG_30_05945_02,130.4623
MAG06346,MG_30_05945_02,712.74994
MAG06347,MG_30_05945_02,183.5269
MAG06348,MG_30_05945_02,34.816544
MAG06349,MG_30_05945_02,12.183712
MAG06350,MG_30_05945_02,73.81644
MAG06351,MG_30_05945_02,300.4962
MAG06352,MG_30_05945_02,18.708231
MAG06353,MG_30_05945_02,21.970617
MAG06354,MG_30_05945_02,345.94223
MAG06355,MG_30_05945_02,492.84674
MAG06356,MG_30_05945_02,9.529609
MAG06357,MG_30_05945_02,159.48059
MAG06358,MG_30_05945_02,838.5848
MAG06359,MG_30_05945_02,1500.2975
MAG06360,MG_30_05945_02,1023.8433
MAG06361,MG_30_05945_02,18.973454
MAG06362,MG_30_05945_02,831.6455
MAG06363,MG_30_05945_02,15.0057535
MAG06364,MG_30_05945_02,15.266239
MAG06365,MG_30_06667_05,301.25003
MAG06366,MG_30_06667_05,48.61908
MAG06367,MG_30_06667_05,135.8727
MAG06368,MG_30_06667_05,48.641006
MAG06369,MG_30_06667_05,29.471466
MAG06370,MG_30_06667_05,564.1033
MAG06371,MG_30_06667_05,140.20012
MAG06372,MG_30_06667_05,96.112366
MAG06373,MG_30_06667_05,54.54974
MAG06374,MG_30_06667_05,43.27929
MAG06375,MG_30_06667_05,1686.8024
MAG06376,MG_30_06667_05,117.21977
MAG06377,MG_30_06667_05,48.42071
MAG06378,MG_30_06667_05,142.59789
MAG06379,MG_30_06667_05,42.44451
MAG06380,MG_30_06667_05,36.215393
MAG06381,MG_30_06676_04,362.77866
MAG06382,MG_30_06676_04,103.70125
MAG06383,MG_30_06699_04,145.17331
MAG06384,MG_30_06699_04,7275.7437
MAG06385,MG_30_06699_04,60.44967
MAG06386,MG_30_06699_04,290.26407
MAG06387,MG_30_06700_02,37.076324
MAG06388,MG_30_06700_02,28.944233
MAG06389,MG_30_06700_02,26.151766
MAG06390,MG_30_06700_02,82.3033
MAG06391,MG_30_06700_02,547.245
MAG06392,MG_30_06700_02,22.005007
MAG06393,MG_30_06700_02,23.781591
MAG06394,MG_30_06700_02,2889.5137
MAG06395,MG_30_06700_02,73.037575
MAG06396,MG_30_06700_02,38.35596
MAG06397,MG_30_06700_02,28.319288
MAG06398,MG_30_06700_02,148.68419
MAG06399,MG_30_06700_02,94.69656
MAG06400,MG_30_06700_02,39.31713
MAG06401,MG_30_06700_02,113.231895
MAG06402,MG_30_06700_02,138.07164
MAG06403,MG_30_06700_02,116.79058
MAG06404,MG_30_06700_02,51.088104
MAG06405,MG_30_06700_02,232.6621
MAG06406,MG_30_06700_02,261.7443
MAG06407,MG_30_06948_04,1784.7212
MAG06408,MG_30_06956_04,27.880741
MAG06409,MG_30_06956_04,148.68867
MAG06410,MG_30_06956_04,152.13016
MAG06411,MG_30_06956_04,280.457
MAG06412,MG_30_06963_02,30.450018
MAG06413,MG_30_06963_02,29.251474
MAG06414,MG_30_06963_02,39.20889
MAG06415,MG_30_06963_02,41.16527
MAG06416,MG_30_06963_02,69.063995
MAG06417,MG_30_06963_02,36.364056
MAG06418,MG_30_06963_02,20.988716
MAG06419,MG_30_06963_02,23.188904
MAG06420,MG_30_06963_02,38.471466
MAG06421,MG_30_06963_02,1866.5923
MAG06422,MG_30_06963_02,242.70665
MAG06423,MG_30_06978_03,1361.5006
MAG06424,MG_30_06987_03,21.49909
MAG06425,MG_30_06987_03,437.45694
MAG06426,MG_30_06987_03,17.211369
MAG06427,MG_30_06987_03,75.68709
MAG06428,MG_30_06987_03,23.74207
MAG06429,MG_30_06987_03,38.101715
MAG06430,MG_30_06987_03,35.73254
MAG06431,MG_30_07066_02,68.80071
MAG06432,MG_30_07066_02,5775.2236
MAG06433,MG_30_07066_02,67.35579
MAG06434,MG_30_07066_02,50.64783
MAG06435,MG_30_07066_02,126.16041
MAG06436,MG_30_07066_02,159.5919
MAG06437,MG_30_07066_02,30.110384
MAG06438,MG_30_07066_02,19.709091
MAG06439,MG_30_07066_02,246.12321
MAG06440,MG_30_07066_02,26.06695
MAG06441,MG_30_07066_02,44.052345
MAG06442,MG_30_07066_02,35.25899
MAG06443,MG_30_07066_02,230.74985
MAG06444,MG_30_07066_02,58.231514
MAG06445,MG_30_07086_05,30.83581
MAG06446,MG_30_07086_05,2948.1785
MAG06447,MG_30_07096_05,1288.5366
MAG06448,MG_30_07097_02,3737.803
MAG06449,MG_30_07097_02,103.29777
MAG06450,MG_30_07639_02,79.80994
MAG06451,MG_30_07639_02,39.574177
MAG06452,MG_30_07639_02,12.4553795
MAG06453,MG_30_07639_02,35.972622
MAG06454,MG_30_07639_02,38.20387
MAG06455,MG_30_07639_02,678.6569
MAG06456,MG_30_07639_02,15.184011
MAG06457,MG_30_07639_02,289.0674
MAG06458,MG_30_07641_02B,12.238541
MAG06459,MG_30_07641_02B,30.620829
MAG06460,MG_30_07641_02B,90.95129
MAG06461,MG_30_07641_02B,12.325068
MAG06462,MG_30_07641_02B,46.707767
MAG06463,MG_30_07641_02B,49.08914
MAG06464,MG_30_07641_02B,16.430676
MAG06465,MG_30_07641_02B,2243.446
MAG06466,MG_30_07641_02B,892.77386
MAG06467,MG_30_07641_02B,20.94754
MAG06468,MG_30_07641_02B,322.84445
MAG06469,MG_30_07641_02B,16.126606
MAG06470,MG_30_07641_02B,170.3369
MAG06471,MG_30_07641_02B,18.455969
MAG06472,MG_30_07641_02B,180.99779
MAG06473,MG_30_07641_02B,4577.228
MAG06474,MG_30_07641_02B,58.278904
MAG06475,MG_30_07641_02B,22.3899
MAG06476,MG_30_07641_02B,68.58924
MAG06477,MG_30_07641_02B,271.69147
MAG06478,MG_30_07641_02B,105.28864
MAG06479,MG_30_07641_02B,172.1366
MAG06480,MG_30_07641_02B,11.014491
MAG06481,MG_30_07648_05,418.36493
MAG06482,MG_30_07648_05,35.483074
MAG06483,MG_30_07648_05,9.833671
MAG06484,MG_30_07655_02,431.68484
MAG06485,MG_30_07669_03,1126.8365
MAG06486,MG_30_07683_04,569.5445
MAG06487,MG_30_07683_04,153.03206
MAG06488,MG_30_07724_04,14.946926
MAG06489,MG_30_07724_04,74.054474
MAG06490,MG_30_07724_04,12.787152
MAG06491,MG_30_07724_04,646.5842
MAG06492,MG_30_07724_04,158.29964
MAG06493,MG_30_07724_04,16.931011
MAG06494,MG_30_07724_04,90.66575
MAG06495,MG_30_07728_03,205.95462
MAG06496,MG_30_07728_03,100.71212
MAG06497,MG_30_08151_03,159.60284
MAG06498,MG_30_08151_03,417.6558
MAG06499,MG_30_08151_03,277.8937
MAG06500,MG_30_08151_03,63.408813
MAG06501,MG_30_08151_03,126.1391
MAG06502,MG_30_08151_03,901.87604
MAG06503,MG_30_08151_03,626.78284
MAG06504,MG_30_08151_03,13.364254
MAG06505,MG_30_08151_03,17.141497
MAG06506,MG_30_08151_03,21.010044
MAG06507,MG_30_08151_03,304.43558
MAG06508,MG_30_08151_03,10.120786
MAG06509,MG_30_08151_03,21.58469
MAG06510,MG_30_08151_03,39.16816
MAG06511,MG_30_08151_03,481.49518
MAG06512,MG_30_08151_03,27.634024
MAG06513,MG_30_08151_03,10.745099
MAG06514,MG_30_08151_03,96.12387
MAG06515,MG_30_08151_03,24.761562
MAG06516,MG_30_08151_03,38.536846
MAG06517,MG_30_08160_04,2138.0557
MAG06518,MG_30_08171_02,193.71011
MAG06519,MG_30_08171_02,1670.5232
MAG06520,MG_30_08171_02,21.332998
MAG06521,MG_30_08171_02,81.49761
MAG06522,MG_30_08171_02,97.07212
MAG06523,MG_30_08171_02,153.13495
MAG06524,MG_30_08171_02,20.60253
MAG06525,MG_30_08185_03,255.24654
MAG06526,MG_30_08185_03,63.99189
MAG06527,MG_30_08185_03,27.172571
MAG06528,MG_30_08185_03,94.88886
MAG06529,MG_30_08185_03,26.777628
MAG06530,MG_30_08185_03,50.46065
MAG06531,MG_30_08185_03,32.44808
MAG06532,MG_30_08185_03,2927.318
MAG06533,MG_30_08185_03,71.03875
MAG06534,MG_30_08185_03,24.500795
MAG06535,MG_30_08187_02,22.683643
MAG06536,MG_30_08187_02,209.5851
MAG06537,MG_30_08187_02,14.754393
MAG06538,MG_30_08187_02,722.9464
MAG06539,MG_30_08187_02,131.51215
MAG06540,MG_30_08193_05,43.597992
MAG06541,MG_30_08193_05,13.17142
MAG06542,MG_30_08193_05,55.468872
MAG06543,MG_30_08193_05,28.995287
MAG06544,MG_30_08193_05,16.912636
MAG06545,MG_30_08193_05,135.41663
MAG06546,MG_30_08193_05,134.95378
MAG06547,MG_30_08193_05,47.23578
MAG06548,MG_30_08193_05,70.97273
MAG06549,MG_30_08193_05,132.4461
MAG06550,MG_30_08193_05,91.27959
MAG06551,MG_30_08193_05,189.49344
MAG06552,MG_30_08193_05,593.79156
MAG06553,MG_30_08193_05,13.977919
MAG06554,MG_30_08193_05,47.658558
MAG06555,MG_30_08193_05,33.033432
MAG06556,MG_30_08193_05,16.141172
MAG06557,MG_30_08193_05,529.173
MAG06558,MG_30_08193_05,22.415394
MAG06559,MG_30_08200_03,133.73872
MAG06560,MG_30_08200_03,2832.525
MAG06561,MG_30_08209_03,42.602383
MAG06562,MG_30_08209_03,317.36917
MAG06563,MG_30_08209_03,128.54681
MAG06564,MG_30_08209_03,601.755
MAG06565,MG_30_08210_04,46.81443
MAG06566,MG_30_08210_04,92.35375
MAG06567,MG_30_08210_04,239.01637
MAG06568,MG_30_08210_04,78.9499
MAG06569,MG_30_08210_04,29.211273
MAG06570,MG_30_08210_04,53.23906
MAG06571,MG_30_08210_04,117.15009
MAG06572,MG_30_08210_04,279.81903
MAG06573,MG_30_08210_04,421.48093
MAG06574,MG_30_08210_04,24.036459
MAG06575,MG_30_08210_04,21.78814
MAG06576,MG_30_08210_04,17.3626
MAG06577,MG_30_08210_04,29.915192
MAG06578,MG_30_08210_04,10.26848
MAG06579,MG_30_08210_04,739.6399
MAG06580,MG_30_08210_04,415.11377
MAG06581,MG_30_08210_04,144.54515
MAG06582,MG_30_08210_04,13.166435
MAG06583,MG_30_08210_04,24.859179
MAG06584,MG_30_08210_04,60.20678
MAG06585,MG_30_08210_04,13.687036
MAG06586,MG_30_08210_04,3038.8723
MAG06587,MG_30_08210_04,229.44547
MAG06588,MG_30_08210_04,14.297616
MAG06589,MG_30_08210_04,99.53307
MAG06590,MG_30_08210_04,69.38835
MAG06591,MG_30_08210_04,52.835472
MAG06592,MG_30_08210_04,22.4008
MAG06593,MG_30_08210_04,30.544386
MAG06594,MG_30_08210_04,534.9225
MAG06595,MG_30_08210_04,72.43938
MAG06596,MG_30_08210_04,25.857227
MAG06597,MG_30_08210_04,19.694136
MAG06598,MG_30_08210_04,98.56673
MAG06599,MG_30_08210_04,55.511
MAG06600,MG_30_08210_04,16.54995
MAG06601,MG_30_08211_02,11.114597
MAG06602,MG_30_08211_02,254.96074
MAG06603,MG_30_08211_02,93.99341
MAG06604,MG_30_08220_03,11.731574
MAG06605,MG_30_08220_03,115.500015
MAG06606,MG_30_08220_03,236.6401
MAG06607,MG_30_08220_03,119.07316
MAG06608,MG_30_08220_03,20.599817
MAG06609,MG_30_08220_03,26.740515
MAG06610,MG_30_08479_03,257.2291
MAG06611,MG_30_08479_03,332.44998
MAG06612,MG_30_08479_03,74.463264
MAG06613,MG_30_08479_03,1691.5828
MAG06614,MG_30_08480_05,61.339947
MAG06615,MG_30_08480_05,527.33954
MAG06616,MG_30_08480_05,141.8465
MAG06617,MG_30_08480_05,70.4029
MAG06618,MG_30_08485_04,797.00854
MAG06619,MG_30_08485_04,17.875473
MAG06620,MG_30_08485_04,27.80668
MAG06621,MG_30_08485_04,11.637877
MAG06622,MG_30_08485_04,14.246586
MAG06623,MG_30_08485_04,8.944987
MAG06624,MG_30_08485_04,14.357368
MAG06625,MG_30_08485_04,33.598347
MAG06626,MG_30_08485_04,11.016265
MAG06627,MG_30_08485_04,117.273674
MAG06628,MG_30_08488_04,569.8771
MAG06629,MG_30_08488_04,461.61282
MAG06630,MG_30_08501_03,1707.4675
MAG06631,MG_30_08501_03,58.37431
MAG06632,MG_30_08501_03,122.89632
MAG06633,MG_30_08501_03,123.53229
MAG06634,MG_30_08501_03,183.68652
MAG06635,MG_30_08501_03,448.40833
MAG06636,MG_30_08501_03,58.80111
MAG06637,MG_30_08501_03,67.470406
MAG06638,MG_30_08501_03,157.36195
MAG06639,MG_30_08501_03,74.13858
MAG06640,MG_30_08501_03,50.20824
MAG06641,MG_30_08501_03,41.29872
MAG06642,MG_30_08501_03,139.6015
MAG06643,MG_30_08501_03,66.40001
MAG06644,MG_30_08532_02,178.10112
MAG06645,MG_30_08582_02,650.71606
MAG06646,MG_30_08582_02,103.35471
MAG06647,MG_30_08604_03,291.00748
MAG06648,MG_30_08623_03,756.89215
MAG06649,MG_30_08623_03,74.533936
MAG06650,MG_30_08623_03,75.64056
MAG06651,MG_30_08623_03,662.99414
MAG06652,MG_30_08623_03,268.10226
MAG06653,MG_30_08639_05,26.253962
MAG06654,MG_30_08639_05,226.35904
MAG06655,MG_30_08639_05,178.7154
MAG06656,MG_30_08639_05,37.867474
MAG06657,MG_30_08640_05,616.4669
MAG06658,MG_30_08662_03,167.09274
MAG06659,MG_30_08662_03,21.785152
MAG06660,MG_30_08662_03,12.921891
MAG06661,MG_30_08662_03,20.41291
MAG06662,MG_30_08662_03,20.42098
MAG06663,MG_30_08662_03,72.553345
MAG06664,MG_30_08662_03,88.39709
MAG06665,MG_30_08662_03,52.15763
MAG06666,MG_30_08662_03,80.26342
MAG06667,MG_30_08662_03,539.0496
MAG06668,MG_30_08662_03,1865.2585
MAG06669,MG_30_09057_03,2173.3064
MAG06670,MG_30_09057_03,117.66145
MAG06671,MG_30_09062_03,430.65378
MAG06672,MG_30_09062_03,2091.4082
MAG06673,MG_30_09062_03,943.68976
MAG06674,MG_30_09062_03,1704.6195
MAG06675,MG_30_09062_03,38.651134
MAG06676,MG_30_09062_03,452.1082
MAG06677,MG_30_09062_03,22.196066
MAG06678,MG_30_09062_03,304.23227
MAG06679,MG_30_09062_03,271.36252
MAG06680,MG_30_09062_03,749.555
MAG06681,MG_30_09062_03,211.73708
MAG06682,MG_30_09062_03,21.286877
MAG06683,MG_30_09062_03,24.554247
MAG06684,MG_30_09062_03,91.20443
MAG06685,MG_30_09062_03,206.74782
MAG06686,MG_30_09062_03,85.89386
MAG06687,MG_30_09070_03,974.19
MAG06688,MG_30_09070_03,38.394928
MAG06689,MG_30_09071_04,36.120113
MAG06690,MG_30_09071_04,17.695179
MAG06691,MG_30_09071_04,118.05885
MAG06692,MG_30_09071_04,343.63562
MAG06693,MG_30_09071_04,105.97173
MAG06694,MG_30_09071_04,54.18782
MAG06695,MG_30_09077_04,195.69202
MAG06696,MG_30_09077_04,70.22757
MAG06697,MG_30_09077_04,184.61916
MAG06698,MG_30_09077_04,123.86715
MAG06699,MG_30_09077_04,14.970805
MAG06700,MG_30_09077_04,23.233322
MAG06701,MG_30_09077_04,1524.6964
MAG06702,MG_30_09077_04,300.90942
MAG06703,MG_30_09077_04,92.71121
MAG06704,MG_30_09077_04,32.796413
MAG06705,MG_30_09077_04,23.719864
MAG06706,MG_30_09077_04,497.8199
MAG06707,MG_30_09077_04,104.66272
MAG06708,MG_30_09089_04,20.802164
MAG06709,MG_30_09089_04,536.49
MAG06710,MG_30_09089_04,17.910109
MAG06711,MG_30_09089_04,31.420921
MAG06712,MG_30_09089_04,32.287807
MAG06713,MG_30_09089_04,160.65834
MAG06714,MG_30_09089_04,571.66223
MAG06715,MG_30_09089_04,62.196743
MAG06716,MG_30_09089_04,62.70929
MAG06717,MG_30_09094_03,683.19946
MAG06718,MG_30_09094_03,37.47965
MAG06719,MG_30_09099_05,164.84082
MAG06720,MG_30_09099_05,70.56092
MAG06721,MG_30_09099_05,117.031586
MAG06722,MG_30_09099_05,67.76161
MAG06723,MG_30_09099_05,22.929585
MAG06724,MG_30_09099_05,60.381023
MAG06725,MG_30_09099_05,68.09239
MAG06726,MG_30_09099_05,9.809538
MAG06727,MG_30_09099_05,1029.5066
MAG06728,MG_30_09099_05,28.53241
MAG06729,MG_30_09099_05,31.401356
MAG06730,MG_30_09101_05,1043.6805
MAG06731,MG_30_09107_05,815.7546
MAG06732,MG_30_09107_05,53.31504
MAG06733,MG_30_09121_03,1167.2631
MAG06734,MG_30_09121_03,483.13354
MAG06735,MG_30_09121_03,69.22606
MAG06736,MG_30_09121_03,431.02847
MAG06737,MG_30_09121_03,71.02353
MAG06738,MG_30_09121_03,12.331941
MAG06739,MG_30_09121_03,46.87025
MAG06740,MG_30_09121_03,28.245552
MAG06741,MG_30_09121_03,16.424269
MAG06742,MG_30_09121_03,42.352657
MAG06743,MG_30_09121_03,14.379092
MAG06744,MG_30_09121_03,30.279552
MAG06745,MG_30_09121_03,258.55005
MAG06746,MG_30_09121_03,515.6944
MAG06747,MG_30_09121_03,37.642414
MAG06748,MG_30_09121_03,128.86897
MAG06749,MG_30_09121_03,158.6785
MAG06750,MG_30_09121_03,123.78517
MAG06751,MG_30_09121_03,12.943445
MAG06752,MG_30_09121_03,117.88824
MAG06753,MG_30_09121_03,63.838108
MAG06754,MG_30_09121_03,131.10555
MAG06755,MG_30_09121_03,12.783503
MAG06756,MG_30_09121_03,153.2141
MAG06757,MG_30_09121_03,339.296
MAG06758,MG_30_09121_03,22.107893
MAG06759,MG_30_09121_03,19.394503
MAG06760,MG_30_09121_03,289.9733
MAG06761,MG_30_09121_03,92.49942
MAG06762,MG_30_09121_03,849.8095
MAG06763,MG_30_09121_03,28.948275
MAG06764,MG_30_09121_03,27.906696
MAG06765,MG_30_09121_03,34.927387
MAG06766,MG_30_09121_03,351.87534
MAG06767,MG_30_09121_03,293.76044
MAG06768,MG_30_09121_03,679.6275
MAG06769,MG_30_09121_03,123.64067
MAG06770,MG_30_09121_03,180.46335
MAG06771,MG_30_09121_03,224.84155
MAG06772,MG_30_09121_03,50.53003
MAG06773,MG_30_09121_03,764.94806
MAG06774,MG_30_09121_03,471.77197
MAG06775,MG_30_09121_03,27.522451
MAG06776,MG_30_09121_03,157.71867
MAG06777,MG_30_09121_03,74.825035
MAG06778,MG_30_09121_03,14.710252
MAG06779,MG_30_09121_03,38.947453
MAG06780,MG_30_09121_03,52.211987
MAG06781,MG_30_09121_03,87.66036
MAG06782,MG_30_10078_03,3689.328
MAG06783,MG_30_10078_03,433.85208
MAG06784,MG_30_10078_03,46.04216
MAG06785,MG_30_10088_03,185.44662
MAG06786,MG_30_10088_03,521.8339
MAG06787,MG_30_10088_03,516.81506
MAG06788,MG_30_10109_02,200.86745
MAG06789,MG_30_10160_02,567.17694
MAG06790,MG_30_10165_02,48.768448
MAG06791,MG_30_10165_02,241.68695
MAG06792,MG_30_10165_02,76.05944
MAG06793,MG_30_10165_02,11.581237
MAG06794,MG_30_10174_04,23.326796
MAG06795,MG_30_10174_04,181.91531
MAG06796,MG_30_10174_04,199.95555
MAG06797,MG_30_10191_03,19.616514
MAG06798,MG_30_10191_03,166.01143
MAG06799,MG_30_10191_03,104.98882
MAG06800,MG_30_10191_03,159.54869
MAG06801,MG_30_10193_03B,17.03441
MAG06802,MG_30_10193_03B,480.1273
MAG06803,MG_30_10193_03B,55.80234
MAG06804,MG_30_10193_03B,53.54238
MAG06805,MG_30_10240_05,364.23688
MAG06806,MG_30_10240_05,103.62456
MAG06807,MG_30_10245_05,220.88927
MAG06808,MG_30_10245_05,1169.0916
MAG06809,MG_30_10245_05,391.11243
MAG06810,MG_30_10302_05,181.06433
MAG06811,MG_30_10302_05,27.613098
MAG06812,MG_30_10302_05,329.5965
MAG06813,MG_30_10302_05,27.404264
MAG06814,MG_30_10302_05,12.664149
MAG06815,MG_30_10302_05,17.429829
MAG06816,MG_30_10302_05,47.979553
MAG06817,MG_30_10302_05,174.7892
MAG06818,MG_30_10302_05,89.70144
MAG06819,MG_30_10317_05,73.57725
MAG06820,MG_30_10317_05,184.52095
MAG06821,MG_30_10318_02B,487.31427
MAG06822,MG_30_10537_02,746.5489
MAG06823,MG_30_10546_04,105.133865
MAG06824,MG_30_10546_04,96.88057
MAG06825,MG_30_10546_04,408.81177
MAG06826,MG_30_10546_04,77.867455
MAG06827,MG_30_10546_04,21.380531
MAG06828,MG_30_10546_04,11.011641
MAG06829,MG_30_10561_03,26.31534
MAG06830,MG_30_10561_03,16.496315
MAG06831,MG_30_10561_03,35.090927
MAG06832,MG_30_10561_03,12.781455
MAG06833,MG_30_10561_03,623.85535
MAG06834,MG_30_10561_03,14.129802
MAG06835,MG_30_10561_03,18.29761
MAG06836,MG_30_10561_03,67.07595
MAG06837,MG_30_10561_03,12.700431
MAG06838,MG_30_10561_03,34.062836
MAG06839,MG_30_10561_03,22.068373
MAG06840,MG_30_10561_03,69.77145
MAG06841,MG_30_10561_03,36.214806
MAG06842,MG_30_10561_03,18.389624
MAG06843,MG_30_10561_03,55.44824
MAG06844,MG_30_10561_03,27.454782
MAG06845,MG_30_10561_03,13.468696
MAG06846,MG_30_10561_03,51.30031
MAG06847,MG_30_10563_03,16.175276
MAG06848,MG_30_10563_03,28.775831
MAG06849,MG_30_10563_03,191.06473
MAG06850,MG_30_10563_03,28.94916
MAG06851,MG_30_10563_03,22.600424
MAG06852,MG_30_10563_03,30.54372
MAG06853,MG_30_10563_03,17.834932
MAG06854,MG_30_10563_03,3344.309
MAG06855,MG_30_10563_03,266.5691
MAG06856,MG_30_10563_03,391.4979
MAG06857,MG_30_10566_05,52.04072
MAG06858,MG_30_10566_05,17.953274
MAG06859,MG_30_10566_05,28.856665
MAG06860,MG_30_10566_05,953.58307
MAG06861,MG_30_10566_05,528.8422
MAG06862,MG_30_10572_05,614.40137
MAG06863,MG_30_10597_05,224.41682
MAG06864,MG_30_10597_05,164.83392
MAG06865,MG_30_10597_05,28.910059
MAG06866,MG_30_10597_05,60.241367
MAG06867,MG_30_10597_05,39.83166
MAG06868,MG_30_10597_05,26.5282
MAG06869,MG_30_10597_05,94.786514
MAG06870,MG_30_10597_05,585.1107
MAG06871,MG_30_10597_05,17.56069
MAG06872,MG_30_10597_05,45.628254
MAG06873,MG_30_10597_05,45.98637
MAG06874,MG_30_10597_05,60.87146
MAG06875,MG_30_10597_05,54.795033
MAG06876,MG_30_10617_05,141.05037
MAG06877,MG_30_10617_05,825.61786
MAG06878,MG_30_10621_05,1481.2708
MAG06879,MG_30_10621_05,63.56319
MAG06880,MG_30_10660_05,233.22894
MAG06881,MG_30_10660_05,57.62567
MAG06882,MG_30_10660_05,32.536713
MAG06883,MG_30_10660_05,15.683599
MAG06884,MG_30_10660_05,38.66169
MAG06885,MG_30_10660_05,141.93442
MAG06886,MG_30_10660_05,451.6588
MAG06887,MG_30_10660_05,35.289494
MAG06888,MG_30_10660_05,528.48676
MAG06889,MG_30_10660_05,22.958988
MAG06890,MG_30_10660_05,35.868683
MAG06891,MG_30_10660_05,183.67188
MAG06892,MG_30_10660_05,10.875973
MAG06893,MG_30_10660_05,14.36494
MAG06894,MG_30_10660_05,97.73254
MAG06895,MG_30_10660_05,16.286915
MAG06896,MG_30_10660_05,484.8358
MAG06897,MG_30_10693_02,1628.4607
MAG06898,MG_30_10693_02,211.24394
MAG06899,MG_30_10697_04,441.28445
MAG06900,MG_30_10710_04,531.653
MAG06901,MG_30_11411_04,49.922215
MAG06902,MG_30_11411_04,419.09586
MAG06903,MG_30_11411_04,21.71382
MAG06904,MG_30_11411_04,288.32645
MAG06905,MG_30_11452_03,431.4953
MAG06906,MG_30_11452_03,342.61392
MAG06907,MG_30_11459_03,1566.7661
MAG06908,MG_30_11459_03,345.11188
MAG06909,MG_30_11495_03,16.22105
MAG06910,MG_30_11495_03,722.9877
MAG06911,MG_30_11495_03,25.540134
MAG06912,MG_30_11517_02,24.61229
MAG06913,MG_30_11517_02,1013.6827
MAG06914,MG_30_11552_03,564.5711
MAG06915,MG_30_11552_03,109.03734
MAG06916,MG_30_12189_03,1756.6619
MAG06917,MG_30_12189_03,14.918361
MAG06918,MG_30_12189_03,12.6900835
MAG06919,MG_30_12191_03B,10.460176
MAG06920,MG_30_12191_03B,14.628993
MAG06921,MG_30_12191_03B,195.97314
MAG06922,MG_30_12191_03B,296.24893
MAG06923,MG_30_12191_03B,340.9596
MAG06924,MG_30_12191_03B,15.015814
MAG06925,MG_30_12191_03B,11.96013
MAG06926,MG_30_12191_03B,8.443446
MAG06927,MG_30_12191_03B,75.672905
MAG06928,MG_30_12191_03B,30.678797
MAG06929,MG_30_12191_03B,18.510988
MAG06930,MG_30_12227_05,83.94212
MAG06931,MG_30_12227_05,1962.1576
MAG06932,MG_30_12231_03,91.86156
MAG06933,MG_30_12231_03,24.092783
MAG06934,MG_30_12231_03,124.87109
MAG06935,MG_30_12231_03,27.923655
MAG06936,MG_30_12231_03,246.67143
MAG06937,MG_30_12231_03,32.598297
MAG06938,MG_30_12231_03,124.52572
MAG06939,MG_30_12231_03,22.940529
MAG06940,MG_30_12231_03,680.6594
MAG06941,MG_30_12231_03,128.0528
MAG06942,MG_30_12231_03,91.992226
MAG06943,MG_30_12231_03,27.757326
MAG06944,MG_30_12231_03,369.06903
MAG06945,MG_30_12231_03,84.20733
MAG06946,MG_30_12233_05,97.06003
MAG06947,MG_30_12233_05,328.3655
MAG06948,MG_30_12270_05,1303.1853
MAG06949,MG_30_12554_04,91.3108
MAG06950,MG_30_12554_04,74.969925
MAG06951,MG_30_12554_04,417.9329
MAG06952,MG_30_12554_04,97.15471
MAG06953,MG_30_12554_04,2243.1982
MAG06954,MG_30_12554_04,14.997637
MAG06955,MG_30_12554_04,12.741947
MAG06956,MG_30_12554_04,126.779434
MAG06957,MG_30_12554_04,39.32082
MAG06958,MG_30_12554_04,91.96213
MAG06959,MG_30_12554_04,99.45308
MAG06960,MG_30_12554_04,145.25677
MAG06961,MG_30_12554_04,562.04407
MAG06962,MG_30_12554_04,1306.4741
MAG06963,MG_30_12554_04,43.19892
MAG06964,MG_30_12554_04,151.56795
MAG06965,MG_30_12554_04,60.116478
MAG06966,MG_30_12554_04,75.89537
MAG06967,MG_30_12554_04,196.7428
MAG06968,MG_30_12557_04,2064.225
MAG06969,MG_30_12558_03,395.98947
MAG06970,MG_30_12558_03,155.58022
MAG06971,MG_30_12558_03,102.81092
MAG06972,MG_30_12558_03,31.710909
MAG06973,MG_30_12558_03,24.445587
MAG06974,MG_30_12558_03,1427.9049
MAG06975,MG_30_12558_03,406.32312
MAG06976,MG_30_12558_03,43.28347
MAG06977,MG_30_12558_03,89.69537
MAG06978,MG_30_12558_03,22.777481
MAG06979,MG_30_12558_03,23.881107
MAG06980,MG_30_12558_03,629.5162
MAG06981,MG_30_12558_03,26.694685
MAG06982,MG_30_12558_03,91.55386
MAG06983,MG_30_12558_03,45.061874
MAG06984,MG_30_12558_03,89.25087
MAG06985,MG_30_12558_03,100.871376
MAG06986,MG_30_12558_03,122.23957
MAG06987,MG_30_12564_03,22.943312
MAG06988,MG_30_12564_03,10.728134
MAG06989,MG_30_12564_03,116.625916
MAG06990,MG_30_12564_03,13.022153
MAG06991,MG_30_12564_03,15.684101
MAG06992,MG_30_12564_03,386.87604
MAG06993,MG_30_12564_03,200.82072
MAG06994,MG_30_12564_03,43.897934
MAG06995,MG_30_12564_03,45.912674
MAG06996,MG_30_12564_03,23.05465
MAG06997,MG_30_12564_03,81.3019
MAG06998,MG_30_12564_03,113.52326
MAG06999,MG_30_12564_03,20.500107
MAG07000,MG_30_12564_03,45.881958
MAG07001,MG_30_12564_03,50.21302
MAG07002,MG_30_12578_04,953.92456
MAG07003,MG_30_12578_04,1011.11816
MAG07004,MG_30_12584_04,1145.8326
MAG07005,MG_30_12584_04,19.006104
MAG07006,MG_30_12585_04,2299.0896
MAG07007,MG_30_12586_04,20.975885
MAG07008,MG_30_12586_04,165.79547
MAG07009,MG_30_12586_04,11.256043
MAG07010,MG_30_12586_04,36.668613
MAG07011,MG_30_12586_04,27.715916
MAG07012,MG_30_12586_04,15.936927
MAG07013,MG_30_12586_04,90.6332
MAG07014,MG_30_12586_04,63.29382
MAG07015,MG_30_12586_04,15.415204
MAG07016,MG_30_12586_04,24.861095
MAG07017,MG_30_12586_04,124.432526
MAG07018,MG_30_12586_04,137.94188
MAG07019,MG_30_12586_04,47.855446
MAG07020,MG_30_12586_04,55.16514
MAG07021,MG_30_12586_04,88.674355
MAG07022,MG_30_12586_04,15.113628
MAG07023,MG_30_12587_03,987.49274
MAG07024,MG_30_12587_03,161.4153
MAG07025,MG_30_12594_02,350.84277
MAG07026,MG_30_12613_02,464.88873
MAG07027,MG_30_12615_03,110.8171
MAG07028,MG_30_12615_03,13.655824
MAG07029,MG_30_13172_05,98.54713
MAG07030,MG_30_13172_05,1905.2433
MAG07031,MG_30_13172_05,581.3338
MAG07032,MG_30_13172_05,131.85957
MAG07033,MG_30_13175_04,128.47403
MAG07034,MG_30_13175_04,709.07513
MAG07035,MG_30_13175_04,1935.2733
MAG07036,MG_30_13175_04,77.945274
MAG07037,MG_30_13175_04,43.360058
MAG07038,MG_30_13177_03,331.3475
MAG07039,MG_30_13179_05,1136.348
MAG07040,MG_30_13179_05,293.99765
MAG07041,MG_30_13179_05,13.531838
MAG07042,MG_30_13179_05,16.77394
MAG07043,MG_30_13179_05,242.91733
MAG07044,MG_30_13179_05,20.790636
MAG07045,MG_30_13179_05,631.3953
MAG07046,MG_30_13179_05,1089.5288
MAG07047,MG_30_13179_05,20.236574
MAG07048,MG_30_13179_05,29.097511
MAG07049,MG_30_13179_05,22.875826
MAG07050,MG_30_13179_05,52.745758
MAG07051,MG_30_13179_05,19.295555
MAG07052,MG_30_13179_05,22.279377
MAG07053,MG_30_13179_05,50.1122
MAG07054,MG_30_13179_05,19.335289
MAG07055,MG_30_13179_05,56.644028
MAG07056,MG_30_13196_05,2661.988
MAG07057,MG_30_13196_05,289.8403
MAG07058,MG_30_13199_05,11.333461
MAG07059,MG_30_13199_05,16.61918
MAG07060,MG_30_13199_05,352.62225
MAG07061,MG_30_13199_05,59.576763
MAG07062,MG_30_13199_05,48.35937
MAG07063,MG_30_13199_05,14.166143
MAG07064,MG_30_13199_05,13.188326
MAG07065,MG_30_13199_05,10.509649
MAG07066,MG_30_13199_05,37.780964
MAG07067,MG_30_13199_05,15.122288
MAG07068,MG_30_13200_03,35.90295
MAG07069,MG_30_13268_03,129.1971
MAG07070,MG_30_13268_03,52.92376
MAG07071,MG_30_13268_03,3451.3875
MAG07072,MG_30_13268_03,36.398968
MAG07073,MG_30_13268_03,37.944874
MAG07074,MG_30_13268_03,57.128616
MAG07075,MG_30_13268_03,59.83119
MAG07076,MG_30_13268_03,31.265505
MAG07077,MG_30_13268_03,27.000875
MAG07078,MG_30_13268_03,107.93509
MAG07079,MG_30_13272_02,92.86475
MAG07080,MG_30_13272_02,677.3112
MAG07081,MG_30_13272_02,9.81873
MAG07082,MG_30_13273_05,1425.2477
MAG07083,MG_30_13274_05,39.41942
MAG07084,MG_30_13282_05,202.70001
MAG07085,MG_30_13283_05,44.855186
MAG07086,MG_30_13283_05,646.8948
MAG07087,MG_30_13283_05,40.214245
MAG07088,MG_30_13283_05,242.27751
MAG07089,MG_30_13283_05,115.37568
MAG07090,MG_30_13283_05,18.800901
MAG07091,MG_30_13307_04,22.138317
MAG07092,MG_30_13307_04,76.854385
MAG07093,MG_30_13307_04,16.361338
MAG07094,MG_30_13307_04,282.8015
MAG07095,MG_30_13307_04,2930.428
MAG07096,MG_30_13307_04,317.6178
MAG07097,MG_30_13307_04,17.101303
MAG07098,MG_30_13307_04,61.239178
MAG07099,MG_30_13307_04,82.02538
MAG07100,MG_30_13307_04,405.03445
MAG07101,MG_30_13307_04,14.434443
MAG07102,MG_30_13307_04,25.045664
MAG07103,MG_30_13307_04,17.42421
MAG07104,MG_30_13307_04,121.10494
MAG07105,MG_30_13307_04,140.3095
MAG07106,MG_30_13307_04,24.000807
MAG07107,MG_30_13307_04,35.79507
MAG07108,MG_30_13307_04,32.05109
MAG07109,MG_30_13307_04,186.6808
MAG07110,MG_30_13314_02,2349.4148
MAG07111,MG_30_13329_04,14.227564
MAG07112,MG_30_13329_04,1026.3921
MAG07113,MG_30_13329_04,46.18941
MAG07114,MG_30_13329_04,12.618256
MAG07115,MG_30_13329_04,33.42235
MAG07116,MG_30_13329_04,24.476778
MAG07117,MG_30_13348_05,851.43506
MAG07118,MG_30_13827_03,77.06948
MAG07119,MG_30_13827_03,84.40173
MAG07120,MG_30_13827_03,177.16228
MAG07121,MG_30_13827_03,65.40493
MAG07122,MG_30_13827_03,228.7266
MAG07123,MG_30_13827_03,324.10153
MAG07124,MG_30_13827_03,96.67354
MAG07125,MG_30_13827_03,3024.8154
MAG07126,MG_30_13827_03,20.441711
MAG07127,MG_30_13828_03,406.05005
MAG07128,MG_30_13863_03,414.02182
MAG07129,MG_30_13863_03,92.4368
MAG07130,MG_30_13863_03,22.684488
MAG07131,MG_30_13863_03,64.46005
MAG07132,MG_30_13863_03,75.49437
MAG07133,MG_30_13863_03,1505.7546
MAG07134,MG_30_13863_03,35.84662
MAG07135,MG_30_13863_03,21.7671
MAG07136,MG_30_13866_03,1835.867
MAG07137,MG_30_13866_03,146.89369
MAG07138,MG_30_13871_04,55.099777
MAG07139,MG_30_13871_04,209.08342
MAG07140,MG_30_13871_04,381.2259
MAG07141,MG_30_13871_04,290.90744
MAG07142,MG_30_13871_04,32.83099
MAG07143,MG_30_13871_04,14.960666
MAG07144,MG_30_13871_04,366.1489
MAG07145,MG_30_13875_03,21.331116
MAG07146,MG_30_13875_03,10.50828
MAG07147,MG_30_13875_03,3601.9543
MAG07148,MG_30_13875_03,287.08472
MAG07149,MG_30_13875_03,108.64895
MAG07150,MG_30_13875_03,25.091722
MAG07151,MG_30_13875_03,177.63556
MAG07152,MG_30_13875_03,215.87885
MAG07153,MG_30_13875_03,11.014045
MAG07154,MG_30_13875_03,114.38185
MAG07155,MG_30_13875_03,34.923485
MAG07156,MG_30_13875_03,105.67944
MAG07157,MG_30_13875_03,17.431534
MAG07158,MG_30_13875_03,31.98306
MAG07159,MG_30_13876_03,27.9703
MAG07160,MG_30_13876_03,201.10374
MAG07161,MG_30_13876_03,370.20898
MAG07162,MG_30_13876_03,275.3475
MAG07163,MG_30_13876_03,71.23368
MAG07164,MG_30_13876_03,19.694443
MAG07165,MG_30_13876_03,17.994946
MAG07166,MG_30_13876_03,23.229479
MAG07167,MG_30_13879_02,19.410028
MAG07168,MG_30_13879_02,705.74384
MAG07169,MG_30_13879_02,62.33982
MAG07170,MG_30_13879_02,46.241264
MAG07171,MG_30_13879_02,9.874551
MAG07172,MG_30_13879_02,21.789396
MAG07173,MG_30_13879_02,1273.4591
MAG07174,MG_30_13879_02,343.5465
MAG07175,MG_30_13879_02,104.14912
MAG07176,MG_30_13879_02,20.834732
MAG07177,MG_30_13879_02,33.593773
MAG07178,MG_30_13879_02,472.3754
MAG07179,MG_30_13879_02,32.558884
MAG07180,MG_30_13881_03,69.05092
MAG07181,MG_30_13881_03,706.15515
MAG07182,MG_30_13885_05,86.60208
MAG07183,MG_30_13885_05,27.024464
MAG07184,MG_30_13885_05,438.054
MAG07185,MG_30_13885_05,15.003986
MAG07186,MG_30_13885_05,1466.5778
MAG07187,MG_30_13885_05,16.533335
MAG07188,MG_30_13885_05,673.9906
MAG07189,MG_30_13885_05,70.503204
MAG07190,MG_30_13885_05,25.708641
MAG07191,MG_30_13885_05,170.67917
MAG07192,MG_30_13885_05,17.170431
MAG07193,MG_30_13885_05,626.3933
MAG07194,MG_30_13885_05,36.64989
MAG07195,MG_30_13886_03,2644.4553
MAG07196,MG_30_13886_03,217.34943
MAG07197,MG_30_13890_05,118.75991
MAG07198,MG_30_13890_05,1290.3215
MAG07199,MG_30_13890_05,807.57
MAG07200,MG_30_13890_05,32.308575
MAG07201,MG_30_13890_05,20.524204
MAG07202,MG_30_13890_05,33.773285
MAG07203,MG_30_13890_05,122.93667
MAG07204,MG_30_13890_05,23.390675
MAG07205,MG_30_13890_05,123.43249
MAG07206,MG_30_13890_05,447.1524
MAG07207,MG_30_13890_05,20.592318
MAG07208,MG_30_13890_05,102.68023
MAG07209,MG_30_13890_05,24.222082
MAG07210,MG_30_13890_05,118.34911
MAG07211,MG_30_13890_05,168.1512
MAG07212,MG_30_13896_03,1540.5569
MAG07213,MG_30_13905_03,27.951159
MAG07214,MG_30_13905_03,135.21614
MAG07215,MG_30_13905_03,1866.4087
MAG07216,MG_30_13905_03,96.86788
MAG07217,MG_30_13905_03,486.7334
MAG07218,MG_30_13905_03,54.092133
MAG07219,MG_30_13917_02,52.37547
MAG07220,MG_30_13917_02,38.062172
MAG07221,MG_30_13917_02,125.89373
MAG07222,MG_30_13917_02,33.26443
MAG07223,MG_30_13917_02,15.765412
MAG07224,MG_30_13917_02,18.972807
MAG07225,MG_30_13917_02,87.2413
MAG07226,MG_30_13917_02,56.574802
MAG07227,MG_30_13917_02,207.13733
MAG07228,MG_30_13917_02,14.306444
MAG07229,MG_30_13917_02,18.54199
MAG07230,MG_30_14391_05,540.67584
MAG07231,MG_30_14400_05,29.629374
MAG07232,MG_30_14403_04,889.1314
MAG07233,MG_30_14407_05,19.586697
MAG07234,MG_30_14407_05,357.724
MAG07235,MG_30_14407_05,15.887469
MAG07236,MG_30_14407_05,15.870302
MAG07237,MG_30_14407_05,19.215092
MAG07238,MG_30_14415_03,316.68097
MAG07239,MG_30_14415_03,29.530006
MAG07240,MG_30_14416_03,10.326904
MAG07241,MG_30_14416_03,246.12047
MAG07242,MG_30_14416_03,190.08292
MAG07243,MG_30_14416_03,10.866085
MAG07244,MG_30_14417_05,67.67852
MAG07245,MG_30_14417_05,358.28674
MAG07246,MG_30_14417_05,208.5002
MAG07247,MG_30_14417_05,16.27984
MAG07248,MG_30_14418_03,67.00308
MAG07249,MG_30_14418_03,19.320435
MAG07250,MG_30_14418_03,80.65193
MAG07251,MG_30_14418_03,109.57081
MAG07252,MG_30_14418_03,14.208333
MAG07253,MG_30_14418_03,197.0338
MAG07254,MG_30_14418_03,48.091988
MAG07255,MG_30_14418_03,109.99453
MAG07256,MG_30_14418_03,24.160238
MAG07257,MG_30_14418_03,661.8975
MAG07258,MG_30_14429_05,342.87418
MAG07259,MG_30_14434_03,1276.1187
MAG07260,MG_30_14434_03,110.705666
MAG07261,MG_30_14434_03,21.481724
MAG07262,MG_30_14434_03,20.408707
MAG07263,MG_30_14434_03,62.344208
MAG07264,MG_30_14434_03,61.28577
MAG07265,MG_30_14434_03,78.75295
MAG07266,MG_30_14434_03,37.918877
MAG07267,MG_30_14434_03,241.93309
MAG07268,MG_30_14434_03,17.06836
MAG07269,MG_30_14434_03,2602.6338
MAG07270,MG_30_14434_03,19.707827
MAG07271,MG_30_14437_05,313.0268
MAG07272,MG_30_14437_05,100.93247
MAG07273,MG_30_14437_05,92.395874
MAG07274,MG_30_14437_05,68.18051
MAG07275,MG_30_14437_05,46.583515
MAG07276,MG_30_14437_05,705.108
MAG07277,MG_30_14437_05,45.49473
MAG07278,MG_30_14437_05,661.03485
MAG07279,MG_30_14437_05,73.489105
MAG07280,MG_30_14444_03,885.71545
MAG07281,MG_30_14450_05,467.3638
MAG07282,MG_30_14458_05,27.298567
MAG07283,MG_30_14458_05,438.9279
MAG07284,MG_30_15242_02,1598.8977
MAG07285,MG_30_15243_05,60.54041
MAG07286,MG_30_15243_05,316.63306
MAG07287,MG_30_15250_03,28.145683
MAG07288,MG_30_15250_03,4764.04
MAG07289,MG_30_15250_03,17.19901
MAG07290,MG_30_15250_03,61.79508
MAG07291,MG_30_15250_03,4409.0103
MAG07292,MG_30_15250_03,722.419
MAG07293,MG_30_15250_03,44.763725
MAG07294,MG_30_15250_03,16.524569
MAG07295,MG_30_15250_03,119.39516
MAG07296,MG_30_15250_03,162.84671
MAG07297,MG_30_15250_03,213.90608
MAG07298,MG_30_15250_03,14.148589
MAG07299,MG_30_15250_03,124.77685
MAG07300,MG_30_15250_03,325.1462
MAG07301,MG_30_15250_03,154.83665
MAG07302,MG_30_15250_03,20.878618
MAG07303,MG_30_15250_03,129.42168
MAG07304,MG_30_15254_02,400.1548
MAG07305,MG_30_15254_02,135.12927
MAG07306,MG_30_15254_02,1799.116
MAG07307,MG_30_15276_03,781.95575
MAG07308,MG_30_15276_03,119.12571
MAG07309,MG_30_15276_03,2485.0896
MAG07310,MG_30_15276_03,79.288345
MAG07311,MG_30_15276_03,85.303276
MAG07312,MG_30_15276_03,28.613218
MAG07313,MG_30_15276_03,32.482807
MAG07314,MG_30_15276_03,15.22599
MAG07315,MG_30_15276_03,48.30815
MAG07316,MG_30_15276_03,64.13378
MAG07317,MG_30_15276_03,62.36714
MAG07318,MG_30_15276_03,44.50923
MAG07319,MG_30_15276_03,121.212845
MAG07320,MG_30_15276_03,26.211294
MAG07321,MG_30_15282_02,443.76007
MAG07322,MG_30_15300_02,56.216385
MAG07323,MG_30_15300_02,282.67203
MAG07324,MG_30_15300_02,171.18459
MAG07325,MG_30_15300_02,199.13943
MAG07326,MG_30_15300_02,843.9162
MAG07327,MG_30_15300_02,1464.2103
MAG07328,MG_30_15300_02,50.128582
MAG07329,MG_30_15300_02,30.498968
MAG07330,MG_30_15300_02,4744.484
MAG07331,MG_30_15300_02,33.298954
MAG07332,MG_30_15300_02,19.00098
MAG07333,MG_30_15300_02,36.643806
MAG07334,MG_30_15300_02,293.18277
MAG07335,MG_30_15300_02,91.07351
MAG07336,MG_30_15300_02,26.620144
MAG07337,MG_30_15300_02,86.17085
MAG07338,MG_30_15300_02,66.77457
MAG07339,MG_30_15311_02,72.17824
MAG07340,MG_30_15311_02,67.80701
MAG07341,MG_30_15311_02,12.347471
MAG07342,MG_30_15311_02,14.6776705
MAG07343,MG_30_15311_02,45.557518
MAG07344,MG_30_15311_02,45.581432
MAG07345,MG_30_15311_02,37.744034
MAG07346,MG_30_15311_02,99.079216
MAG07347,MG_30_15311_02,2022.8094
MAG07348,MG_30_15311_02,302.68372
MAG07349,MG_30_15311_02,99.07732
MAG07350,MG_30_16231_04,171.43044
MAG07351,MG_30_16231_04,205.0156
MAG07352,MG_30_16231_04,156.0916
MAG07353,MG_30_16239_02,943.77905
MAG07354,MG_30_16239_02,14.684044
MAG07355,MG_30_16241_03,25.732979
MAG07356,MG_30_16241_03,920.6027
MAG07357,MG_30_16242_05,29.178812
MAG07358,MG_30_16242_05,7.16313
MAG07359,MG_30_16242_05,16.039553
MAG07360,MG_30_16242_05,77.43067
MAG07361,MG_30_16242_05,9.185409
MAG07362,MG_30_16242_05,56.90184
MAG07363,MG_30_16242_05,114.581535
MAG07364,MG_30_16242_05,108.11448
MAG07365,MG_30_16242_05,55.440914
MAG07366,MG_30_16242_05,7.30728
MAG07367,MG_30_16253_04,561.5934
MAG07368,MG_30_16253_04,198.66429
MAG07369,MG_30_16253_04,34.560005
MAG07370,MG_30_16253_04,26.831755
MAG07371,MG_30_16253_04,24.102743
MAG07372,MG_30_16253_04,12.337716
MAG07373,MG_30_16253_04,25.747377
MAG07374,MG_30_16253_04,22.171978
MAG07375,MG_30_16253_04,13.028536
MAG07376,MG_30_16253_04,71.18486
MAG07377,MG_30_16253_04,39.73168
MAG07378,MG_30_16279_02,468.08627
MAG07379,MG_30_16308_02,222.83527
MAG07380,MG_30_16308_02,10.485308
MAG07381,MG_30_16308_02,20.19701
MAG07382,MG_30_16308_02,26.813189
MAG07383,MG_30_16308_02,10.707336
MAG07384,MG_30_16308_02,2060.2158
MAG07385,MG_30_16308_02,4529.84
MAG07386,MG_30_16308_02,1510.3989
MAG07387,MG_30_16308_02,806.1099
MAG07388,MG_30_16308_02,80.94292
MAG07389,MG_30_16308_02,229.01611
MAG07390,MG_30_16308_02,24.420551
MAG07391,MG_30_16308_02,292.49194
MAG07392,MG_30_16308_02,85.38785
MAG07393,MG_30_16308_02,28.855585
MAG07394,MG_30_16308_02,119.7125
MAG07395,MG_30_16308_02,18.810394
MAG07396,MG_30_16308_02,177.92688
MAG07397,MG_30_16308_02,64.33223
MAG07398,MG_30_16318_03,131.0075
MAG07399,MG_30_16318_03,13.986021
MAG07400,MG_30_16318_03,56.66158
MAG07401,MG_30_16318_03,18.588633
MAG07402,MG_30_16318_03,227.05208
MAG07403,MG_30_16318_03,42.40622
MAG07404,MG_30_16318_03,14.230872
MAG07405,MG_30_16318_03,16.164808
MAG07406,MG_30_16318_03,1666.3176
MAG07407,MG_30_16318_03,49.22829
MAG07408,MG_30_16318_03,127.17041
MAG07409,MG_30_16506_03,1984.2814
MAG07410,MG_30_16514_05,618.7818
MAG07411,MG_30_16514_05,194.97119
MAG07412,MG_30_16529_02,57.618885
MAG07413,MG_30_16529_02,36.45839
MAG07414,MG_30_16558_02,44.550907
MAG07415,MG_30_16558_02,308.5316
MAG07416,MG_30_16558_02,66.04599
MAG07417,MG_30_16564_05,419.12073
MAG07418,MG_30_16565_03,93.230225
MAG07419,MG_30_16565_03,607.0605
MAG07420,MG_30_16565_03,18.612068
MAG07421,MG_30_16565_03,454.6174
MAG07422,MG_30_16565_03,124.82171
MAG07423,MG_30_16565_03,122.02434
MAG07424,MG_30_16565_03,59.32205
MAG07425,MG_30_16565_03,47.444595
MAG07426,MG_30_16565_03,33.30442
MAG07427,MG_30_16565_03,13.929883
MAG07428,MG_30_16565_03,713.40234
MAG07429,MG_30_16565_03,26.766754
MAG07430,MG_30_16565_03,25.039358
MAG07431,MG_30_16565_03,35.991436
MAG07432,MG_30_16565_03,72.147095
MAG07433,MG_30_16565_03,240.85602
MAG07434,MG_30_17792_02,1601.564
MAG07435,MG_30_17792_02,12.857019
MAG07436,MG_30_17796_04,103.463684
MAG07437,MG_30_17806_05,2000.7834
MAG07438,MG_30_17819_04,11.30014
MAG07439,MG_30_17819_04,21.165453
MAG07440,MG_30_17819_04,74.03341
MAG07441,MG_30_17819_04,117.4646
MAG07442,MG_30_17819_04,451.24213
MAG07443,MG_30_17819_04,469.28354
MAG07444,MG_30_17819_04,13.31659
MAG07445,MG_30_17819_04,14.956154
MAG07446,MG_30_17819_04,160.16539
MAG07447,MG_30_17819_04,415.39197
MAG07448,MG_30_17819_04,25.65243
MAG07449,MG_30_17819_04,172.29825
MAG07450,MG_30_17819_04,193.99791
MAG07451,MG_30_17819_04,18.374857
MAG07452,MG_30_17819_04,48.849663
MAG07453,MG_30_17819_04,15.490726
MAG07454,MG_30_17819_04,20.3376
MAG07455,MG_30_17819_04,39.148197
MAG07456,MG_30_17819_04,169.79863
MAG07457,MG_30_17819_04,182.08122
MAG07458,323752_MG,339.46973
MAG07459,323756_MG,10.854951
MAG07460,323756_MG,27.222895
MAG07461,323756_MG,52.99636
MAG07462,323756_MG,141.86241
MAG07463,323756_MG,14.243488
MAG07464,323756_MG,44.682198
MAG07465,323756_MG,9.944466
MAG07466,323756_MG,21.330723
MAG07467,323756_MG,22.828512
MAG07468,323756_MG,374.43948
MAG07469,323756_MG,11.506232
MAG07470,323756_MG,39.051994
MAG07471,323757_MG,10.3607435
MAG07472,323757_MG,266.16736
MAG07473,323757_MG,262.40488
MAG07474,323758_MG,36.4632
MAG07475,323758_MG,88.11236
MAG07476,323760_MG,17.117922
MAG07477,323760_MG,14.185532
MAG07478,323760_MG,15.560398
MAG07479,323760_MG,28.242743
MAG07480,323760_MG,10.981511
MAG07481,323760_MG,62.041187
MAG07482,323760_MG,141.4028
MAG07483,323760_MG,18.937412
MAG07484,323760_MG,15.82397
MAG07485,323760_MG,89.6147
MAG07486,323760_MG,15.403489
MAG07487,323760_MG,107.53064
MAG07488,323760_MG,153.44063
MAG07489,323760_MG,47.307484
MAG07490,323760_MG,31.055866
MAG07491,323760_MG,32.11146
MAG07492,323760_MG,106.57969
MAG07493,323760_MG,13.888836
MAG07494,323760_MG,7.5619755
MAG07495,323760_MG,30.172222
MAG07496,323760_MG,14.439165
MAG07497,323760_MG,585.83215
MAG07498,323760_MG,79.35998
MAG07499,323760_MG,17.056211
MAG07500,323760_MG,97.178276
MAG07501,323760_MG,15.273406
MAG07502,323760_MG,10.44874
MAG07503,323761_MG,38.5237
MAG07504,323761_MG,650.4478
MAG07505,323761_MG,258.4521
MAG07506,323761_MG,62.390232
MAG07507,323761_MG,20.274115
MAG07508,323761_MG,228.34673
MAG07509,323761_MG,30.343182
MAG07510,323761_MG,30.274454
MAG07511,323761_MG,16.73982
MAG07512,323761_MG,26.080618
MAG07513,323761_MG,255.68982
MAG07514,323761_MG,10.737981
MAG07515,323761_MG,500.52567
MAG07516,323761_MG,86.74875
MAG07517,323761_MG,24.040672
MAG07518,323761_MG,23.603651
MAG07519,323761_MG,193.38118
MAG07520,323761_MG,13.259371
MAG07521,323761_MG,83.53869
MAG07522,323761_MG,150.92506
MAG07523,323761_MG,13.683084
MAG07524,323761_MG,47.565243
MAG07525,323762_MG,116.84638
MAG07526,323763_MG,25.938654
MAG07527,323763_MG,9.968992
MAG07528,323763_MG,47.73909
MAG07529,323763_MG,21.031813
MAG07530,323763_MG,10.921089
MAG07531,323763_MG,28.816334
MAG07532,323763_MG,244.53209
MAG07533,323763_MG,50.883217
MAG07534,323763_MG,1474.9414
MAG07535,323763_MG,497.76846
MAG07536,323763_MG,80.93902
MAG07537,323763_MG,29.316862
MAG07538,323763_MG,30.92337
MAG07539,323763_MG,316.02267
MAG07540,323763_MG,44.33671
MAG07541,323766_MG,67.8734
MAG07542,323766_MG,24.118282
MAG07543,323766_MG,22.828339
MAG07544,323766_MG,1668.9893
MAG07545,323766_MG,1281.3601
MAG07546,323766_MG,26.24204
MAG07547,323766_MG,17.776243
MAG07548,323766_MG,48.472538
MAG07549,323767_MG,57.245464
MAG07550,323767_MG,19.88191
MAG07551,323767_MG,301.10876
MAG07552,323767_MG,165.3218
MAG07553,323767_MG,49.2997
MAG07554,323767_MG,16.747805
MAG07555,323767_MG,17.286451
MAG07556,323767_MG,51.875637
MAG07557,323767_MG,63.990097
MAG07558,323767_MG,41.078476
MAG07559,323767_MG,10.02309
MAG07560,323767_MG,17.88244
MAG07561,323767_MG,80.665
MAG07562,323767_MG,10.799429
MAG07563,323767_MG,27.454319
MAG07564,323767_MG,12.416034
MAG07565,323767_MG,20.273197
MAG07566,323767_MG,200.62592
MAG07567,323767_MG,45.41044
MAG07568,323769_MG,81.06457
MAG07569,323769_MG,8.908298
MAG07570,323769_MG,404.24658
MAG07571,323770_MG,15.624395
MAG07572,323770_MG,711.79333
MAG07573,323770_MG,9.621075
MAG07574,323773_MG,65.32478
MAG07575,323773_MG,176.82666
MAG07576,323773_MG,94.34624
MAG07577,323774_MG,507.74573
MAG07578,323774_MG,10.286243
MAG07579,323774_MG,46.528698
MAG07580,323774_MG,207.21645
MAG07581,323774_MG,8.781584
MAG07582,323774_MG,28.305864
MAG07583,323774_MG,17.471771
MAG07584,323774_MG,11.607213
MAG07585,323774_MG,36.676468
MAG07586,323774_MG,20.568714
MAG07587,323775_MG,292.9179
MAG07588,323775_MG,138.14233
MAG07589,323775_MG,130.10962
MAG07590,323775_MG,23.070839
MAG07591,323775_MG,6.6925473
MAG07592,323775_MG,104.71184
MAG07593,323775_MG,92.11057
MAG07594,323775_MG,8.003993
MAG07595,323775_MG,23.72651
MAG07596,323775_MG,177.68127
MAG07597,323775_MG,25.529356
MAG07598,323775_MG,72.56799
MAG07599,323775_MG,307.82556
MAG07600,323775_MG,104.35087
MAG07601,323775_MG,46.397896
MAG07602,323775_MG,6.132482
MAG07603,323775_MG,94.32351
MAG07604,323775_MG,13.247957
MAG07605,323775_MG,98.60236
MAG07606,323775_MG,35.834866
MAG07607,323775_MG,102.26751
MAG07608,323775_MG,630.50195
MAG07609,323775_MG,38.650646
MAG07610,323775_MG,68.29275
MAG07611,323775_MG,250.75246
MAG07612,323775_MG,12.737313
MAG07613,323781_MG,41.08205
MAG07614,323781_MG,48.11776
MAG07615,323781_MG,23.33157
MAG07616,323781_MG,990.8757
MAG07617,323781_MG,11.576208
MAG07618,323781_MG,13.449119
MAG07619,323781_MG,41.66308
MAG07620,323781_MG,67.96451
MAG07621,323781_MG,64.38464
MAG07622,323781_MG,22.635891
MAG07623,323781_MG,287.09906
MAG07624,323781_MG,37.257084
MAG07625,323781_MG,25.08712
MAG07626,323783_MG,100.03323
MAG07627,323783_MG,188.30617
MAG07628,323783_MG,24.364027
MAG07629,323783_MG,63.845207
MAG07630,323783_MG,37.498993
MAG07631,323783_MG,16.040348
MAG07632,323783_MG,37.91993
MAG07633,323783_MG,15.730512
MAG07634,323783_MG,47.356506
MAG07635,323783_MG,23.721815
MAG07636,323783_MG,249.91608
MAG07637,323783_MG,11.949446
MAG07638,323783_MG,20.339462
MAG07639,323783_MG,79.61844
MAG07640,323783_MG,95.23806
MAG07641,323783_MG,341.43753
MAG07642,323783_MG,19.83248
MAG07643,323783_MG,23.00087
MAG07644,323783_MG,9.928496
MAG07645,323783_MG,24.282515
MAG07646,323783_MG,18.941542
MAG07647,323783_MG,62.942955
MAG07648,323784_MG,11.204432
MAG07649,323784_MG,107.10571
MAG07650,323784_MG,7.5366497
MAG07651,323784_MG,35.051445
MAG07652,323784_MG,27.498316
MAG07653,323784_MG,308.4557
MAG07654,323784_MG,22.04857
MAG07655,323784_MG,55.455254
MAG07656,323784_MG,244.77892
MAG07657,323784_MG,13.23251
MAG07658,323784_MG,63.721447
MAG07659,323784_MG,16.71913
MAG07660,323784_MG,89.74049
MAG07661,323784_MG,10.756081
MAG07662,323784_MG,20.62903
MAG07663,323784_MG,118.896706
MAG07664,323784_MG,18.04041
MAG07665,323784_MG,26.616692
MAG07666,323784_MG,111.74999
MAG07667,323784_MG,569.80927
MAG07668,323784_MG,14.287409
MAG07669,323784_MG,12.933874
MAG07670,323785_MG,162.93126
MAG07671,323785_MG,746.8466
MAG07672,323785_MG,415.00885
MAG07673,323785_MG,15.727528
MAG07674,323789_MG,404.02213
MAG07675,323789_MG,51.2973
MAG07676,323789_MG,11.657312
MAG07677,323789_MG,25.367393
MAG07678,323789_MG,71.6783
MAG07679,323789_MG,115.56266
MAG07680,323789_MG,150.41104
MAG07681,323789_MG,14.724184
MAG07682,323789_MG,309.86694
MAG07683,323789_MG,19.389496
MAG07684,323789_MG,31.323736
MAG07685,323789_MG,39.502052
MAG07686,323789_MG,12.033879
MAG07687,323789_MG,188.0481
MAG07688,323789_MG,9.782295
MAG07689,323790_MG,26.444109
MAG07690,323790_MG,132.07434
MAG07691,323790_MG,33.89869
MAG07692,323790_MG,6.99357
MAG07693,323791_MG,17.175539
MAG07694,323791_MG,142.24692
MAG07695,323793_MG,123.32683
MAG07696,323793_MG,64.8956
MAG07697,323793_MG,7.009732
MAG07698,323795_MG,177.5897
MAG07699,323795_MG,86.21326
MAG07700,323795_MG,331.69022
MAG07701,323795_MG,71.08058
MAG07702,323795_MG,5.91266
MAG07703,323795_MG,9.20658
MAG07704,323795_MG,732.8308
MAG07705,323795_MG,148.29152
MAG07706,323795_MG,36.767742
MAG07707,323795_MG,127.11995
MAG07708,323795_MG,66.28438
MAG07709,323795_MG,224.18462
MAG07710,323795_MG,312.74445
MAG07711,323795_MG,10.009514
MAG07712,323795_MG,13.758186
MAG07713,323795_MG,52.787193
MAG07714,323795_MG,70.292816
MAG07715,323795_MG,24.26979
MAG07716,323795_MG,1029.8915
MAG07717,323796_MG,75.60015
MAG07718,323796_MG,638.1787
MAG07719,323805_MG,55.870216
MAG07720,323806_MG,21.278923
MAG07721,323806_MG,137.88309
MAG07722,323806_MG,29.59041
MAG07723,323810_MG,13.452816
MAG07724,323810_MG,43.17865
MAG07725,323812_MG,12.169978
MAG07726,323812_MG,46.973103
MAG07727,323812_MG,342.99002
MAG07728,323812_MG,189.42792
MAG07729,323812_MG,24.849316
MAG07730,323812_MG,209.86586
MAG07731,323812_MG,225.63313
MAG07732,323812_MG,41.25748
MAG07733,323812_MG,12.056417
MAG07734,323812_MG,36.127895
MAG07735,323812_MG,113.63419
MAG07736,323812_MG,26.216742
MAG07737,323812_MG,113.747025
MAG07738,323812_MG,13.237477
MAG07739,323812_MG,123.27691
MAG07740,323812_MG,35.698284
MAG07741,323812_MG,172.23598
MAG07742,323812_MG,7.561996
MAG07743,323812_MG,550.9355
MAG07744,323812_MG,102.2099
MAG07745,323812_MG,42.754025
MAG07746,323812_MG,2572.277
MAG07747,323812_MG,43.72573
MAG07748,323812_MG,14.590484
MAG07749,323812_MG,29.705635
MAG07750,323812_MG,39.93464
MAG07751,323812_MG,9.170226
MAG07752,323812_MG,107.56905
MAG07753,323813_MG,1155.8633
MAG07754,323813_MG,10.619161
MAG07755,323816_MG,8.299983
MAG07756,323816_MG,8.6599
MAG07757,323816_MG,8.464608
MAG07758,323816_MG,26.217693
MAG07759,323816_MG,9.250933
MAG07760,323816_MG,11.218275
MAG07761,323816_MG,22.253506
MAG07762,323816_MG,19.54025
MAG07763,323816_MG,43.19973
MAG07764,323816_MG,43.943523
MAG07765,323816_MG,32.46847
MAG07766,323816_MG,9.934107
MAG07767,323816_MG,9.118411
MAG07768,323816_MG,7.802691
MAG07769,323816_MG,10.43716
MAG07770,323816_MG,7.8701067
MAG07771,323819_MG,15.468133
MAG07772,323819_MG,535.2862
MAG07773,323819_MG,254.5951
MAG07774,323819_MG,102.7802
MAG07775,323819_MG,22.565866
MAG07776,323819_MG,746.879
MAG07777,323819_MG,113.70191
MAG07778,323819_MG,9.132106
MAG07779,323819_MG,7.940134
MAG07780,323819_MG,44.231327
MAG07781,323819_MG,21.493809
MAG07782,323819_MG,15.085115
MAG07783,323823_MG,28.485592
MAG07784,323823_MG,153.23839
MAG07785,323823_MG,196.81226
MAG07786,323823_MG,96.53718
MAG07787,323823_MG,19.211353
MAG07788,323824_MG,158.26695
MAG07789,323824_MG,9.366383
MAG07790,323824_MG,188.73145
MAG07791,323824_MG,6.740144
MAG07792,323824_MG,33.959915
MAG07793,323824_MG,36.84505
MAG07794,323824_MG,16.86539
MAG07795,323824_MG,14.234736
MAG07796,323824_MG,123.0865
MAG07797,323824_MG,8.003876
MAG07798,323824_MG,9.717065
MAG07799,323824_MG,53.16456
MAG07800,323824_MG,120.89665
MAG07801,323824_MG,17.380579
MAG07802,323825_MG,99.67642
MAG07803,323829_MG,22.611748
MAG07804,323829_MG,168.92802
MAG07805,323829_MG,46.376442
MAG07806,323829_MG,12.963639
MAG07807,323830_MG,2197.8174
MAG07808,323840_MG,13.80021
MAG07809,323840_MG,9.541637
MAG07810,323840_MG,549.1056
MAG07811,323840_MG,19.788956
MAG07812,323840_MG,76.191765
MAG07813,323840_MG,8.730385
MAG07814,323840_MG,13.28066
MAG07815,323840_MG,20.069933
MAG07816,323840_MG,30.305313
MAG07817,323840_MG,68.917175
MAG07818,323840_MG,384.63547
MAG07819,323843_MG,35.203743
MAG07820,323843_MG,101.492615
MAG07821,323843_MG,55.377586
MAG07822,323853_MG,13.80759
MAG07823,323853_MG,354.16382
MAG07824,323853_MG,206.8467
MAG07825,323853_MG,213.23499
MAG07826,323853_MG,219.45915
MAG07827,323853_MG,26.70206
MAG07828,323853_MG,20.478659
MAG07829,323853_MG,19.329664
MAG07830,323853_MG,13.45782
MAG07831,323854_MG,717.36847
MAG07832,323854_MG,42.886257
MAG07833,323854_MG,23.342081
MAG07834,323854_MG,57.144985
MAG07835,323854_MG,25.149807
MAG07836,323854_MG,47.818256
MAG07837,323854_MG,64.96763
MAG07838,323854_MG,9.096369
MAG07839,323854_MG,8.718473
MAG07840,323854_MG,7.963135
MAG07841,323854_MG,177.32712
MAG07842,323854_MG,22.089762
MAG07843,323854_MG,9.902612
MAG07844,323854_MG,23.593935
MAG07845,323854_MG,44.692425
MAG07846,323858_MG,42.233315
MAG07847,323858_MG,8.28045
MAG07848,323858_MG,23.13624
MAG07849,323858_MG,17.188421
MAG07850,323858_MG,127.301445
MAG07851,323858_MG,116.542915
MAG07852,323858_MG,11.711012
MAG07853,323858_MG,14.169248
MAG07854,323858_MG,141.72151
MAG07855,323858_MG,86.92377
MAG07856,323858_MG,8.619691
MAG07857,323864_MG,60.92178
MAG07858,323864_MG,33.35796
MAG07859,323864_MG,26.54369
MAG07860,323864_MG,20.498295
MAG07861,323864_MG,24.074028
MAG07862,323864_MG,25.379124
MAG07863,323864_MG,86.74001
MAG07864,323864_MG,40.46455
MAG07865,323864_MG,12.849035
MAG07866,323864_MG,107.85708
MAG07867,323864_MG,15.104268
MAG07868,323864_MG,9.1815195
MAG07869,323864_MG,70.0112
MAG07870,323864_MG,50.689896
MAG07871,323864_MG,6.793755
MAG07872,323864_MG,12.468494
MAG07873,323864_MG,8.456843
MAG07874,323864_MG,63.11095
MAG07875,323864_MG,452.79614
MAG07876,323864_MG,155.90463
MAG07877,323864_MG,29.733091
MAG07878,323864_MG,88.78922
MAG07879,323864_MG,8.63932
MAG07880,323864_MG,12.934749
MAG07881,323865_MG,1900.5128
MAG07882,323865_MG,34.683304
MAG07883,323873_MG,125.02755
MAG07884,323873_MG,187.50891
MAG07885,323873_MG,31.24419
MAG07886,323873_MG,26.009954
MAG07887,323873_MG,211.91017
MAG07888,323873_MG,18.083733
MAG07889,323873_MG,91.22358
MAG07890,323873_MG,39.456276
MAG07891,323875_MG,1407.4531
MAG07892,323876_MG,198.35648
MAG07893,323877_MG,31.249186
MAG07894,323877_MG,10.074786
MAG07895,323877_MG,1456.3179
MAG07896,323877_MG,40.241943
MAG07897,323877_MG,10.020374
MAG07898,323877_MG,88.750145
MAG07899,323877_MG,8.039471
MAG07900,323877_MG,72.38374
MAG07901,323877_MG,893.82666
MAG07902,323877_MG,11.515058
MAG07903,323877_MG,32.195244
MAG07904,323877_MG,16.805893
MAG07905,323877_MG,28.00206
MAG07906,323877_MG,21.259937
MAG07907,323877_MG,56.74151
MAG07908,323878_MG,25.071465
MAG07909,323878_MG,36.506535
MAG07910,323878_MG,122.35624
MAG07911,323878_MG,28.984896
MAG07912,323878_MG,12.719939
MAG07913,323878_MG,325.70685
MAG07914,323878_MG,191.71301
MAG07915,323878_MG,45.240067
MAG07916,323878_MG,19.692087
MAG07917,323878_MG,27.254
MAG07918,323878_MG,37.64871
MAG07919,323878_MG,36.706505
MAG07920,323878_MG,85.68362
MAG07921,323880_MG,1712.5605
MAG07922,323880_MG,49.57865
MAG07923,323881_MG,22.545818
MAG07924,323881_MG,42.538994
MAG07925,323881_MG,21.67878
MAG07926,323881_MG,95.78326
MAG07927,323881_MG,6.1563787
MAG07928,323881_MG,12.353232
MAG07929,323881_MG,14.416889
MAG07930,323881_MG,20.780857
MAG07931,323881_MG,18.122158
MAG07932,323881_MG,16.007603
MAG07933,323881_MG,30.603392
MAG07934,323881_MG,56.0712
MAG07935,323884_MG,12.742724
MAG07936,323884_MG,136.46927
MAG07937,323886_MG,21.304226
MAG07938,323886_MG,66.880745
MAG07939,323886_MG,36.747097
MAG07940,323886_MG,15.323525
MAG07941,323886_MG,157.79099
MAG07942,323886_MG,9.707117
MAG07943,323887_MG,52.97262
MAG07944,323887_MG,1692.4962
MAG07945,323887_MG,528.6186
MAG07946,323887_MG,32.806206
MAG07947,323887_MG,26.061062
MAG07948,323888_MG,9.940544
MAG07949,323888_MG,18.33027
MAG07950,323888_MG,15.20908
MAG07951,323888_MG,199.42342
MAG07952,323888_MG,29.542156
MAG07953,323888_MG,64.559395
MAG07954,323888_MG,8.584984
MAG07955,323888_MG,10.151025
MAG07956,323890_MG,34.56081
MAG07957,323890_MG,57.38134
MAG07958,323890_MG,168.56868
MAG07959,323890_MG,62.473984
MAG07960,323890_MG,75.01834
MAG07961,323890_MG,152.96107
MAG07962,323890_MG,186.53438
MAG07963,323890_MG,25.159561
MAG07964,323890_MG,104.06588
MAG07965,323890_MG,112.68818
MAG07966,323890_MG,12.191579
MAG07967,323890_MG,72.458435
MAG07968,323890_MG,295.1642
MAG07969,323890_MG,289.93884
MAG07970,323890_MG,9.558652
MAG07971,323890_MG,13.990149
MAG07972,323890_MG,15.887723
MAG07973,323890_MG,40.589954
MAG07974,323890_MG,15.597457
MAG07975,323890_MG,109.42846
MAG07976,323891_MG,38.388374
MAG07977,323891_MG,9.115727
MAG07978,323891_MG,103.60997
MAG07979,323892_MG,169.39478
MAG07980,323892_MG,70.04977
MAG07981,323892_MG,15.153046
MAG07982,323892_MG,88.496735
MAG07983,323892_MG,13.594911
MAG07984,323892_MG,101.969154
MAG07985,323892_MG,43.323257
MAG07986,323892_MG,83.00096
MAG07987,323892_MG,142.83502
MAG07988,323892_MG,20.596153
MAG07989,323892_MG,42.907658
MAG07990,323892_MG,30.263273
MAG07991,323892_MG,12.696354
MAG07992,323892_MG,132.89647
MAG07993,323893_MG,110.68389
MAG07994,323893_MG,516.142
MAG07995,323893_MG,38.406765
MAG07996,323893_MG,402.41187
MAG07997,323893_MG,158.98346
MAG07998,323893_MG,148.37277
MAG07999,323893_MG,439.24796
MAG08000,323893_MG,54.533478
MAG08001,323894_MG,18.891489
MAG08002,323894_MG,38.15512
MAG08003,323894_MG,207.92581
MAG08004,323894_MG,15.097712
MAG08005,323894_MG,22.090965
MAG08006,323894_MG,6.2068715
MAG08007,323894_MG,5.9640307
MAG08008,323896_MG,49.05244
MAG08009,323896_MG,19.125809
MAG08010,323896_MG,2297.105
MAG08011,323896_MG,45.200573
MAG08012,323896_MG,26.96127
MAG08013,323896_MG,27.33192
MAG08014,323896_MG,7.931017
MAG08015,323896_MG,24.21355
MAG08016,323896_MG,9.820884
MAG08017,323896_MG,42.10064
MAG08018,323896_MG,53.31473
MAG08019,323896_MG,196.4605
MAG08020,323896_MG,7.6939015
MAG08021,323897_MG,10.571174
MAG08022,323897_MG,10.257642
MAG08023,323897_MG,15.241002
MAG08024,323897_MG,27.069775
MAG08025,323897_MG,63.041664
MAG08026,323897_MG,9.591521
MAG08027,323897_MG,53.55427
MAG08028,323897_MG,76.95553
MAG08029,323897_MG,76.28613
MAG08030,323897_MG,9.930578
MAG08031,323897_MG,21.764671
MAG08032,323897_MG,9.290746
MAG08033,323897_MG,210.42741
MAG08034,323897_MG,144.88976
MAG08035,323897_MG,673.3597
MAG08036,323897_MG,24.488438
MAG08037,323897_MG,15.049654
MAG08038,323897_MG,262.98837
MAG08039,323897_MG,189.14606
MAG08040,323897_MG,140.85727
MAG08041,323897_MG,40.91073
MAG08042,323897_MG,37.085213
MAG08043,323897_MG,238.21407
MAG08044,323897_MG,39.045856
MAG08045,323897_MG,331.35873
MAG08046,323897_MG,94.018555
MAG08047,323897_MG,29.92392
MAG08048,323897_MG,177.34619
MAG08049,323897_MG,98.78883
MAG08050,323897_MG,16.496798
MAG08051,323897_MG,151.54648
MAG08052,323898_MG,312.9833
MAG08053,323898_MG,45.172134
MAG08054,323898_MG,138.66078
MAG08055,323898_MG,222.24022
MAG08056,323898_MG,311.02252
MAG08057,323900_MG,190.69772
MAG08058,MG_339011,48.189037
MAG08059,MG_339011,12.583781
MAG08060,MG_339011,88.35673
MAG08061,MG_339011,55.97697
MAG08062,MG_339011,34.92628
MAG08063,MG_339011,165.72832
MAG08064,MG_339011,12.874773
MAG08065,MG_339011,397.00665
MAG08066,MG_339011,25.51121
MAG08067,MG_339043,20.634047
MAG08068,MG_339043,385.39252
MAG08069,MG_339043,26.196104
MAG08070,MG_339043,9.366185
MAG08071,MG_339043,3180.7512
MAG08072,MG_339043,11.956331
MAG08073,MG_339075,13.25771
MAG08074,MG_339075,13.924595
MAG08075,MG_339075,175.6358
MAG08076,MG_339075,445.4554
MAG08077,MG_339107,48.49752
MAG08078,MG_339107,11.978208
MAG08079,MG_339107,14.557929
MAG08080,MG_339107,53.957912
MAG08081,MG_339107,188.94173
MAG08082,MG_339107,319.15994
MAG08083,MG_339107,12.496578
MAG08084,MG_339107,6.347955
MAG08085,MG_339139,17.732178
MAG08086,MG_339139,14.615072
MAG08087,MG_339139,18.802967
MAG08088,MG_339139,11.122386
MAG08089,MG_339139,12.287659
MAG08090,MG_339171,156.93816
MAG08091,MG_339171,19.525993
MAG08092,MG_339171,95.035034
MAG08093,MG_339171,88.80923
MAG08094,MG_339171,33.110558
MAG08095,MG_339171,51.477406
MAG08096,MG_339171,48.890167
MAG08097,MG_339171,57.991817
MAG08098,MG_339171,12.440822
MAG08099,MG_339171,9.050538
MAG08100,MG_339171,32.19738
MAG08101,MG_339171,54.05447
MAG08102,MG_339171,37.305958
MAG08103,MG_339203,240.24709
MAG08104,MG_339235,27.059366
MAG08105,MG_339235,15.6715555
MAG08106,MG_339235,71.75467
MAG08107,MG_339235,43.841175
MAG08108,MG_339235,46.226513
MAG08109,MG_339235,18.912748
MAG08110,MG_339235,12.49216
MAG08111,MG_339235,48.944427
MAG08112,MG_339235,38.602345
MAG08113,MG_339235,20.204012
MAG08114,MG_339235,15.715372
MAG08115,MG_339235,22.098082
MAG08116,MG_339235,38.41466
MAG08117,MG_339235,14.928208
MAG08118,MG_339235,160.52435
MAG08119,MG_339235,23.091366
MAG08120,MG_339299,2576.5945
MAG08121,MG_339331,18.025436
MAG08122,MG_339331,7.57988
MAG08123,MG_339331,1010.97864
MAG08124,MG_339331,20.013489
MAG08125,MG_339331,16.349796
MAG08126,MG_339331,822.80664
MAG08127,MG_339331,46.274517
MAG08128,MG_339331,14.362986
MAG08129,MG_339331,58.406494
MAG08130,MG_339363,24.067276
MAG08131,MG_339395,48.256584
MAG08132,MG_339395,16.53756
MAG08133,MG_339395,63.157524
MAG08134,MG_339395,14.774438
MAG08135,MG_339395,12.135294
MAG08136,MG_339395,83.44798
MAG08137,MG_339427,22.325737
MAG08138,MG_339427,689.8937
MAG08139,MG_339427,90.93807
MAG08140,MG_339427,117.472145
MAG08141,MG_339427,7.7725415
MAG08142,MG_339459,9.936401
MAG08143,MG_339459,105.004684
MAG08144,MG_339459,488.20593
MAG08145,MG_339459,24.358067
MAG08146,MG_339459,576.8466
MAG08147,MG_339459,16.410398
MAG08148,MG_339459,1693.256
MAG08149,MG_339459,57.242943
MAG08150,MG_339459,13.17038
MAG08151,MG_339459,12.542926
MAG08152,MG_339459,160.87228
MAG08153,MG_339459,12.294103
MAG08154,MG_339459,533.44495
MAG08155,MG_339491,119.181366
MAG08156,MG_339523,31.70944
MAG08157,MG_339523,20.21238
MAG08158,MG_339523,92.97816
MAG08159,MG_339523,10.746714
MAG08160,MG_339555,76.7336
MAG08161,MG_339555,87.721085
MAG08162,MG_339555,264.10284
MAG08163,MG_339555,46.871914
MAG08164,MG_339555,49.035633
MAG08165,MG_339555,74.28487
MAG08166,MG_339555,8.427976
MAG08167,MG_339555,6.0275445
MAG08168,MG_339587,61.6701
MAG08169,MG_339587,18.197119
MAG08170,MG_339587,12.978644
MAG08171,MG_339587,52.993275
MAG08172,MG_339587,16.108133
MAG08173,MG_339587,50.92669
MAG08174,MG_339587,230.44524
MAG08175,MG_339587,9.534213
MAG08176,MG_339587,63.84993
MAG08177,MG_339619,35.150665
MAG08178,MG_339619,96.20652
MAG08179,MG_339619,200.61009
MAG08180,MG_339619,38.485477
MAG08181,MG_339619,14.383152
MAG08182,MG_339619,22.92801
MAG08183,MG_339619,18.08913
MAG08184,MG_339619,12.254697
MAG08185,MG_339619,18.289862
MAG08186,MG_339619,36.686066
MAG08187,MG_339619,526.3763
MAG08188,MG_339651,13.614169
MAG08189,MG_339651,60.498302
MAG08190,MG_339651,117.46006
MAG08191,MG_339651,27.72867
MAG08192,MG_339651,44.08821
MAG08193,MG_339651,11.998447
MAG08194,MG_339651,9.799706
MAG08195,MG_339651,20.90606
MAG08196,MG_339651,34.880905
MAG08197,MG_339651,36.67893
MAG08198,MG_339651,38.19986
MAG08199,MG_339651,25.34181
MAG08200,MG_339651,14.47778
MAG08201,MG_339651,31.38232
MAG08202,MG_339683,29.898926
MAG08203,MG_339683,636.0138
MAG08204,MG_339683,283.8827
MAG08205,MG_339683,57.528873
MAG08206,MG_339715,13.165249
MAG08207,MG_339715,38.064102
MAG08208,MG_339715,117.74076
MAG08209,MG_339715,112.52711
MAG08210,MG_339715,31.734865
MAG08211,MG_339715,13.055573
MAG08212,MG_339715,11.304004
MAG08213,MG_339715,6.536669
MAG08214,MG_339747,34.929142
MAG08215,MG_339747,15.44283
MAG08216,MG_339747,50.867588
MAG08217,MG_339747,35.5842
MAG08218,MG_339747,154.51259
MAG08219,MG_339747,337.09512
MAG08220,MG_339747,85.2837
MAG08221,MG_339747,29.309652
MAG08222,MG_339747,63.32712
MAG08223,MG_339747,12.457174
MAG08224,MG_339747,87.43517
MAG08225,MG_339747,72.0293
MAG08226,MG_339747,17.968878
MAG08227,MG_339747,69.851135
MAG08228,MG_339747,8.215521
MAG08229,MG_339779,10.445693
MAG08230,MG_339779,100.94662
MAG08231,MG_339779,56.989193
MAG08232,MG_339779,19.242392
MAG08233,MG_339779,31.353127
MAG08234,MG_339779,20.938675
MAG08235,MG_339779,88.60221
MAG08236,MG_339811,18.598127
MAG08237,MG_339811,15.525743
MAG08238,MG_339811,109.46367
MAG08239,MG_339811,9.628953
MAG08240,MG_339811,7.507109
MAG08241,MG_339811,37.5532
MAG08242,MG_339811,23.487555
MAG08243,MG_339811,17.943121
MAG08244,MG_339811,65.990456
MAG08245,MG_339811,314.41568
MAG08246,MG_339811,10.2921
MAG08247,MG_339811,27.033283
MAG08248,MG_339811,25.435236
MAG08249,MG_339843,107.66068
MAG08250,MG_339843,575.91797
MAG08251,MG_339843,298.101
MAG08252,MG_339843,8.525089
MAG08253,MG_339907,288.72632
MAG08254,MG_339907,302.01538
MAG08255,MG_339939,51.092945
MAG08256,MG_339939,87.75379
MAG08257,MG_339939,22.39675
MAG08258,MG_339939,170.64056
MAG08259,MG_339939,81.68205
MAG08260,MG_339939,23.412878
MAG08261,MG_339939,11.641904
MAG08262,MG_339939,21.304966
MAG08263,MG_339939,8.177187
MAG08264,MG_339939,50.854332
MAG08265,MG_339939,21.897112
MAG08266,MG_339939,1848.1947
MAG08267,MG_339939,126.86157
MAG08268,MG_339939,29.153059
MAG08269,MG_339939,14.159944
MAG08270,MG_339939,859.9999
MAG08271,MG_339939,192.84265
MAG08272,MG_339939,10.008624
MAG08273,MG_339939,64.929245
MAG08274,MG_339939,8.135747
MAG08275,MG_339939,8.390042
MAG08276,MG_339939,188.40918
MAG08277,MG_339939,36.632465
MAG08278,MG_339939,39.849026
MAG08279,MG_339939,95.25114
MAG08280,MG_339939,20.615566
MAG08281,MG_339971,18.258717
MAG08282,MG_339971,172.12234
MAG08283,MG_339971,25.649788
MAG08284,MG_339971,35.35763
MAG08285,MG_339971,78.38039
MAG08286,MG_339971,17.65503
MAG08287,MG_339971,99.14839
MAG08288,MG_339971,12.373995
MAG08289,MG_339971,11.696105
MAG08290,MG_339971,1106.3494
MAG08291,MG_340003,32.125835
MAG08292,MG_340003,69.37584
MAG08293,MG_340003,8.273253
MAG08294,MG_340003,208.29948
MAG08295,MG_340003,71.37151
MAG08296,MG_340003,11.702355
MAG08297,MG_340003,9.783786
MAG08298,MG_340003,9.506748
MAG08299,MG_340003,28.773605
MAG08300,MG_340003,23.175684
MAG08301,MG_340003,18.14523
MAG08302,MG_340003,44.1814
MAG08303,MG_340003,105.46703
MAG08304,MG_340003,7.626256
MAG08305,MG_340003,6.5377254
MAG08306,MG_340003,6.1792903
MAG08307,MG_340003,20.007135
MAG08308,MG_340003,15.931446
MAG08309,MG_340003,21.864388
MAG08310,MG_340003,77.81352
MAG08311,MG_340003,14.741973
MAG08312,MG_340003,90.35005
MAG08313,MG_340003,1125.7701
MAG08314,MG_340035,20.953375
MAG08315,MG_340035,77.282265
MAG08316,MG_340035,187.84479
MAG08317,MG_340035,22.189754
MAG08318,MG_340035,39.59525
MAG08319,MG_340035,74.859055
MAG08320,MG_340035,206.93364
MAG08321,MG_340035,8.045153
MAG08322,MG_340035,44.101585
MAG08323,MG_340035,35.078293
MAG08324,MG_340035,679.9045
MAG08325,MG_340035,142.68277
MAG08326,MG_340035,26.674198
MAG08327,MG_340067,9.4109125
MAG08328,MG_340067,18.6437
MAG08329,MG_340067,36.9472
MAG08330,MG_340067,27.637474
MAG08331,MG_340067,146.63446
MAG08332,MG_340067,25.133556
MAG08333,MG_340067,30.11319
MAG08334,MG_340067,26.265139
MAG08335,MG_340067,46.168926
MAG08336,MG_340067,62.959713
MAG08337,MG_340067,128.06421
MAG08338,MG_340067,276.95248
MAG08339,MG_340067,39.652767
MAG08340,MG_340067,20.931576
MAG08341,MG_340067,302.39783
MAG08342,MG_340067,43.93672
MAG08343,MG_340067,24.020374
MAG08344,MG_340067,14.1408825
MAG08345,MG_340099,10.300207
MAG08346,MG_340099,124.88942
MAG08347,MG_340099,72.84317
MAG08348,MG_340099,43.939426
MAG08349,MG_340099,91.64633
MAG08350,MG_340099,194.84024
MAG08351,MG_340099,123.167114
MAG08352,MG_340099,34.42258
MAG08353,MG_340099,50.687855
MAG08354,MG_340099,74.363144
MAG08355,MG_340099,174.72083
MAG08356,MG_340099,109.78068
MAG08357,MG_340131,555.2279
MAG08358,MG_340131,11.794445
MAG08359,MG_340163,653.54095
MAG08360,MG_340163,16.292044
MAG08361,MG_340163,221.32585
MAG08362,MG_340163,199.72324
MAG08363,MG_340163,515.2221
MAG08364,MG_340163,158.66966
MAG08365,MG_340163,917.8153
MAG08366,MG_340163,86.88586
MAG08367,MG_340163,20.824625
MAG08368,MG_340163,169.42848
MAG08369,MG_340163,15.924019
MAG08370,MG_340163,13.968904
MAG08371,MG_340163,8.70495
MAG08372,MG_340163,20.900246
MAG08373,MG_340163,385.0623
MAG08374,MG_340163,372.5811
MAG08375,MG_340163,21.132036
MAG08376,MG_340163,16.227835
MAG08377,MG_340163,189.52435
MAG08378,MG_340163,98.37222
MAG08379,MG_340163,34.11874
MAG08380,MG_340163,21.855732
MAG08381,MG_340163,27.387878
MAG08382,MG_340163,445.19827
MAG08383,MG_340163,10.613635
MAG08384,MG_340163,76.60547
MAG08385,MG_340163,12.3735285
MAG08386,MG_340163,139.93745
MAG08387,MG_340163,179.44902
MAG08388,MG_340163,192.17555
MAG08389,MG_340163,92.94159
MAG08390,MG_340163,261.15607
MAG08391,MG_340163,17.396921
MAG08392,MG_340163,439.7755
MAG08393,MG_340163,233.98277
MAG08394,MG_340163,24.028229
MAG08395,MG_340163,126.398254
MAG08396,MG_340163,354.67978
MAG08397,MG_340163,23.644587
MAG08398,MG_340163,29.830254
MAG08399,MG_340163,80.065865
MAG08400,MG_340163,595.60187
MAG08401,MG_340163,64.21177
MAG08402,MG_340163,32.572838
MAG08403,MG_340195,109.583466
MAG08404,MG_340227,15.434497
MAG08405,MG_340227,28.296848
MAG08406,MG_340227,20.920927
MAG08407,MG_340227,115.24451
MAG08408,MG_340227,18.324047
MAG08409,MG_340227,10.744843
MAG08410,MG_340227,307.04587
MAG08411,MG_340227,80.15529
MAG08412,MG_340227,22.614109
MAG08413,MG_340227,10.956186
MAG08414,MG_340227,10.530998
MAG08415,MG_340227,66.34675
MAG08416,MG_340227,65.72609
MAG08417,MG_340259,127.74924
MAG08418,MG_340259,77.150894
MAG08419,MG_340259,14.992005
MAG08420,MG_340259,8.99006
MAG08421,MG_340259,468.90393
MAG08422,MG_340259,591.69684
MAG08423,MG_340259,17.794138
MAG08424,MG_340291,29.13184
MAG08425,MG_340291,52.745506
MAG08426,MG_340291,1068.9248
MAG08427,MG_340291,18.77735
MAG08428,MG_340291,10.602148
MAG08429,MG_340323,20.503614
MAG08430,MG_340323,44.529552
MAG08431,MG_340323,1308.9232
MAG08432,MG_340323,47.5831
MAG08433,MG_340323,132.60898
MAG08434,MG_340323,194.66489
MAG08435,MG_340323,36.926537
MAG08436,MG_340323,202.64851
MAG08437,MG_340323,27.401197
MAG08438,MG_340323,105.32533
MAG08439,MG_340323,12.696706
MAG08440,MG_340323,303.8988
MAG08441,MG_340323,302.55887
MAG08442,MG_340355,542.6977
MAG08443,MG_340355,14.474433
MAG08444,MG_340355,14.913997
MAG08445,MG_340355,26.409077
MAG08446,MG_340355,53.269844
MAG08447,MG_340355,56.730785
MAG08448,MG_340355,39.59482
MAG08449,MG_340355,52.911266
MAG08450,MG_340355,82.34687
MAG08451,MG_340355,446.71735
MAG08452,MG_340387,57.886265
MAG08453,MG_340387,98.08838
MAG08454,MG_340387,6.9065795
MAG08455,MG_340419,14.291281
MAG08456,MG_340419,306.44327
MAG08457,MG_340419,86.9801
MAG08458,MG_340483,10.796171
MAG08459,MG_340483,36.71485
MAG08460,MG_340483,377.2706
MAG08461,MG_340483,25.08025
MAG08462,MG_340483,190.7641
MAG08463,MG_340483,137.0115
MAG08464,MG_340483,482.76175
MAG08465,MG_340483,470.16394
MAG08466,MG_340483,21.068981
MAG08467,MG_340483,134.48419
MAG08468,MG_340483,22.932371
MAG08469,MG_340483,99.31995
MAG08470,MG_340483,116.739655
MAG08471,MG_340483,51.195534
MAG08472,MG_340483,6195.58
MAG08473,MG_340483,8.312872
MAG08474,MG_340483,8.229571
MAG08475,MG_340483,165.60149
MAG08476,MG_340483,43.859375
MAG08477,MG_340483,15.046817
MAG08478,MG_340483,12.334719
MAG08479,MG_340515,17.74997
MAG08480,MG_340515,32.070118
MAG08481,MG_340515,207.57047
MAG08482,MG_340515,15.825393
MAG08483,MG_340515,19.562487
MAG08484,MG_340547,160.74028
MAG08485,MG_340547,130.07008
MAG08486,MG_340547,3107.5698
MAG08487,MG_340547,487.3799
MAG08488,MG_340547,34.305527
MAG08489,MG_340547,30.45848
MAG08490,MG_340547,538.6793
MAG08491,MG_340547,13.880247
MAG08492,MG_340547,3498.7212
MAG08493,MG_340547,22.519718
MAG08494,MG_340547,12.451094
MAG08495,MG_340547,428.3254
MAG08496,MG_340547,473.20975
MAG08497,MG_340579,14.740574
MAG08498,MG_340579,56.16353
MAG08499,MG_340595,30.950834
MAG08500,MG_340595,306.94418
MAG08501,MG_340595,39.088512
MAG08502,MG_340595,26.369509
MAG08503,MG_340595,36.44342
MAG08504,MG_340646,34.986523
MAG08505,MG_340646,237.6402
MAG08506,MG_340646,385.20502
MAG08507,MG_340646,41.326904
MAG08508,MG_340646,42.256245
MAG08509,MG_340646,186.9512
MAG08510,MG_340646,139.82805
MAG08511,MG_340646,475.2136
MAG08512,MG_340646,1537.2827
MAG08513,MG_340646,38.7979
MAG08514,MG_340646,223.83891
MAG08515,MG_340646,34.345303
MAG08516,MG_340646,618.88446
MAG08517,MG_340646,882.65704
MAG08518,MG_340663,57.0332
MAG08519,MG_340663,10.369614
MAG08520,MG_340663,90.669365
MAG08521,MG_340663,13.507974
MAG08522,MG_340663,29.901997
MAG08523,MG_340663,36.744102
MAG08524,MG_340663,11.003213
MAG08525,MG_340663,11.959124
MAG08526,MG_340680,17.810413
MAG08527,MG_340697,40.907967
MAG08528,MG_340697,10.467925
MAG08529,MG_340748,42.79351
MAG08530,MG_340748,42.51424
MAG08531,MG_340748,154.38286
MAG08532,MG_340748,37.788025
MAG08533,MG_340901,195.42896
MAG08534,MG_340901,18.024784
MAG08535,MG_340901,25.728745
MAG08536,MG_340901,61.009525
MAG08537,MG_340901,80.62818
MAG08538,MG_340901,18.835594
MAG08539,MG_340901,55.08765
MAG08540,MG_340901,124.954285
MAG08541,MG_340901,37.853275
MAG08542,MG_340901,11.329097
MAG08543,MG_340901,227.54663
MAG08544,MG_340901,60.689518
MAG08545,MG_340901,27.30573
MAG08546,MG_340901,15.09556
MAG08547,MG_340901,39.70884
MAG08548,MG_340901,44.720222
MAG08549,MG_340901,27.887497
MAG08550,MG_340901,42.293636
MAG08551,MG_340935,26.466959
MAG08552,MG_340969,282.23132
MAG08553,MG_340986,43.136234
MAG08554,MG_341003,235.098
MAG08555,MG_341037,48.34506
MAG08556,MG_341037,82.58711
MAG08557,MG_341037,30.883303
MAG08558,MG_341037,23.622393
MAG08559,MG_341071,36.922077
MAG08560,MG_341071,10.382671
MAG08561,MG_341088,76.72217
MAG08562,MG_341088,24.35507
MAG08563,MG_341088,38.64815
MAG08564,MG_341105,268.4649
MAG08565,MG_341122,4023.0332
MAG08566,MG_341122,646.8277
MAG08567,MG_341224,21.815756
MAG08568,MG_341224,312.6442
MAG08569,MG_341224,107.16289
MAG08570,MG_341224,126.563576
MAG08571,MG_341224,18.34113
MAG08572,MG_341224,23.420565
MAG08573,MG_341241,25.738869
MAG08574,MG_341241,32.53717
MAG08575,MG_341241,580.59406
MAG08576,MG_341241,103.28926
MAG08577,MG_341275,10.807546
MAG08578,MG_341377,49.091953
MAG08579,MG_341394,317.16595
MAG08580,MG_341394,12.599836
MAG08581,MG_341411,519.1252
MAG08582,MG_341411,129.02849
MAG08583,MG_341411,105.37916
MAG08584,MG_341411,49.81319
MAG08585,MG_341411,159.32474
MAG08586,MG_341411,193.09296
MAG08587,MG_341411,53.79614
MAG08588,MG_341411,60.274376
MAG08589,MG_341428,31.828236
MAG08590,MG_341428,30.273235
MAG08591,MG_341428,13.656684
MAG08592,MG_341428,57.948513
MAG08593,MG_341428,10.9435835
MAG08594,MG_341428,11.94579
MAG08595,342278_MG,34.757416
MAG08596,342278_MG,67.025475
MAG08597,342278_MG,241.83075
MAG08598,342278_MG,74.20875
MAG08599,342278_MG,32.80832
MAG08600,342278_MG,83.73978
MAG08601,342278_MG,29.870712
MAG08602,342278_MG,23.961475
MAG08603,342278_MG,405.4799
MAG08604,342278_MG,147.00963
MAG08605,342282_MG,2067.2266
MAG08606,342290_MG,68.72399
MAG08607,342290_MG,102.40378
MAG08608,342290_MG,7.813978
MAG08609,342290_MG,9.329902
MAG08610,342290_MG,29.1722
MAG08611,342290_MG,20.667952
MAG08612,342294_MG,2061.2556
MAG08613,342295_MG,12.04514
MAG08614,342295_MG,22.268902
MAG08615,342295_MG,606.99817
MAG08616,342298_MG,11.5250435
MAG08617,342298_MG,10.452448
MAG08618,342298_MG,49.061974
MAG08619,342298_MG,31.384748
MAG08620,342298_MG,11.742845
MAG08621,342298_MG,8.389657
MAG08622,342298_MG,2187.0583
MAG08623,342298_MG,61.86964
MAG08624,342298_MG,9.873525
MAG08625,342298_MG,11.645899
MAG08626,342298_MG,20.596764
MAG08627,342298_MG,23.910614
MAG08628,342298_MG,97.73195
MAG08629,342298_MG,10.414895
MAG08630,342298_MG,9.101327
MAG08631,342298_MG,27.31698
MAG08632,342298_MG,11.616382
MAG08633,342298_MG,151.47572
MAG08634,342298_MG,55.032486
MAG08635,342300_MG,27.150347
MAG08636,342300_MG,13.996077
MAG08637,342300_MG,19.989357
MAG08638,342300_MG,24.901646
MAG08639,342300_MG,14.742566
MAG08640,342300_MG,17.515223
MAG08641,342300_MG,36.550224
MAG08642,342300_MG,88.53852
MAG08643,342302_MG,33.564835
MAG08644,342302_MG,9.653268
MAG08645,342302_MG,16.258936
MAG08646,342302_MG,9.57512
MAG08647,342302_MG,9.90736
MAG08648,342302_MG,56.424
MAG08649,342302_MG,25.184013
MAG08650,342305_MG,31.182737
MAG08651,342305_MG,13.766043
MAG08652,342305_MG,1424.9738
MAG08653,342305_MG,37.276234
MAG08654,342306_MG,22.270723
MAG08655,342306_MG,15.828438
MAG08656,342306_MG,134.73936
MAG08657,342310_MG,22.084677
MAG08658,342310_MG,959.44946
MAG08659,342310_MG,27.791563
MAG08660,342310_MG,13.812541
MAG08661,342310_MG,7.373309
MAG08662,342310_MG,92.08529
MAG08663,342310_MG,106.43773
MAG08664,342310_MG,46.763607
MAG08665,342310_MG,59.809406
MAG08666,342310_MG,28.043451
MAG08667,342310_MG,21.950386
MAG08668,342310_MG,33.16924
MAG08669,342310_MG,13.86861
MAG08670,342312_MG,18.637152
MAG08671,342312_MG,19.0855
MAG08672,342312_MG,51.45374
MAG08673,342315_MG,13.021629
MAG08674,342315_MG,72.3408
MAG08675,342315_MG,48.634823
MAG08676,342315_MG,636.9302
MAG08677,342315_MG,102.77671
MAG08678,342315_MG,100.96258
MAG08679,342315_MG,45.23959
MAG08680,342315_MG,32.311794
MAG08681,342317_MG,158.6776
MAG08682,342317_MG,18.94777
MAG08683,342317_MG,388.7117
MAG08684,342317_MG,38.239098
MAG08685,342317_MG,48.344982
MAG08686,342324_MG,105.508286
MAG08687,342324_MG,50.047104
MAG08688,342324_MG,230.7862
MAG08689,342326_MG,393.64566
MAG08690,342326_MG,45.673496
MAG08691,342328_MG,17.537224
MAG08692,342328_MG,1333.7385
MAG08693,342328_MG,39.267765
MAG08694,342328_MG,15.280121
MAG08695,342328_MG,10.735949
MAG08696,342328_MG,459.1668
MAG08697,342328_MG,186.09679
MAG08698,342328_MG,32.745903
MAG08699,342328_MG,56.844482
MAG08700,342328_MG,123.1184
MAG08701,342328_MG,11.144199
MAG08702,342328_MG,9.978902
MAG08703,342328_MG,30.157682
MAG08704,342328_MG,93.97355
MAG08705,342328_MG,44.17379
MAG08706,342330_MG,9.261949
MAG08707,342330_MG,136.12184
MAG08708,342330_MG,25.78884
MAG08709,342330_MG,207.06982
MAG08710,342330_MG,64.51445
MAG08711,342330_MG,10.179691
MAG08712,342330_MG,8.13957
MAG08713,342330_MG,15.0873785
MAG08714,342330_MG,8.786162
MAG08715,342330_MG,14.59222
MAG08716,342330_MG,27.479845
MAG08717,342330_MG,9.400454
MAG08718,342330_MG,17.148684
MAG08719,342333_MG,8.693513
MAG08720,342333_MG,35.61782
MAG08721,342333_MG,9.184802
MAG08722,342333_MG,8.842394
MAG08723,342333_MG,59.279503
MAG08724,342333_MG,114.82823
MAG08725,342333_MG,18.888685
MAG08726,342333_MG,14.701827
MAG08727,342333_MG,16.91251
MAG08728,342333_MG,30.809004
MAG08729,342333_MG,78.4315
MAG08730,342333_MG,37.162407
MAG08731,342334_MG,37.64206
MAG08732,342334_MG,41.63209
MAG08733,342334_MG,17.637373
MAG08734,342334_MG,70.03362
MAG08735,342334_MG,322.4312
MAG08736,342334_MG,397.0615
MAG08737,342334_MG,807.1792
MAG08738,342334_MG,225.2661
MAG08739,342334_MG,11.655174
MAG08740,342334_MG,100.26317
MAG08741,342334_MG,46.90999
MAG08742,342334_MG,65.652596
MAG08743,342334_MG,15.873468
MAG08744,342334_MG,189.53888
MAG08745,342334_MG,75.93113
MAG08746,342334_MG,124.42967
MAG08747,342334_MG,9.871396
MAG08748,342341_MG,8.842082
MAG08749,342341_MG,48.564476
MAG08750,342341_MG,8.753036
MAG08751,342341_MG,21.03668
MAG08752,342341_MG,29.557514
MAG08753,342341_MG,122.05897
MAG08754,342341_MG,59.562946
MAG08755,342341_MG,107.99323
MAG08756,342341_MG,25.191582
MAG08757,342341_MG,72.70434
MAG08758,342341_MG,131.10352
MAG08759,342341_MG,26.154362
MAG08760,342341_MG,1100.1849
MAG08761,342341_MG,10.608421
MAG08762,342343_MG,13.666692
MAG08763,342343_MG,62.937088
MAG08764,342343_MG,34.02775
MAG08765,342343_MG,17.711609
MAG08766,342343_MG,38.314552
MAG08767,342343_MG,54.813744
MAG08768,342343_MG,6.8259916
MAG08769,342343_MG,39.844936
MAG08770,342343_MG,18.869541
MAG08771,342343_MG,28.428745
MAG08772,342343_MG,32.417206
MAG08773,342343_MG,9.53002
MAG08774,342343_MG,9.297525
MAG08775,342343_MG,56.503857
MAG08776,342343_MG,26.172413
MAG08777,342345_MG,10.539334
MAG08778,342345_MG,239.01878
MAG08779,342345_MG,110.950485
MAG08780,342345_MG,251.23761
MAG08781,342345_MG,8.74112
MAG08782,342345_MG,40.982964
MAG08783,342345_MG,1891.0114
MAG08784,342345_MG,388.74594
MAG08785,342345_MG,37.156136
MAG08786,342345_MG,16.62857
MAG08787,342345_MG,36.010525
MAG08788,342345_MG,10.977652
MAG08789,342345_MG,15.969782
MAG08790,342345_MG,51.615192
MAG08791,342345_MG,211.38635
MAG08792,342345_MG,11.909745
MAG08793,342345_MG,75.08099
MAG08794,342345_MG,20.276865
MAG08795,342345_MG,32.946312
MAG08796,342350_MG,21.224804
MAG08797,342350_MG,491.05673
MAG08798,342351_MG,14.608501
MAG08799,342351_MG,10.968701
MAG08800,342351_MG,11.733752
MAG08801,342351_MG,263.4658
MAG08802,342351_MG,12.177859
MAG08803,342351_MG,33.66772
MAG08804,342351_MG,41.199482
MAG08805,342351_MG,32.891323
MAG08806,342351_MG,109.25362
MAG08807,342351_MG,40.830936
MAG08808,342355_MG,457.76437
MAG08809,342355_MG,233.49803
MAG08810,342355_MG,520.38916
MAG08811,342355_MG,38.967464
MAG08812,342355_MG,79.557884
MAG08813,342355_MG,14.314734
MAG08814,342355_MG,616.08954
MAG08815,342355_MG,221.76405
MAG08816,342355_MG,20.317593
MAG08817,342355_MG,15.15301
MAG08818,342355_MG,11.293641
MAG08819,342355_MG,20.212626
MAG08820,342355_MG,89.44888
MAG08821,342359_MG,573.0029
MAG08822,342359_MG,207.71663
MAG08823,342363_MG,188.76251
MAG08824,342367_MG,11.790316
MAG08825,342367_MG,6.773048
MAG08826,342367_MG,21.99414
MAG08827,342368_MG,125.915215
MAG08828,342368_MG,16.570004
MAG08829,342368_MG,36.482727
MAG08830,342368_MG,47.752647
MAG08831,342368_MG,27.595528
MAG08832,342368_MG,29.173952
MAG08833,342368_MG,103.76154
MAG08834,342368_MG,135.13962
MAG08835,342368_MG,14.428515
MAG08836,342368_MG,86.402176
MAG08837,342368_MG,20.750465
MAG08838,342368_MG,74.62727
MAG08839,342368_MG,9.5523205
MAG08840,342377_MG,25.07148
MAG08841,342377_MG,34.646057
MAG08842,342377_MG,23.13445
MAG08843,342377_MG,35.08345
MAG08844,342377_MG,35.168346
MAG08845,342377_MG,15.119414
MAG08846,342377_MG,15.868047
MAG08847,342377_MG,13.33203
MAG08848,342377_MG,154.23495
MAG08849,342377_MG,17.325466
MAG08850,342377_MG,12.3554535
MAG08851,342377_MG,48.14823
MAG08852,342377_MG,61.98936
MAG08853,342377_MG,17.867134
MAG08854,342377_MG,11.557529
MAG08855,342377_MG,160.38391
MAG08856,342377_MG,15.687395
MAG08857,342377_MG,23.941706
MAG08858,342377_MG,50.55776
MAG08859,342377_MG,33.668446
MAG08860,342377_MG,28.996418
MAG08861,342377_MG,12.475421
MAG08862,342377_MG,117.71075
MAG08863,342377_MG,22.134987
MAG08864,342377_MG,66.20535
MAG08865,342381_MG,21.830154
MAG08866,342381_MG,1165.6835
MAG08867,342386_MG,99.20004
MAG08868,342386_MG,14.031105
MAG08869,342386_MG,15.194045
MAG08870,342386_MG,9.110232
MAG08871,342386_MG,73.22683
MAG08872,342386_MG,6.940855
MAG08873,342386_MG,95.00082
MAG08874,342386_MG,20.129778
MAG08875,342386_MG,6.7546425
MAG08876,342387_MG,263.7851
MAG08877,342391_MG,191.85948
MAG08878,342391_MG,37.09489
MAG08879,342391_MG,10.463689
MAG08880,342391_MG,35.404297
MAG08881,342391_MG,34.288082
MAG08882,342391_MG,16.11412
MAG08883,342391_MG,9.449296
MAG08884,342391_MG,24.957932
MAG08885,342391_MG,19.162128
MAG08886,342391_MG,30.705908
MAG08887,342391_MG,8.991744
MAG08888,342391_MG,25.172537
MAG08889,342391_MG,21.128479
MAG08890,342395_MG,25.149136
MAG08891,342395_MG,126.11817
MAG08892,342395_MG,36.162697
MAG08893,342395_MG,15.282784
MAG08894,342395_MG,12.852213
MAG08895,342395_MG,40.106148
MAG08896,342395_MG,33.55126
MAG08897,342395_MG,96.834984
MAG08898,342395_MG,26.532537
MAG08899,342395_MG,31.414932
MAG08900,342395_MG,277.0401
MAG08901,342395_MG,41.567204
MAG08902,342395_MG,10.8488865
MAG08903,342395_MG,13.276668
MAG08904,342395_MG,4604.0073
MAG08905,342396_MG,26.85873
MAG08906,342396_MG,65.91139
MAG08907,342396_MG,16.170753
MAG08908,342396_MG,76.204124
MAG08909,342396_MG,31.239729
MAG08910,342396_MG,147.79924
MAG08911,342396_MG,19.145447
MAG08912,342396_MG,22.044363
MAG08913,342396_MG,17.946259
MAG08914,342396_MG,15.407433
MAG08915,342396_MG,28.513756
MAG08916,342404_MG,65.53295
MAG08917,342404_MG,27.63657
MAG08918,342404_MG,31.668839
MAG08919,342404_MG,54.72917
MAG08920,342404_MG,43.879837
MAG08921,342404_MG,45.55022
MAG08922,342404_MG,23.376825
MAG08923,342404_MG,345.83466
MAG08924,342404_MG,180.48114
MAG08925,342404_MG,1130.363
MAG08926,342404_MG,158.62402
MAG08927,342408_MG,33.262012
MAG08928,342408_MG,271.01224
MAG08929,342408_MG,493.12418
MAG08930,342408_MG,20.343956
MAG08931,342414_MG,11.900978
MAG08932,342414_MG,255.49219
MAG08933,342416_MG,83.683174
MAG08934,342416_MG,587.37573
MAG08935,342416_MG,615.8695
MAG08936,342416_MG,19.234919
MAG08937,342416_MG,10.909979
MAG08938,342416_MG,58.544342
MAG08939,342416_MG,36.858944
MAG08940,342416_MG,16.161203
MAG08941,342416_MG,28.483877
MAG08942,342416_MG,135.01663
MAG08943,342416_MG,9.17299
MAG08944,342416_MG,120.33736
MAG08945,342416_MG,111.02069
MAG08946,342416_MG,66.56451
MAG08947,342416_MG,10.851067
MAG08948,342419_MG,26.947914
MAG08949,342420_MG,77.58122
MAG08950,342420_MG,372.82297
MAG08951,342420_MG,101.99919
MAG08952,342424_MG,652.4344
MAG08953,342424_MG,37.21953
MAG08954,342427_MG,466.3072
MAG08955,342429_MG,1193.4357
MAG08956,342429_MG,11.809279
MAG08957,342429_MG,107.66639
MAG08958,342429_MG,163.88655
MAG08959,342429_MG,19.343157
MAG08960,342429_MG,15.289406
MAG08961,342429_MG,12.229156
MAG08962,342429_MG,35.538208
MAG08963,342429_MG,24.199663
MAG08964,342429_MG,25.36801
MAG08965,342429_MG,7.737986
MAG08966,342429_MG,47.936993
MAG08967,342433_MG,26.396618
MAG08968,342433_MG,1632.5828
MAG08969,342434_MG,12.671074
MAG08970,342434_MG,8.498322
MAG08971,342434_MG,64.517235
MAG08972,342434_MG,32.066727
MAG08973,342434_MG,9.468487
MAG08974,342434_MG,7.573759
MAG08975,342434_MG,21.889515
MAG08976,342438_MG,36.36027
MAG08977,342438_MG,171.4617
MAG08978,342438_MG,520.5188
MAG08979,342438_MG,15.359467
MAG08980,342438_MG,50.806923
MAG08981,342438_MG,11.500152
MAG08982,342438_MG,11.099876
MAG08983,342438_MG,10.791159
MAG08984,342438_MG,8.757988
MAG08985,342438_MG,7.7502904
MAG08986,342438_MG,8.453279
MAG08987,342438_MG,10.345251
MAG08988,342438_MG,10.414734
MAG08989,342449_MG,2841.6829
MAG08990,342450_MG,62.09646
MAG08991,342450_MG,81.42157
MAG08992,342450_MG,84.545204
MAG08993,342461_MG,15.329603
MAG08994,342461_MG,9.596936
MAG08995,342461_MG,25.032545
MAG08996,342461_MG,24.469631
MAG08997,342461_MG,33.51215
MAG08998,342461_MG,130.2422
MAG08999,342461_MG,15.170804
MAG09000,342461_MG,24.754976
MAG09001,342461_MG,9.940431
MAG09002,342461_MG,17.332659
MAG09003,342461_MG,8.635056
MAG09004,342461_MG,13.028705
MAG09005,342461_MG,6.6804547
MAG09006,342461_MG,32.904797
MAG09007,342464_MG,481.689
MAG09008,342464_MG,11.903595
MAG09009,342466_MG,14.406134
MAG09010,342466_MG,157.01277
MAG09011,342466_MG,41.91645
MAG09012,342466_MG,25.727167
MAG09013,342466_MG,657.27203
MAG09014,342466_MG,12.455461
MAG09015,342466_MG,28.360464
MAG09016,342466_MG,30.43188
MAG09017,342466_MG,26.015068
MAG09018,342466_MG,123.84285
MAG09019,342466_MG,305.6092
MAG09020,342469_MG,59.86827
MAG09021,342469_MG,6.391016
MAG09022,342469_MG,6.0580907
MAG09023,342474_MG,104.68714
MAG09024,342474_MG,212.61261
MAG09025,342474_MG,584.14453
MAG09026,342474_MG,539.1549
MAG09027,342474_MG,115.09619
MAG09028,342476_MG,81.97413
MAG09029,342476_MG,20.105547
MAG09030,342480_MG,15.98837
MAG09031,342480_MG,92.949036
MAG09032,342480_MG,23.968729
MAG09033,342480_MG,14.81151
MAG09034,342480_MG,52.793816
MAG09035,342480_MG,11.573199
MAG09036,342480_MG,17.365433
MAG09037,342480_MG,21.342552
MAG09038,342482_MG,31.150017
MAG09039,342482_MG,38.943405
MAG09040,342482_MG,261.3927
MAG09041,342482_MG,16.088335
MAG09042,342482_MG,1446.4901
MAG09043,342482_MG,57.22952
MAG09044,342484_MG,602.1863
MAG09045,342484_MG,9.255438
MAG09046,342484_MG,133.11205
MAG09047,342484_MG,63.88315
MAG09048,342484_MG,28.29386
MAG09049,342484_MG,111.66892
MAG09050,342484_MG,32.66018
MAG09051,342484_MG,15.159804
MAG09052,342484_MG,51.279896
MAG09053,342484_MG,63.920845
MAG09054,342484_MG,11.641612
MAG09055,342484_MG,9.06502
MAG09056,342484_MG,105.101944
MAG09057,342484_MG,38.610367
MAG09058,342484_MG,215.92534
MAG09059,342484_MG,23.956528
MAG09060,342484_MG,131.11945
MAG09061,342484_MG,216.34166
MAG09062,342484_MG,331.66675
MAG09063,342487_MG,52.136566
MAG09064,342487_MG,26.797377
MAG09065,342489_MG,99.65733
MAG09066,342489_MG,168.33104
MAG09067,342489_MG,535.46045
MAG09068,342489_MG,41.657974
MAG09069,342489_MG,21.183256
MAG09070,342489_MG,379.9174
MAG09071,342489_MG,309.29852
MAG09072,342489_MG,587.0907
MAG09073,342489_MG,435.96564
MAG09074,342489_MG,20.37207
MAG09075,342489_MG,38.974766
MAG09076,342489_MG,57.903595
MAG09077,342489_MG,93.58412
MAG09078,342489_MG,11.989088
MAG09079,342489_MG,97.17572
MAG09080,342489_MG,12.694263
MAG09081,342489_MG,43.400814
MAG09082,342489_MG,32.22431
MAG09083,342489_MG,452.01062
MAG09084,342491_MG,2313.5986
MAG09085,342491_MG,12.733828
MAG09086,342491_MG,6.5793443
MAG09087,342491_MG,61.671116
MAG09088,342491_MG,6.8352723
MAG09089,342491_MG,32.50715
MAG09090,342491_MG,11.697603
MAG09091,342491_MG,51.791054
MAG09092,342491_MG,54.018394
MAG09093,342491_MG,7.444145
MAG09094,342491_MG,7.736976
MAG09095,342491_MG,51.542103
MAG09096,342491_MG,21.072887
MAG09097,342491_MG,36.812515
MAG09098,342495_MG,10.95888
MAG09099,342495_MG,18.21061
MAG09100,342495_MG,27.757702
MAG09101,342495_MG,13.526133
MAG09102,342495_MG,16.337858
MAG09103,342495_MG,230.08511
MAG09104,342495_MG,11.961817
MAG09105,342495_MG,161.5074
MAG09106,342495_MG,151.68849
MAG09107,342495_MG,52.150597
MAG09108,342495_MG,44.68174
MAG09109,342495_MG,71.79661
MAG09110,342495_MG,399.29285
MAG09111,342495_MG,125.054474
MAG09112,342495_MG,17.835852
MAG09113,342495_MG,39.555527
MAG09114,342495_MG,113.92015
MAG09115,342495_MG,7.6370606
MAG09116,342495_MG,295.78683
MAG09117,342495_MG,27.66842
MAG09118,342495_MG,2381.0237
MAG09119,342495_MG,135.36272
MAG09120,342495_MG,134.87865
MAG09121,342496_MG,39.20202
MAG09122,342496_MG,20.980133
MAG09123,342496_MG,245.87686
MAG09124,342496_MG,175.28587
MAG09125,342496_MG,337.7736
MAG09126,342496_MG,19.948011
MAG09127,342496_MG,62.672966
MAG09128,342496_MG,105.46352
MAG09129,342496_MG,25.9249
MAG09130,342496_MG,314.00012
MAG09131,342496_MG,59.153336
MAG09132,342496_MG,58.760254
MAG09133,342496_MG,152.42834
MAG09134,342496_MG,80.290115
MAG09135,342496_MG,34.739563
MAG09136,342498_MG,293.97745
MAG09137,342498_MG,56.82294
MAG09138,342498_MG,306.59827
MAG09139,342498_MG,12.2234125
MAG09140,342498_MG,7.5886145
MAG09141,342498_MG,74.61922
MAG09142,342498_MG,87.80973
MAG09143,342498_MG,530.0692
MAG09144,342498_MG,30.462818
MAG09145,342498_MG,66.67627
MAG09146,342498_MG,13.706859
MAG09147,342498_MG,29.674131
MAG09148,342498_MG,93.340935
MAG09149,342498_MG,50.229214
MAG09150,342501_MG,20.37143
MAG09151,342501_MG,104.701
MAG09152,342501_MG,367.31042
MAG09153,342501_MG,56.539474
MAG09154,342501_MG,50.043198
MAG09155,342501_MG,444.0341
MAG09156,342501_MG,105.35194
MAG09157,342501_MG,79.281815
MAG09158,342501_MG,384.80713
MAG09159,342501_MG,21.22852
MAG09160,342501_MG,94.13936
MAG09161,342501_MG,105.70957
MAG09162,342502_MG,35.05405
MAG09163,342502_MG,263.2545
MAG09164,342502_MG,856.14923
MAG09165,342504_MG,46.258488
MAG09166,342504_MG,24.747456
MAG09167,342506_MG,7.7982445
MAG09168,342506_MG,70.440445
MAG09169,342506_MG,64.19662
MAG09170,342506_MG,7.306522
MAG09171,342509_MG,26.118366
MAG09172,342509_MG,142.75058
MAG09173,342509_MG,14.242396
MAG09174,342509_MG,50.205135
MAG09175,342509_MG,28.209463
MAG09176,342509_MG,50.1452
MAG09177,342511_MG,1967.6051
MAG09178,342514_MG,572.3757
MAG09179,342514_MG,98.3992
MAG09180,342520_MG,489.07968
MAG09181,342521_MG,33.26462
MAG09182,342521_MG,23.363602
MAG09183,342521_MG,13.77698
MAG09184,342521_MG,15.687638
MAG09185,342521_MG,77.588524
MAG09186,342521_MG,23.847557
MAG09187,342521_MG,32.953606
MAG09188,342521_MG,55.645367
MAG09189,342521_MG,66.20735
MAG09190,342521_MG,31.811783
MAG09191,342521_MG,28.512493
MAG09192,342521_MG,363.9862
MAG09193,342521_MG,39.854507
MAG09194,342521_MG,397.9032
MAG09195,342521_MG,16.519424
MAG09196,342522_MG,11.435753
MAG09197,342522_MG,1142.824
MAG09198,342526_MG,68.89021
MAG09199,342526_MG,117.51877
MAG09200,342526_MG,108.08877
MAG09201,342526_MG,34.494236
MAG09202,342526_MG,104.652245
MAG09203,342526_MG,106.28587
MAG09204,342526_MG,40.118835
MAG09205,342526_MG,33.483486
MAG09206,342528_MG,131.41945
MAG09207,342528_MG,1164.538
MAG09208,342528_MG,197.24536
MAG09209,342528_MG,56.147026
MAG09210,342528_MG,66.5862
MAG09211,342528_MG,11.107268
MAG09212,342528_MG,95.69282
MAG09213,342528_MG,46.750217
MAG09214,342528_MG,49.870796
MAG09215,342528_MG,27.767874
MAG09216,342528_MG,64.59762
MAG09217,342528_MG,14.905056
MAG09218,342528_MG,48.25929
MAG09219,342528_MG,498.13153
MAG09220,342528_MG,80.492
MAG09221,342528_MG,11.255796
MAG09222,342528_MG,76.26216
MAG09223,342528_MG,74.88764
MAG09224,342528_MG,40.86839
MAG09225,342533_MG,95.20084
MAG09226,342533_MG,16.152422
MAG09227,342533_MG,106.38933
MAG09228,342533_MG,13.375245
MAG09229,342533_MG,161.23677
MAG09230,342533_MG,19.372576
MAG09231,342533_MG,35.473248
MAG09232,342533_MG,14.445073
MAG09233,342533_MG,55.093002
MAG09234,342533_MG,16.678053
MAG09235,342533_MG,23.28072
MAG09236,342533_MG,12.612727
MAG09237,342533_MG,32.94763
MAG09238,342533_MG,194.0325
MAG09239,342533_MG,9.436488
MAG09240,342533_MG,354.98007
MAG09241,342533_MG,170.97688
MAG09242,342533_MG,618.0126
MAG09243,342533_MG,11.430251
MAG09244,342533_MG,67.34218
MAG09245,342533_MG,88.79916
MAG09246,342533_MG,11.6322775
MAG09247,342533_MG,35.88265
MAG09248,342536_MG,9.983417
MAG09249,342536_MG,84.90088
MAG09250,342536_MG,86.945984
MAG09251,342536_MG,29.053493
MAG09252,342536_MG,139.3769
MAG09253,342536_MG,45.566338
MAG09254,342536_MG,7.110285
MAG09255,342536_MG,46.08274
MAG09256,342536_MG,14.89846
MAG09257,342536_MG,39.16343
MAG09258,342536_MG,13.211787
MAG09259,342536_MG,7.758133
MAG09260,342536_MG,17.193045
MAG09261,342538_MG,35.861183
MAG09262,342538_MG,8.600824
MAG09263,342538_MG,35.884487
MAG09264,342538_MG,164.96233
MAG09265,342538_MG,42.033695
MAG09266,342538_MG,197.70412
MAG09267,342538_MG,44.341595
MAG09268,342538_MG,9.577523
MAG09269,342538_MG,319.12335
MAG09270,342538_MG,22.362804
MAG09271,342538_MG,23.65375
MAG09272,342538_MG,8.738939
MAG09273,342538_MG,12.754129
MAG09274,342538_MG,51.31948
MAG09275,342538_MG,46.39234
MAG09276,342538_MG,26.026106
MAG09277,342538_MG,1838.6677
MAG09278,342538_MG,16.276445
MAG09279,342538_MG,201.77562
MAG09280,342538_MG,24.146084
MAG09281,342538_MG,21.346481
MAG09282,342538_MG,46.115715
MAG09283,342538_MG,15.309389
MAG09284,342546_MG,18.93206
MAG09285,342546_MG,20.54931
MAG09286,342546_MG,90.49693
MAG09287,342546_MG,127.070175
MAG09288,342546_MG,56.762814
MAG09289,342548_MG,20.164509
MAG09290,342548_MG,11.008437
MAG09291,342548_MG,531.13806
MAG09292,342548_MG,22.413773
MAG09293,342548_MG,19.425236
MAG09294,342548_MG,89.96477
MAG09295,342548_MG,12.361943
MAG09296,342548_MG,12.244195
MAG09297,342548_MG,118.35014
MAG09298,342548_MG,13.503022
MAG09299,342548_MG,35.06237
MAG09300,342551_MG,10.430548
MAG09301,342551_MG,100.39059
MAG09302,342551_MG,7.704084
MAG09303,342551_MG,26.540043
MAG09304,342551_MG,73.797195
MAG09305,342551_MG,7.8514075
MAG09306,342551_MG,10.30853
MAG09307,342551_MG,333.50552
MAG09308,342551_MG,20.757135
MAG09309,342552_MG,11.061214
MAG09310,342552_MG,138.89636
MAG09311,342556_MG,171.40186
MAG09312,342556_MG,36.389378
MAG09313,342560_MG,16.019154
MAG09314,342560_MG,48.75046
MAG09315,342560_MG,32.186005
MAG09316,342560_MG,16.655577
MAG09317,342560_MG,53.547108
MAG09318,342560_MG,334.76416
MAG09319,342560_MG,18.831553
MAG09320,342560_MG,33.30258
MAG09321,342560_MG,68.39931
MAG09322,342560_MG,14.6770315
MAG09323,342560_MG,41.889744
MAG09324,342560_MG,28.003428
MAG09325,342560_MG,17.556425
MAG09326,342560_MG,82.20525
MAG09327,342561_MG,135.55273
MAG09328,342561_MG,43.01136
MAG09329,342561_MG,17.912111
MAG09330,342561_MG,79.23425
MAG09331,342561_MG,42.41057
MAG09332,342561_MG,23.931864
MAG09333,342561_MG,124.78861
MAG09334,342561_MG,12.4398575
MAG09335,342561_MG,13.226429
MAG09336,342561_MG,17.694876
MAG09337,342561_MG,39.97735
MAG09338,342561_MG,20.798428
MAG09339,342561_MG,149.07834
MAG09340,342561_MG,53.65062
MAG09341,342561_MG,26.430851
MAG09342,342561_MG,55.37947
MAG09343,342561_MG,152.5639
MAG09344,342564_MG,42.30444
MAG09345,342564_MG,38.38635
MAG09346,342564_MG,156.96356
MAG09347,342566_MG,8.307559
MAG09348,342566_MG,5.2951427
MAG09349,342567_MG,12.882608
MAG09350,342567_MG,66.81976
MAG09351,342567_MG,42.259857
MAG09352,342567_MG,5.8789415
MAG09353,342571_MG,53.74105
MAG09354,342571_MG,8.594486
MAG09355,342571_MG,41.915318
MAG09356,342571_MG,175.06612
MAG09357,342571_MG,90.146095
MAG09358,342571_MG,119.27594
MAG09359,342571_MG,15.956441
MAG09360,342571_MG,31.13776
MAG09361,342571_MG,152.58975
MAG09362,342571_MG,24.004967
MAG09363,342571_MG,16.737537
MAG09364,342571_MG,22.126719
MAG09365,342571_MG,36.993176
MAG09366,342571_MG,17.008043
MAG09367,342574_MG,39.719254
MAG09368,342574_MG,46.949028
MAG09369,342574_MG,40.237507
MAG09370,342574_MG,12.167833
MAG09371,342578_MG,344.44296
MAG09372,342587_MG,13.252815
MAG09373,342587_MG,128.28381
MAG09374,342587_MG,12.910173
MAG09375,342587_MG,32.38533
MAG09376,342587_MG,120.227
MAG09377,342587_MG,25.952084
MAG09378,342587_MG,56.30011
MAG09379,342587_MG,12.670662
MAG09380,342587_MG,24.564854
MAG09381,342587_MG,102.226685
MAG09382,342587_MG,11.742936
MAG09383,342587_MG,126.90239
MAG09384,342587_MG,23.470608
MAG09385,342587_MG,10.770133
MAG09386,342587_MG,20.543974
MAG09387,342592_MG,18.896353
MAG09388,342592_MG,21.436544
MAG09389,342592_MG,31.222778
MAG09390,342592_MG,13.504949
MAG09391,342592_MG,39.64694
MAG09392,342592_MG,555.77045
MAG09393,342592_MG,10.303004
MAG09394,342592_MG,74.68451
MAG09395,342592_MG,20.587608
MAG09396,342592_MG,29.334703
MAG09397,342592_MG,12.102237
MAG09398,342592_MG,11.082696
MAG09399,342592_MG,43.733326
MAG09400,342592_MG,60.99548
MAG09401,342594_MG,7.2807217
MAG09402,342594_MG,13.390672
MAG09403,342594_MG,360.91837
MAG09404,342594_MG,26.521002
MAG09405,342594_MG,102.90098
MAG09406,342594_MG,812.8876
MAG09407,342594_MG,31.840034
MAG09408,342594_MG,41.24972
MAG09409,342594_MG,12.685072
MAG09410,342594_MG,32.199398
MAG09411,342594_MG,14.60646
MAG09412,342594_MG,28.72057
MAG09413,342594_MG,49.158726
MAG09414,342594_MG,40.98502
MAG09415,342600_MG,20.693796
MAG09416,342600_MG,26.128616
MAG09417,342600_MG,75.73633
MAG09418,342600_MG,136.5453
MAG09419,342600_MG,216.46849
MAG09420,342600_MG,1063.4629
MAG09421,342600_MG,17.48489
MAG09422,342600_MG,27.15506
MAG09423,342600_MG,42.972702
MAG09424,342600_MG,195.69556
MAG09425,342600_MG,11.939148
MAG09426,342600_MG,10.892686
MAG09427,342600_MG,279.53568
MAG09428,342600_MG,34.911987
MAG09429,342602_MG,1042.5142
MAG09430,342606_MG,906.134
MAG09431,342609_MG,12.764725
MAG09432,342609_MG,20.74089
MAG09433,342609_MG,9.797568
MAG09434,342609_MG,6.334298
MAG09435,342609_MG,33.906273
MAG09436,342609_MG,9.029668
MAG09437,342609_MG,10.768773
MAG09438,342609_MG,9.592135
MAG09439,342609_MG,162.07764
MAG09440,342609_MG,7.4844203
MAG09441,342609_MG,30.755177
MAG09442,342609_MG,36.43807
MAG09443,342609_MG,30.659693
MAG09444,342609_MG,54.559345
MAG09445,342609_MG,17.996983
MAG09446,342609_MG,30.80776
MAG09447,342609_MG,58.014317
MAG09448,342610_MG,42.63153
MAG09449,342610_MG,1215.5742
MAG09450,342610_MG,120.633125
MAG09451,342610_MG,68.7852
MAG09452,342610_MG,8.557552
MAG09453,342610_MG,55.119553
MAG09454,342610_MG,120.11445
MAG09455,342610_MG,36.86384
MAG09456,342610_MG,39.40748
MAG09457,342610_MG,63.902184
MAG09458,342610_MG,87.98575
MAG09459,342610_MG,133.88805
MAG09460,342610_MG,615.7499
MAG09461,342610_MG,7.219953
MAG09462,342610_MG,8.799605
MAG09463,342610_MG,5.774566
MAG09464,342610_MG,8.385554
MAG09465,342610_MG,15.074979
MAG09466,342610_MG,10.591219
MAG09467,342610_MG,20.36313
MAG09468,342610_MG,147.81624
MAG09469,342610_MG,24.452663
MAG09470,342610_MG,7.2437077
MAG09471,342621_MG,17.026564
MAG09472,342621_MG,52.08604
MAG09473,342621_MG,90.41482
MAG09474,342621_MG,12.845948
MAG09475,342621_MG,151.84286
MAG09476,342621_MG,185.9915
MAG09477,342621_MG,74.6988
MAG09478,342621_MG,22.065125
MAG09479,342621_MG,56.619095
MAG09480,342621_MG,18.350155
MAG09481,342621_MG,20.742096
MAG09482,342621_MG,16.432997
MAG09483,342621_MG,27.135548
MAG09484,342621_MG,17.647247
MAG09485,342627_MG,75.08225
MAG09486,342627_MG,9.035968
MAG09487,342627_MG,40.095516
MAG09488,342627_MG,86.984116
MAG09489,342627_MG,15.432048
MAG09490,342627_MG,2131.2532
MAG09491,342627_MG,29.932665
MAG09492,342627_MG,16.779486
MAG09493,342627_MG,25.1504
MAG09494,342627_MG,38.76225
MAG09495,342627_MG,37.327183
MAG09496,342627_MG,21.855047
MAG09497,342627_MG,49.502003
MAG09498,342627_MG,15.801277
MAG09499,342627_MG,11.486514
MAG09500,342627_MG,55.282585
MAG09501,342627_MG,12.803665
MAG09502,342627_MG,36.948402
MAG09503,342630_MG,305.24176
MAG09504,342630_MG,94.14291
MAG09505,342630_MG,1223.913
MAG09506,342632_MG,758.5333
MAG09507,342636_MG,59.35102
MAG09508,342636_MG,14.662845
MAG09509,342636_MG,11.003757
MAG09510,342636_MG,230.48323
MAG09511,342636_MG,148.77324
MAG09512,342636_MG,10.071288
MAG09513,342636_MG,22.668583
MAG09514,342636_MG,32.420006
MAG09515,342637_MG,17.052244
MAG09516,342637_MG,139.63321
MAG09517,342639_MG,131.73436
MAG09518,342639_MG,25.429253
MAG09519,342639_MG,5.9788837
MAG09520,342642_MG,28.740763
MAG09521,342642_MG,55.5888
MAG09522,342642_MG,9.625557
MAG09523,342642_MG,24.830154
MAG09524,342642_MG,229.71733
MAG09525,342642_MG,35.482735
MAG09526,342646_MG,47.930485
MAG09527,342646_MG,20.449995
MAG09528,342646_MG,63.18936
MAG09529,342646_MG,282.80496
MAG09530,342646_MG,20.758638
MAG09531,342646_MG,72.455185
MAG09532,342646_MG,17.070654
MAG09533,342646_MG,57.17914
MAG09534,342646_MG,13.222108
MAG09535,342646_MG,47.50802
MAG09536,342646_MG,6.6095757
MAG09537,342646_MG,57.078087
MAG09538,342647_MG,75.616684
MAG09539,342647_MG,11.200774
MAG09540,342647_MG,274.68698
MAG09541,342647_MG,251.34673
MAG09542,342647_MG,23.356798
MAG09543,342647_MG,11.334772
MAG09544,342647_MG,10.238956
MAG09545,342647_MG,1699.021
MAG09546,342647_MG,26.79914
MAG09547,342647_MG,773.6777
MAG09548,342649_MG,482.17725
MAG09549,342649_MG,9.856841
MAG09550,342649_MG,13.63277
MAG09551,342649_MG,10.829252
MAG09552,342649_MG,134.42087
MAG09553,342649_MG,163.7508
MAG09554,342649_MG,7.79042
MAG09555,342649_MG,7.79461
MAG09556,342649_MG,11.594713
MAG09557,342649_MG,12.524846
MAG09558,342649_MG,13.7619095
MAG09559,342649_MG,52.641335
MAG09560,342649_MG,32.934505
MAG09561,342649_MG,13.633499
MAG09562,342649_MG,74.601006
MAG09563,342649_MG,104.09711
MAG09564,342652_MG,9.436692
MAG09565,342652_MG,9.237739
MAG09566,342652_MG,21.354877
MAG09567,342652_MG,390.83118
MAG09568,342652_MG,32.576504
MAG09569,342652_MG,16.668095
MAG09570,342652_MG,88.43848
MAG09571,342652_MG,6.8037515
MAG09572,342652_MG,25.956205
MAG09573,342652_MG,19.283976
MAG09574,342655_MG,41.94736
MAG09575,342655_MG,26.214645
MAG09576,342655_MG,277.80908
MAG09577,342655_MG,66.812614
MAG09578,342655_MG,14.428229
MAG09579,342655_MG,7.8861375
MAG09580,342655_MG,21.450327
MAG09581,342655_MG,27.34146
MAG09582,342655_MG,7.766272
MAG09583,342655_MG,12.3898325
MAG09584,342655_MG,33.16558
MAG09585,342655_MG,12.597675
MAG09586,342655_MG,5.584835
MAG09587,342655_MG,5.5097995
MAG09588,342655_MG,5.7219806
MAG09589,342655_MG,19.759178
MAG09590,342655_MG,83.03268
MAG09591,342655_MG,39.412582
MAG09592,342655_MG,26.729797
MAG09593,342655_MG,8.798978
MAG09594,342655_MG,7.670839
MAG09595,342655_MG,27.002005
MAG09596,342657_MG,187.40384
MAG09597,342660_MG,14.843028
MAG09598,342660_MG,12.752512
MAG09599,342660_MG,67.97741
MAG09600,342660_MG,30.781532
MAG09601,342660_MG,10.23849
MAG09602,342660_MG,267.99252
MAG09603,342660_MG,26.340406
MAG09604,342662_MG,2426.231
MAG09605,342663_MG,66.18326
MAG09606,342663_MG,84.55117
MAG09607,342666_MG,25.183924
MAG09608,342666_MG,10.339692
MAG09609,342666_MG,199.14436
MAG09610,342666_MG,9.18932
MAG09611,342666_MG,11.61221
MAG09612,342666_MG,53.06249
MAG09613,342666_MG,9.290479
MAG09614,342666_MG,168.39767
MAG09615,342666_MG,33.369457
MAG09616,342666_MG,19.136436
MAG09617,342666_MG,18.167858
MAG09618,342666_MG,19.155933
MAG09619,342666_MG,2893.043
MAG09620,342666_MG,39.950806
MAG09621,342666_MG,94.62813
MAG09622,342666_MG,75.18902
MAG09623,342668_MG,16.368835
MAG09624,342668_MG,264.4929
MAG09625,342668_MG,112.74397
MAG09626,342668_MG,42.53637
MAG09627,342668_MG,38.062843
MAG09628,342668_MG,38.038967
MAG09629,342668_MG,12.089728
MAG09630,342668_MG,115.133736
MAG09631,342668_MG,10.685666
MAG09632,342668_MG,249.53021
MAG09633,342668_MG,357.74802
MAG09634,342668_MG,78.65218
MAG09635,342668_MG,209.55722
MAG09636,342668_MG,9.6308775
MAG09637,342668_MG,8.577229
MAG09638,342668_MG,13.573352
MAG09639,342668_MG,12.860735
MAG09640,342668_MG,129.21504
MAG09641,342668_MG,593.1431
MAG09642,342668_MG,467.92377
MAG09643,342668_MG,106.48015
MAG09644,342668_MG,362.44916
MAG09645,342668_MG,379.68463
MAG09646,342668_MG,107.1924
MAG09647,342668_MG,20.39762
MAG09648,342668_MG,15.318028
MAG09649,342668_MG,9.702609
MAG09650,342671_MG,14.624089
MAG09651,342671_MG,58.259594
MAG09652,342671_MG,135.27321
MAG09653,342671_MG,8.082702
MAG09654,342671_MG,173.08717
MAG09655,342671_MG,193.44067
MAG09656,342674_MG,7.7806296
MAG09657,342674_MG,8.145866
MAG09658,342674_MG,28.447948
MAG09659,342674_MG,62.367073
MAG09660,342674_MG,144.06404
MAG09661,342674_MG,14.322665
MAG09662,342674_MG,10.887152
MAG09663,342674_MG,21.425425
MAG09664,342674_MG,7.972382
MAG09665,342674_MG,15.4320135
MAG09666,342674_MG,16.24529
MAG09667,342674_MG,56.51155
MAG09668,342674_MG,34.04892
MAG09669,342674_MG,154.94449
MAG09670,342674_MG,44.499794
MAG09671,342674_MG,37.769047
MAG09672,342674_MG,19.722334
MAG09673,342674_MG,50.280125
MAG09674,342674_MG,11.152411
MAG09675,342674_MG,40.314808
MAG09676,342674_MG,10.09393
MAG09677,342681_MG,22.064034
MAG09678,342681_MG,246.37563
MAG09679,342681_MG,1734.3551
MAG09680,342682_MG,29.180048
MAG09681,342682_MG,171.73701
MAG09682,342682_MG,11.554045
MAG09683,342689_MG,35.567444
MAG09684,342689_MG,450.70328
MAG09685,342689_MG,29.49017
MAG09686,342689_MG,12.080946
MAG09687,342689_MG,45.002144
MAG09688,342693_MG,230.7868
MAG09689,342693_MG,412.2017
MAG09690,342693_MG,76.38921
MAG09691,342693_MG,16.595444
MAG09692,342693_MG,18.69451
MAG09693,342693_MG,17.051514
MAG09694,342693_MG,473.64258
MAG09695,342693_MG,82.284004
MAG09696,342693_MG,26.332937
MAG09697,342693_MG,167.25534
MAG09698,342694_MG,103.7924
MAG09699,342697_MG,19.332918
MAG09700,342697_MG,21.974163
MAG09701,342697_MG,348.80063
MAG09702,342697_MG,134.9001
MAG09703,342697_MG,144.32413
MAG09704,342697_MG,39.281425
MAG09705,342697_MG,2585.227
MAG09706,342697_MG,10.679311
MAG09707,342697_MG,172.27556
MAG09708,342697_MG,25.770924
MAG09709,342697_MG,120.64268
MAG09710,342697_MG,25.007679
MAG09711,342699_MG,122.59761
MAG09712,342699_MG,58.26023
MAG09713,342699_MG,101.51769
MAG09714,342699_MG,291.99243
MAG09715,342699_MG,26.662638
MAG09716,342703_MG,130.77286
MAG09717,342703_MG,726.43384
MAG09718,342704_MG,337.4361
MAG09719,342704_MG,76.65348
MAG09720,342707_MG,204.17532
MAG09721,342707_MG,390.6639
MAG09722,342709_MG,11.302226
MAG09723,342709_MG,30.543406
MAG09724,342709_MG,9.657514
MAG09725,342709_MG,7.601691
MAG09726,342709_MG,40.264584
MAG09727,342709_MG,30.297768
MAG09728,342711_MG,219.6701
MAG09729,342711_MG,58.511944
MAG09730,342714_MG,32.331547
MAG09731,342714_MG,137.32195
MAG09732,342717_MG,31.419205
MAG09733,342717_MG,15.793104
MAG09734,342717_MG,11.556004
MAG09735,342717_MG,164.0087
MAG09736,342717_MG,6.4102826
MAG09737,342717_MG,37.000607
MAG09738,342717_MG,26.84934
MAG09739,342717_MG,65.50404
MAG09740,342717_MG,186.01152
MAG09741,342717_MG,53.48146
MAG09742,342717_MG,2040.0052
MAG09743,342717_MG,7.9886436
MAG09744,342717_MG,59.42598
MAG09745,342717_MG,13.843133
MAG09746,342717_MG,42.251244
MAG09747,342717_MG,35.244423
MAG09748,342717_MG,192.73811
MAG09749,342718_MG,12.487076
MAG09750,342718_MG,15.486014
MAG09751,342718_MG,105.196266
MAG09752,342718_MG,13.335465
MAG09753,342718_MG,39.64789
MAG09754,342718_MG,9.403359
MAG09755,342718_MG,10.044515
MAG09756,342718_MG,45.198154
MAG09757,342718_MG,18.415438
MAG09758,342718_MG,54.212456
MAG09759,342718_MG,64.47435
MAG09760,342718_MG,14.955118
MAG09761,342718_MG,1155.2787
MAG09762,342718_MG,13.110272
MAG09763,342718_MG,89.034615
MAG09764,342718_MG,35.67945
MAG09765,342718_MG,11.367939
MAG09766,342718_MG,36.833427
MAG09767,342718_MG,20.577002
MAG09768,342722_MG,17.628408
MAG09769,342722_MG,12.234735
MAG09770,342722_MG,11.210084
MAG09771,342722_MG,8.384398
MAG09772,342722_MG,66.466385
MAG09773,342722_MG,32.70656
MAG09774,342722_MG,247.57117
MAG09775,342722_MG,9.794628
MAG09776,342722_MG,28.722311
MAG09777,342722_MG,40.623417
MAG09778,342722_MG,623.5457
MAG09779,342722_MG,27.051407
MAG09780,342722_MG,116.40557
MAG09781,342722_MG,443.98392
MAG09782,342722_MG,13.684331
MAG09783,342722_MG,43.50112
MAG09784,342722_MG,5.849526
MAG09785,342722_MG,57.193768
MAG09786,342722_MG,155.4294
MAG09787,342722_MG,50.994858
MAG09788,342722_MG,16.003012
MAG09789,342722_MG,49.596462
MAG09790,342722_MG,126.16224
MAG09791,342722_MG,8.316818
MAG09792,342722_MG,29.947676
MAG09793,342722_MG,22.358627
MAG09794,342722_MG,97.30695
MAG09795,342724_MG,334.5476
MAG09796,342724_MG,132.02687
MAG09797,342727_MG,11.108017
MAG09798,342727_MG,423.8228
MAG09799,342727_MG,621.1503
MAG09800,342730_MG,9.477156
MAG09801,342730_MG,2053.4634
MAG09802,342730_MG,234.44525
MAG09803,342730_MG,457.0459
MAG09804,342730_MG,20.391327
MAG09805,342737_MG,14.282004
MAG09806,342737_MG,44.854576
MAG09807,342737_MG,6.7466145
MAG09808,342737_MG,10.441221
MAG09809,342737_MG,19.839306
MAG09810,342737_MG,59.29891
MAG09811,342737_MG,5.7727566
MAG09812,342737_MG,168.72171
MAG09813,342737_MG,498.57956
MAG09814,342737_MG,22.939732
MAG09815,342737_MG,17.2602
MAG09816,342737_MG,11.672099
MAG09817,342737_MG,38.572666
MAG09818,342737_MG,33.548622
MAG09819,342737_MG,9.819201
MAG09820,342737_MG,7.6122713
MAG09821,342737_MG,7.5222144
MAG09822,342737_MG,94.228325
MAG09823,342738_MG,1600.4736
MAG09824,342738_MG,233.83452
MAG09825,342742_MG,135.6037
MAG09826,342746_MG,91.89416
MAG09827,342746_MG,572.5277
MAG09828,342747_MG,315.3056
MAG09829,342747_MG,105.05089
MAG09830,342747_MG,157.69208
MAG09831,342747_MG,76.549225
MAG09832,342747_MG,20.597776
MAG09833,342747_MG,12.582439
MAG09834,342747_MG,3403.059
MAG09835,342747_MG,20.845947
MAG09836,342747_MG,224.50165
MAG09837,342747_MG,57.05023
MAG09838,342747_MG,11.473651
MAG09839,342747_MG,43.80098
MAG09840,342747_MG,20.204813
MAG09841,342747_MG,29.699047
MAG09842,342747_MG,65.206535
MAG09843,342747_MG,7.362965
MAG09844,342747_MG,176.16887
MAG09845,342747_MG,33.243217
MAG09846,342747_MG,189.98206
MAG09847,342747_MG,20.257484
MAG09848,342747_MG,20.778353
MAG09849,342751_MG,14.300682
MAG09850,342751_MG,29.257572
MAG09851,342751_MG,599.27264
MAG09852,342751_MG,158.86722
MAG09853,342751_MG,14.2758665
MAG09854,342751_MG,31.61665
MAG09855,342751_MG,265.1458
MAG09856,342751_MG,375.2882
MAG09857,342751_MG,329.74478
MAG09858,342751_MG,16.69341
MAG09859,342752_MG,18.078556
MAG09860,342752_MG,10.384341
MAG09861,342752_MG,6.3853087
MAG09862,342752_MG,8.389919
MAG09863,342752_MG,20.397545
MAG09864,342752_MG,11.411585
MAG09865,342752_MG,40.145535
MAG09866,342752_MG,8.64875
MAG09867,342752_MG,27.748367
MAG09868,342752_MG,23.953705
MAG09869,342756_MG,11.598583
MAG09870,342756_MG,55.453533
MAG09871,342756_MG,178.7701
MAG09872,342756_MG,20.037178
MAG09873,342756_MG,16.205221
MAG09874,342757_MG,69.577415
MAG09875,342757_MG,68.20312
MAG09876,342757_MG,15.97614
MAG09877,342757_MG,8.608326
MAG09878,342757_MG,84.284515
MAG09879,342757_MG,41.63805
MAG09880,342757_MG,9.668637
MAG09881,342757_MG,42.747284
MAG09882,342757_MG,23.006802
MAG09883,342757_MG,24.51748
MAG09884,342757_MG,11.184969
MAG09885,342757_MG,10.116875
MAG09886,342757_MG,9.543585
MAG09887,342757_MG,27.26934
MAG09888,342758_MG,124.106766
MAG09889,342762_MG,33.474403
MAG09890,342762_MG,13.9960575
MAG09891,342762_MG,41.90873
MAG09892,342762_MG,10.852518
MAG09893,342762_MG,14.598349
MAG09894,342762_MG,267.63522
MAG09895,342762_MG,136.79713
MAG09896,342762_MG,97.10191
MAG09897,342762_MG,41.48991
MAG09898,342762_MG,104.529816
MAG09899,342762_MG,516.1201
MAG09900,342762_MG,17.72315
MAG09901,342762_MG,15.793253
MAG09902,342762_MG,28.929739
MAG09903,342762_MG,17.995155
MAG09904,342762_MG,105.465126
MAG09905,342762_MG,21.956394
MAG09906,342762_MG,143.279
MAG09907,342762_MG,21.163717
MAG09908,342762_MG,396.21436
MAG09909,342762_MG,327.29556
MAG09910,342762_MG,12.965816
MAG09911,342762_MG,15.115811
MAG09912,342762_MG,225.58058
MAG09913,342762_MG,13.326066
MAG09914,342762_MG,82.2805
MAG09915,342762_MG,48.395813
MAG09916,342764_MG,9.258334
MAG09917,342764_MG,54.77671
MAG09918,342764_MG,28.409538
MAG09919,342764_MG,69.220146
MAG09920,342764_MG,714.4807
MAG09921,342764_MG,29.646088
MAG09922,342764_MG,53.728436
MAG09923,342764_MG,78.98181
MAG09924,342767_MG,8.342173
MAG09925,342767_MG,7.97162
MAG09926,342767_MG,56.75375
MAG09927,342767_MG,7.0846996
MAG09928,342767_MG,11.667618
MAG09929,342767_MG,18.641348
MAG09930,342767_MG,74.88905
MAG09931,342767_MG,14.825918
MAG09932,342767_MG,29.29756
MAG09933,342767_MG,88.13249
MAG09934,342767_MG,23.332468
MAG09935,342767_MG,21.4256
MAG09936,342767_MG,66.79714
MAG09937,342767_MG,57.755745
MAG09938,342767_MG,14.423425
MAG09939,342767_MG,16.715113
MAG09940,342767_MG,17.643562
MAG09941,342767_MG,394.782
MAG09942,342767_MG,729.04297
MAG09943,342767_MG,17.46273
MAG09944,342767_MG,110.34561
MAG09945,342767_MG,54.150772
MAG09946,342767_MG,994.6465
MAG09947,342767_MG,615.6664
MAG09948,342767_MG,97.60798
MAG09949,342767_MG,21.646194
MAG09950,342767_MG,254.83789
MAG09951,342767_MG,7.862861
MAG09952,342767_MG,114.25921
MAG09953,342769_MG,1164.9814
MAG09954,342769_MG,11.42426
MAG09955,342769_MG,16.582296
MAG09956,342769_MG,221.2537
MAG09957,342769_MG,347.26523
MAG09958,342769_MG,20.718966
MAG09959,342769_MG,8.923094
MAG09960,342769_MG,143.59277
MAG09961,342769_MG,12.783126
MAG09962,342769_MG,59.891098
MAG09963,342769_MG,10.731643
MAG09964,342769_MG,72.11243
MAG09965,342769_MG,27.051874
MAG09966,342772_MG,257.4538
MAG09967,342774_MG,27.318657
MAG09968,342774_MG,153.34369
MAG09969,342774_MG,63.842533
MAG09970,342774_MG,182.63408
MAG09971,342774_MG,9.219105
MAG09972,342777_MG,9.494155
MAG09973,342781_MG,47.563663
MAG09974,342781_MG,14.101616
MAG09975,342781_MG,1475.0688
MAG09976,342784_MG,1420.5332
MAG09977,342785_MG,11.181684
MAG09978,342785_MG,62.22897
MAG09979,342789_MG,19.872168
MAG09980,342789_MG,29.701935
MAG09981,342790_MG,10.295674
MAG09982,342790_MG,24.774668
MAG09983,342790_MG,11.026483
MAG09984,342790_MG,7.1859
MAG09985,342790_MG,12.414683
MAG09986,342790_MG,16.707943
MAG09987,342790_MG,10.851645
MAG09988,342790_MG,11.435776
MAG09989,342790_MG,77.377335
MAG09990,342790_MG,11.27364
MAG09991,342794_MG,1105.6968
MAG09992,342794_MG,26.211613
MAG09993,342794_MG,8.944944
MAG09994,342794_MG,60.681385
MAG09995,342794_MG,801.67255
MAG09996,342794_MG,77.38095
MAG09997,342794_MG,51.263416
MAG09998,342794_MG,72.73361
MAG09999,342794_MG,65.589874
MAG10000,342794_MG,14.665623
MAG10001,342794_MG,61.9346
MAG10002,342794_MG,42.688446
MAG10003,342794_MG,15.388287
MAG10004,342794_MG,23.600492
MAG10005,342794_MG,160.2036
MAG10006,342794_MG,11.970235
MAG10007,342794_MG,19.98293
MAG10008,342794_MG,71.3536
MAG10009,342800_MG,10.77027
MAG10010,342800_MG,47.150795
MAG10011,342800_MG,7.3574004
MAG10012,342800_MG,7.8597956
MAG10013,342800_MG,13.982005
MAG10014,342800_MG,30.891163
MAG10015,342800_MG,8.344447
MAG10016,342800_MG,15.388741
MAG10017,342800_MG,11.75913
MAG10018,342800_MG,8.479105
MAG10019,342800_MG,6.5731044
MAG10020,342800_MG,12.735004
MAG10021,342800_MG,143.99782
MAG10022,342800_MG,48.57062
MAG10023,342800_MG,32.435535
MAG10024,342800_MG,12.087019
MAG10025,342800_MG,13.364194
MAG10026,342800_MG,23.35134
MAG10027,342800_MG,48.685123
MAG10028,342800_MG,13.113614
MAG10029,342800_MG,61.01208
MAG10030,342800_MG,14.012267
MAG10031,342800_MG,6.3361793
MAG10032,342800_MG,29.705816
MAG10033,342800_MG,7.2652445
MAG10034,342800_MG,15.767451
MAG10035,342800_MG,13.863564
MAG10036,342802_MG,139.72969
MAG10037,342802_MG,561.19037
MAG10038,342802_MG,363.8098
MAG10039,342802_MG,78.41997
MAG10040,342807_MG,1030.3279
MAG10041,342807_MG,10.119136
MAG10042,342807_MG,31.374388
MAG10043,342810_MG,68.14452
MAG10044,342810_MG,34.793377
MAG10045,342810_MG,8.653307
MAG10046,342810_MG,37.04701
MAG10047,342810_MG,13.332171
MAG10048,342810_MG,18.255848
MAG10049,342810_MG,61.839584
MAG10050,342810_MG,8.545951
MAG10051,342810_MG,66.53335
MAG10052,342810_MG,10.800192
MAG10053,342810_MG,19.311016
MAG10054,342810_MG,12.205585
MAG10055,342810_MG,19.543821
MAG10056,342810_MG,15.502681
MAG10057,342810_MG,17.209234
MAG10058,342810_MG,73.48691
MAG10059,342810_MG,203.46666
MAG10060,342810_MG,6.05646
MAG10061,342810_MG,56.12401
MAG10062,342810_MG,683.58026
MAG10063,342810_MG,147.44588
MAG10064,342810_MG,56.921944
MAG10065,342810_MG,14.493315
MAG10066,342810_MG,15.824532
MAG10067,342810_MG,192.93454
MAG10068,342813_MG,12.901169
MAG10069,342813_MG,553.90173
MAG10070,342813_MG,12.046411
MAG10071,342815_MG,10.831365
MAG10072,342815_MG,90.430595
MAG10073,342815_MG,8.491087
MAG10074,342815_MG,19.639349
MAG10075,342815_MG,10.444138
MAG10076,342815_MG,11.344038
MAG10077,342815_MG,34.026142
MAG10078,342815_MG,170.8093
MAG10079,342815_MG,57.162655
MAG10080,342816_MG,376.4852
MAG10081,342820_MG,23.163605
MAG10082,342820_MG,63.941746
MAG10083,342820_MG,31.828112
MAG10084,342820_MG,11.751971
MAG10085,342820_MG,9.282025
MAG10086,342821_MG,26.818533
MAG10087,342821_MG,103.66531
MAG10088,342821_MG,49.11748
MAG10089,342821_MG,75.00175
MAG10090,342825_MG,23.425138
MAG10091,342825_MG,59.82261
MAG10092,342825_MG,85.30358
MAG10093,342825_MG,469.74567
MAG10094,342825_MG,6.173144
MAG10095,342825_MG,8.433655
MAG10096,342825_MG,8.695623
MAG10097,342825_MG,7.234834
MAG10098,342825_MG,11.57308
MAG10099,342825_MG,23.338451
MAG10100,342825_MG,8.606596
MAG10101,342825_MG,17.425602
MAG10102,342825_MG,225.82925
MAG10103,342826_MG,22.0184
MAG10104,342826_MG,14.242978
MAG10105,342826_MG,35.314556
MAG10106,342826_MG,30.98669
MAG10107,342826_MG,34.730034
MAG10108,342826_MG,19.073734
MAG10109,342826_MG,14.2226305
MAG10110,342826_MG,4355.4365
MAG10111,342826_MG,225.63159
MAG10112,342826_MG,6.6939864
MAG10113,342826_MG,58.73695
MAG10114,342830_MG,164.72276
MAG10115,342834_MG,122.81737
MAG10116,342834_MG,241.00162
MAG10117,342834_MG,9.000219
MAG10118,342834_MG,46.51135
MAG10119,342834_MG,19.833675
MAG10120,342834_MG,5.618203
MAG10121,342834_MG,109.22107
MAG10122,342834_MG,104.25425
MAG10123,342834_MG,38.92419
MAG10124,342834_MG,7.4263215
MAG10125,342834_MG,18.520655
MAG10126,342834_MG,44.907238
MAG10127,342835_MG,30.635937
MAG10128,342835_MG,46.503498
MAG10129,342835_MG,26.954758
MAG10130,342835_MG,23.301992
MAG10131,342839_MG,92.39864
MAG10132,342839_MG,3025.718
MAG10133,342839_MG,625.16425
MAG10134,342839_MG,219.797
MAG10135,342840_MG,9.560974
MAG10136,342840_MG,5.314789
MAG10137,342840_MG,87.10176
MAG10138,342840_MG,8.705323
MAG10139,342840_MG,35.706688
MAG10140,342840_MG,31.93001
MAG10141,342840_MG,7.6841664
MAG10142,342840_MG,37.492428
MAG10143,342840_MG,12.699602
MAG10144,342840_MG,20.536213
MAG10145,342843_MG,675.9489
MAG10146,342843_MG,33.601254
MAG10147,342843_MG,411.42734
MAG10148,342843_MG,219.86102
MAG10149,342843_MG,62.07074
MAG10150,342843_MG,11.147302
MAG10151,342843_MG,110.12109
MAG10152,342843_MG,11.158377
MAG10153,342843_MG,19.580912
MAG10154,342843_MG,17.463654
MAG10155,342843_MG,9.656072
MAG10156,342843_MG,345.34048
MAG10157,342843_MG,18.894642
MAG10158,342844_MG,50.751354
MAG10159,342844_MG,20.479607
MAG10160,342844_MG,8.408045
MAG10161,342844_MG,331.72766
MAG10162,342844_MG,68.58667
MAG10163,342844_MG,210.04376
MAG10164,342844_MG,134.87613
MAG10165,342844_MG,186.21135
MAG10166,342844_MG,23.727343
MAG10167,342844_MG,25.371462
MAG10168,342844_MG,14.31095
MAG10169,342844_MG,10.81051
MAG10170,342844_MG,12.118308
MAG10171,342844_MG,25.189314
MAG10172,342844_MG,18.246552
MAG10173,342844_MG,167.91255
MAG10174,342848_MG,38.617107
MAG10175,342848_MG,24.102472
MAG10176,342848_MG,68.19401
MAG10177,342848_MG,282.33505
MAG10178,342848_MG,72.44697
MAG10179,342848_MG,40.577957
MAG10180,342848_MG,26.044516
MAG10181,342848_MG,1752.8331
MAG10182,342848_MG,23.695217
MAG10183,342848_MG,120.381424
MAG10184,342850_MG,2062.1196
MAG10185,342850_MG,53.709896
MAG10186,342858_MG,15.991718
MAG10187,342858_MG,165.90569
MAG10188,342858_MG,22.646252
MAG10189,342860_MG,13.017256
MAG10190,342860_MG,7.824938
MAG10191,342860_MG,10.326746
MAG10192,342860_MG,177.59773
MAG10193,342860_MG,8.8732
MAG10194,342860_MG,18.205818
MAG10195,342860_MG,29.242336
MAG10196,342860_MG,38.366653
MAG10197,342860_MG,70.361176
MAG10198,342860_MG,9.550049
MAG10199,342863_MG,187.39888
MAG10200,342863_MG,109.64735
MAG10201,342863_MG,22.953682
MAG10202,342863_MG,23.020115
MAG10203,342863_MG,146.09212
MAG10204,342863_MG,156.55994
MAG10205,342863_MG,264.24826
MAG10206,342863_MG,199.79407
MAG10207,342863_MG,98.59738
MAG10208,342864_MG,103.5015
MAG10209,342864_MG,1068.5372
MAG10210,342864_MG,139.4698
MAG10211,342864_MG,55.80002
MAG10212,342868_MG,38.71747
MAG10213,342868_MG,10.564377
MAG10214,342868_MG,87.6142
MAG10215,342868_MG,11.196377
MAG10216,342868_MG,47.902817
MAG10217,342868_MG,63.3177
MAG10218,342868_MG,43.05429
MAG10219,342868_MG,121.17415
MAG10220,342868_MG,11.694724
MAG10221,342868_MG,139.74048
MAG10222,342868_MG,9.138427
MAG10223,342868_MG,18.40977
MAG10224,342868_MG,17.04855
MAG10225,342868_MG,31.73682
MAG10226,342868_MG,52.851543
MAG10227,342868_MG,8.866167
MAG10228,342868_MG,14.710635
MAG10229,342868_MG,32.5585
MAG10230,342868_MG,2119.97
MAG10231,342868_MG,206.99353
MAG10232,342868_MG,69.061386
MAG10233,342868_MG,39.507576
MAG10234,342868_MG,104.33423
MAG10235,342868_MG,75.14202
MAG10236,342868_MG,262.65234
MAG10237,342868_MG,66.82407
MAG10238,342872_MG,12.346833
MAG10239,342872_MG,59.30465
MAG10240,342872_MG,539.6858
MAG10241,342872_MG,11.916346
MAG10242,342872_MG,84.02054
MAG10243,342872_MG,28.224075
MAG10244,342872_MG,163.39706
MAG10245,342872_MG,23.820059
MAG10246,342872_MG,66.15509
MAG10247,342872_MG,79.74576
MAG10248,342872_MG,44.539516
MAG10249,342872_MG,68.05119
MAG10250,342872_MG,7.3303027
MAG10251,342872_MG,15.087055
MAG10252,342872_MG,202.6286
MAG10253,342872_MG,6.3553214
MAG10254,342872_MG,207.6668
MAG10255,342872_MG,20.990488
MAG10256,342872_MG,154.76201
MAG10257,342872_MG,108.84797
MAG10258,342872_MG,214.53741
MAG10259,342872_MG,44.79773
MAG10260,342872_MG,13.777227
MAG10261,342872_MG,11.630428
MAG10262,342872_MG,46.05108
MAG10263,342872_MG,42.53981
MAG10264,342873_MG,69.965614
MAG10265,342873_MG,20.191614
MAG10266,342873_MG,43.67756
MAG10267,342873_MG,218.14352
MAG10268,342873_MG,20.75957
MAG10269,342873_MG,28.366858
MAG10270,342873_MG,24.17592
MAG10271,342873_MG,16.348969
MAG10272,342873_MG,79.25712
MAG10273,342873_MG,11.767851
MAG10274,342873_MG,976.794
MAG10275,342873_MG,41.00582
MAG10276,342873_MG,66.71505
MAG10277,342873_MG,33.439857
MAG10278,342873_MG,22.82851
MAG10279,342873_MG,44.86641
MAG10280,342873_MG,78.38092
MAG10281,342875_MG,233.45578
MAG10282,342875_MG,21.600122
MAG10283,342875_MG,28.18259
MAG10284,342875_MG,16.28757
MAG10285,342875_MG,48.336067
MAG10286,342875_MG,14.706765
MAG10287,342875_MG,13.83793
MAG10288,342875_MG,47.867744
MAG10289,342875_MG,108.95552
MAG10290,342875_MG,15.138867
MAG10291,342875_MG,29.354553
MAG10292,342875_MG,25.260624
MAG10293,342880_MG,16.009438
MAG10294,342880_MG,14.313021
MAG10295,342880_MG,2047.7653
MAG10296,342881_MG,89.48981
MAG10297,342884_MG,24.483921
MAG10298,342884_MG,35.226837
MAG10299,342884_MG,256.437
MAG10300,342884_MG,727.40344
MAG10301,342884_MG,20.500162
MAG10302,342884_MG,175.89534
MAG10303,342884_MG,31.871098
MAG10304,342884_MG,120.993515
MAG10305,342884_MG,33.45188
MAG10306,342884_MG,33.580532
MAG10307,342884_MG,29.592405
MAG10308,342884_MG,58.867294
MAG10309,342884_MG,70.136246
MAG10310,342884_MG,58.248592
MAG10311,342886_MG,82.790344
MAG10312,342886_MG,2110.2368
MAG10313,342886_MG,35.306618
MAG10314,342886_MG,57.614597
MAG10315,342886_MG,37.785572
MAG10316,342886_MG,29.910864
MAG10317,342887_MG,683.1138
MAG10318,342891_MG,72.64285
MAG10319,342891_MG,101.475296
MAG10320,342895_MG,22.1186
MAG10321,342895_MG,20.235939
MAG10322,342895_MG,46.988525
MAG10323,342895_MG,30.966557
MAG10324,342895_MG,75.10057
MAG10325,342895_MG,31.466461
MAG10326,342895_MG,24.528675
MAG10327,342895_MG,166.9792
MAG10328,342896_MG,27.745062
MAG10329,342896_MG,22.726837
MAG10330,342896_MG,9.831931
MAG10331,342896_MG,49.11822
MAG10332,342896_MG,72.333206
MAG10333,342896_MG,109.84791
MAG10334,342896_MG,13.792085
MAG10335,342896_MG,127.79022
MAG10336,342896_MG,17.496702
MAG10337,342896_MG,190.21672
MAG10338,342896_MG,12.595278
MAG10339,342896_MG,9.585534
MAG10340,342896_MG,20.39586
MAG10341,342898_MG,134.63731
MAG10342,342898_MG,21.108734
MAG10343,342898_MG,569.1076
MAG10344,342898_MG,61.21883
MAG10345,342898_MG,9.620619
MAG10346,342898_MG,11.155867
MAG10347,342898_MG,39.53566
MAG10348,342898_MG,12.414899
MAG10349,342898_MG,27.780548
MAG10350,342898_MG,12.29146
MAG10351,342898_MG,65.01321
MAG10352,342898_MG,21.056423
MAG10353,342898_MG,14.109161
MAG10354,342898_MG,89.27541
MAG10355,342898_MG,74.8084
MAG10356,342898_MG,11.2562685
MAG10357,342898_MG,24.97185
MAG10358,342898_MG,18.39379
MAG10359,342898_MG,27.862854
MAG10360,342898_MG,21.008587
MAG10361,342901_MG,28.881624
MAG10362,342901_MG,22.436552
MAG10363,342901_MG,80.41427
MAG10364,342901_MG,24.16377
MAG10365,342901_MG,52.824112
MAG10366,342901_MG,461.35196
MAG10367,342901_MG,30.492998
MAG10368,342901_MG,36.70614
MAG10369,342901_MG,35.993332
MAG10370,342901_MG,24.7333
MAG10371,342901_MG,641.6622
MAG10372,342901_MG,41.480164
MAG10373,342901_MG,24.661892
MAG10374,342901_MG,153.43146
MAG10375,342901_MG,30.245201
MAG10376,342901_MG,48.175358
MAG10377,342902_MG,11.292763
MAG10378,342902_MG,32.552
MAG10379,342902_MG,16.128603
MAG10380,342902_MG,20.002352
MAG10381,342902_MG,1557.7683
MAG10382,342902_MG,204.73282
MAG10383,342902_MG,16.14671
MAG10384,342902_MG,21.546598
MAG10385,342906_MG,67.36278
MAG10386,342906_MG,69.03768
MAG10387,342909_MG,11.157155
MAG10388,342909_MG,240.14168
MAG10389,342909_MG,327.0848
MAG10390,342909_MG,14.218679
MAG10391,342909_MG,12.960478
MAG10392,342911_MG,9.814846
MAG10393,342911_MG,63.22669
MAG10394,342911_MG,46.570896
MAG10395,342911_MG,84.011475
MAG10396,342911_MG,9.822987
MAG10397,342911_MG,9.348981
MAG10398,342913_MG,47.58241
MAG10399,342913_MG,12.147247
MAG10400,342913_MG,48.595455
MAG10401,342913_MG,7.959751
MAG10402,342913_MG,10.035972
MAG10403,342913_MG,54.66349
MAG10404,342913_MG,11.856838
MAG10405,342913_MG,1531.7335
MAG10406,342916_MG,43.72601
MAG10407,342919_MG,47.425728
MAG10408,342919_MG,699.1316
MAG10409,342919_MG,1835.817
MAG10410,342919_MG,123.728874
MAG10411,342919_MG,389.5284
MAG10412,342920_MG,23.85776
MAG10413,342920_MG,21.45165
MAG10414,342920_MG,86.56375
MAG10415,342920_MG,45.173706
MAG10416,342920_MG,36.16683
MAG10417,342920_MG,12.308675
MAG10418,342920_MG,49.45591
MAG10419,342920_MG,25.634161
MAG10420,342920_MG,38.51452
MAG10421,342920_MG,161.7878
MAG10422,342920_MG,188.47266
MAG10423,342920_MG,11.856368
MAG10424,342920_MG,9.172505
MAG10425,342920_MG,31.466963
MAG10426,342920_MG,76.496155
MAG10427,342920_MG,25.164375
MAG10428,342920_MG,14.112695
MAG10429,342920_MG,365.14468
MAG10430,342920_MG,61.869442
MAG10431,342922_MG,30.538216
MAG10432,342922_MG,72.23116
MAG10433,342922_MG,72.07095
MAG10434,342922_MG,7.547426
MAG10435,342922_MG,26.701035
MAG10436,342922_MG,14.951717
MAG10437,342922_MG,208.25647
MAG10438,342922_MG,16.684256
MAG10439,342922_MG,103.1337
MAG10440,342922_MG,8.487491
MAG10441,342922_MG,18.360605
MAG10442,342922_MG,14.302709
MAG10443,342922_MG,90.98437
MAG10444,342922_MG,15.93053
MAG10445,342922_MG,24.51769
MAG10446,342922_MG,44.897877
MAG10447,342922_MG,69.48486
MAG10448,342925_MG,22.596891
MAG10449,342925_MG,94.68696
MAG10450,342925_MG,57.82401
MAG10451,342925_MG,26.541891
MAG10452,342925_MG,99.72269
MAG10453,342925_MG,855.4797
MAG10454,342925_MG,127.46303
MAG10455,342925_MG,15.661653
MAG10456,342925_MG,235.95831
MAG10457,342926_MG,376.66702
MAG10458,342930_MG,12.1969185
MAG10459,342930_MG,21.91424
MAG10460,342930_MG,32.531765
MAG10461,342931_MG,28.106863
MAG10462,342931_MG,68.7775
MAG10463,342931_MG,938.4561
MAG10464,342931_MG,18.02637
MAG10465,342933_MG,50.02898
MAG10466,342933_MG,32.089386
MAG10467,342933_MG,25.70444
MAG10468,342933_MG,58.5038
MAG10469,342933_MG,30.862276
MAG10470,342933_MG,97.02822
MAG10471,342933_MG,36.19027
MAG10472,342933_MG,26.064114
MAG10473,342934_MG,93.531624
MAG10474,342934_MG,1719.3989
MAG10475,342934_MG,329.73578
MAG10476,342934_MG,155.30438
MAG10477,342934_MG,79.99655
MAG10478,342938_MG,18.274904
MAG10479,342938_MG,16.065327
MAG10480,342938_MG,18.804451
MAG10481,342938_MG,14.24521
MAG10482,342938_MG,6.303732
MAG10483,342938_MG,27.336208
MAG10484,342938_MG,8.56112
MAG10485,342941_MG,8.6988945
MAG10486,342941_MG,10.165293
MAG10487,342941_MG,6.9478745
MAG10488,342941_MG,8.531832
MAG10489,342941_MG,104.46416
MAG10490,342941_MG,15.509281
MAG10491,342941_MG,16.752728
MAG10492,342941_MG,9.065729
MAG10493,342941_MG,13.56689
MAG10494,342941_MG,16.55205
MAG10495,342941_MG,7.854522
MAG10496,342941_MG,9.636932
MAG10497,342941_MG,67.77903
MAG10498,342941_MG,91.28808
MAG10499,342942_MG,46.975418
MAG10500,342942_MG,24.427446
MAG10501,342942_MG,11.856038
MAG10502,342942_MG,57.497448
MAG10503,342942_MG,111.618355
MAG10504,342942_MG,29.753109
MAG10505,342942_MG,45.188835
MAG10506,342942_MG,9.080105
MAG10507,342942_MG,11.223815
MAG10508,342942_MG,32.483086
MAG10509,342942_MG,11.1097
MAG10510,342942_MG,56.71697
MAG10511,342942_MG,28.167673
MAG10512,342942_MG,21.003094
MAG10513,342942_MG,64.43201
MAG10514,342942_MG,232.14935
MAG10515,342942_MG,8.493956
MAG10516,342942_MG,58.55288
MAG10517,342942_MG,27.426786
MAG10518,342942_MG,29.37295
MAG10519,342942_MG,10.139603
MAG10520,342942_MG,8.642634
MAG10521,342942_MG,16.08209
MAG10522,342942_MG,71.57489
MAG10523,342942_MG,63.33538
MAG10524,342942_MG,169.7289
MAG10525,342943_MG,10.304533
MAG10526,342943_MG,190.98262
MAG10527,342943_MG,14.042353
MAG10528,342943_MG,66.96922
MAG10529,342943_MG,41.17692
MAG10530,342943_MG,14.53768
MAG10531,342943_MG,15.375487
MAG10532,342943_MG,40.372726
MAG10533,342943_MG,16.630651
MAG10534,342943_MG,15.824641
MAG10535,342943_MG,9.29147
MAG10536,342947_MG,99.34189
MAG10537,342947_MG,54.351677
MAG10538,342947_MG,111.47584
MAG10539,342947_MG,20.091429
MAG10540,342947_MG,7.8586445
MAG10541,342948_MG,444.53366
MAG10542,342948_MG,11.585521
MAG10543,342948_MG,33.47545
MAG10544,342948_MG,8.179729
MAG10545,342948_MG,30.01435
MAG10546,342948_MG,54.417522
MAG10547,342948_MG,40.412937
MAG10548,342948_MG,12.485861
MAG10549,342948_MG,22.924845
MAG10550,342948_MG,10.70115
MAG10551,342948_MG,67.97516
MAG10552,342948_MG,25.41552
MAG10553,342955_MG,11.888821
MAG10554,342955_MG,41.07106
MAG10555,342955_MG,131.63348
MAG10556,342955_MG,18.751951
MAG10557,342955_MG,14.403608
MAG10558,342955_MG,14.605491
MAG10559,342955_MG,17.207857
MAG10560,342955_MG,320.08453
MAG10561,342955_MG,16.128809
MAG10562,342958_MG,59.914272
MAG10563,342958_MG,54.806824
MAG10564,342958_MG,87.80312
MAG10565,342958_MG,32.38931
MAG10566,342958_MG,17.320728
MAG10567,342958_MG,87.44648
MAG10568,342958_MG,28.658241
MAG10569,342958_MG,64.5424
MAG10570,342958_MG,66.80507
MAG10571,342958_MG,193.43506
MAG10572,342958_MG,34.152283
MAG10573,342958_MG,19.241884
MAG10574,342958_MG,1497.0278
MAG10575,342958_MG,56.331303
MAG10576,342958_MG,61.199642
MAG10577,342958_MG,81.28041
MAG10578,342958_MG,12.842521
MAG10579,342958_MG,38.4351
MAG10580,342958_MG,25.002571
MAG10581,342958_MG,9.381147
MAG10582,342958_MG,77.15454
MAG10583,342958_MG,47.46504
MAG10584,342958_MG,14.201634
MAG10585,342960_MG,6.33514
MAG10586,342964_MG,17.743559
MAG10587,342964_MG,39.132782
MAG10588,342964_MG,13.418095
MAG10589,342964_MG,37.842342
MAG10590,342964_MG,39.493954
MAG10591,342964_MG,1338.7914
MAG10592,342964_MG,60.533962
MAG10593,342964_MG,48.773678
MAG10594,342964_MG,10.457397
MAG10595,342964_MG,15.842158
MAG10596,342964_MG,16.517242
MAG10597,342964_MG,76.432
MAG10598,342964_MG,148.4588
MAG10599,342964_MG,33.59826
MAG10600,342964_MG,20.56761
MAG10601,342964_MG,60.249424
MAG10602,342964_MG,31.647364
MAG10603,342964_MG,31.963364
MAG10604,342964_MG,65.74288
MAG10605,342964_MG,49.91955
MAG10606,342964_MG,65.13823
MAG10607,342964_MG,272.22186
MAG10608,342964_MG,89.25655
MAG10609,342964_MG,210.93132
MAG10610,342964_MG,171.61507
MAG10611,342964_MG,42.57151
MAG10612,342964_MG,50.718502
MAG10613,342964_MG,17.256521
MAG10614,342969_MG,379.31693
MAG10615,342972_MG,303.41446
MAG10616,342978_MG,256.75232
MAG10617,342982_MG,30.742487
MAG10618,342982_MG,29.437304
MAG10619,342982_MG,44.69694
MAG10620,342986_MG,363.69974
MAG10621,342987_MG,22.578293
MAG10622,342987_MG,28.099455
MAG10623,342987_MG,40.59214
MAG10624,342987_MG,29.042482
MAG10625,342987_MG,1034.7539
MAG10626,342987_MG,17.012877
MAG10627,342987_MG,290.90997
MAG10628,342987_MG,10.86542
MAG10629,342987_MG,49.269356
MAG10630,342987_MG,19.80835
MAG10631,342987_MG,11.669911
MAG10632,342987_MG,11.975116
MAG10633,342991_MG,81.591576
MAG10634,342997_MG,14.501768
MAG10635,342997_MG,285.42474
MAG10636,342997_MG,53.22628
MAG10637,342997_MG,82.64972
MAG10638,342997_MG,31.337635
MAG10639,342997_MG,84.06056
MAG10640,342997_MG,109.68781
MAG10641,342997_MG,33.02514
MAG10642,342997_MG,139.48729
MAG10643,342997_MG,71.236885
MAG10644,342997_MG,180.16263
MAG10645,342997_MG,38.39391
MAG10646,342997_MG,18.51122
MAG10647,342997_MG,15.304819
MAG10648,342997_MG,278.97208
MAG10649,343000_MG,110.02723
MAG10650,343000_MG,24.899303
MAG10651,343000_MG,252.10211
MAG10652,343000_MG,46.837505
MAG10653,343000_MG,39.697052
MAG10654,343000_MG,23.330008
MAG10655,343000_MG,20.221157
MAG10656,343000_MG,49.63672
MAG10657,343000_MG,26.404404
MAG10658,343000_MG,15.070264
MAG10659,343000_MG,291.63098
MAG10660,343000_MG,78.75844
MAG10661,343002_MG,12.686785
MAG10662,343002_MG,20.247883
MAG10663,343002_MG,17.04494
MAG10664,343002_MG,17.117771
MAG10665,343002_MG,7.4583488
MAG10666,343002_MG,13.736007
MAG10667,343002_MG,9.707446
MAG10668,343002_MG,60.494194
MAG10669,343002_MG,316.55283
MAG10670,343003_MG,133.98685
MAG10671,343003_MG,81.39256
MAG10672,343003_MG,100.741
MAG10673,343003_MG,14.967941
MAG10674,343003_MG,392.53745
MAG10675,343003_MG,94.552986
MAG10676,343003_MG,28.693922
MAG10677,343003_MG,27.974897
MAG10678,343003_MG,11.002701
MAG10679,343003_MG,18.986574
MAG10680,343003_MG,19.256397
MAG10681,343003_MG,18.805868
MAG10682,343003_MG,12.976424
MAG10683,343003_MG,10.823632
MAG10684,343003_MG,65.11224
MAG10685,343003_MG,29.154327
MAG10686,343003_MG,896.314
MAG10687,343007_MG,154.88567
MAG10688,343007_MG,107.38653
MAG10689,343007_MG,162.95287
MAG10690,343007_MG,69.43828
MAG10691,343010_MG,16.124271
MAG10692,343010_MG,1182.9523
MAG10693,343010_MG,607.4503
MAG10694,343010_MG,11.147634
MAG10695,343018_MG,21.974909
MAG10696,343018_MG,99.97573
MAG10697,343018_MG,520.21643
MAG10698,343018_MG,26.032564
MAG10699,343018_MG,12.558489
MAG10700,343018_MG,12.337585
MAG10701,343018_MG,83.84263
MAG10702,343018_MG,196.2885
MAG10703,343018_MG,75.16248
MAG10704,343018_MG,35.28558
MAG10705,343018_MG,98.13396
MAG10706,343018_MG,21.204737
MAG10707,343018_MG,29.501925
MAG10708,343018_MG,161.22278
MAG10709,343019_MG,19.359886
MAG10710,343019_MG,25.746632
MAG10711,343019_MG,9.969272
MAG10712,343019_MG,184.54938
MAG10713,343019_MG,29.455217
MAG10714,343021_MG,33.003456
MAG10715,343021_MG,114.55615
MAG10716,343021_MG,29.021183
MAG10717,343021_MG,21.916454
MAG10718,343021_MG,191.48914
MAG10719,343021_MG,27.271347
MAG10720,343021_MG,1723.574
MAG10721,343021_MG,27.1785
MAG10722,343024_MG,12.442828
MAG10723,343024_MG,13.021974
MAG10724,343024_MG,46.739758
MAG10725,343024_MG,256.45682
MAG10726,343024_MG,10.740648
MAG10727,343024_MG,122.31288
MAG10728,343024_MG,63.572628
MAG10729,343024_MG,20.742815
MAG10730,343024_MG,12.2036295
MAG10731,343024_MG,102.83987
MAG10732,343024_MG,477.8142
MAG10733,343024_MG,8.308696
MAG10734,343024_MG,11.574777
MAG10735,343024_MG,13.933924
MAG10736,343024_MG,11.644597
MAG10737,343024_MG,12.324161
MAG10738,343024_MG,285.2689
MAG10739,343024_MG,5.8863254
MAG10740,343024_MG,27.929514
MAG10741,343024_MG,32.18892
MAG10742,343024_MG,288.18515
MAG10743,343024_MG,191.02992
MAG10744,343024_MG,452.98596
MAG10745,343024_MG,68.2605
MAG10746,343024_MG,18.441648
MAG10747,343024_MG,160.43811
MAG10748,343024_MG,81.61853
MAG10749,343024_MG,59.537525
MAG10750,343028_MG,21.88517
MAG10751,343028_MG,352.60413
MAG10752,343028_MG,44.67096
MAG10753,343028_MG,57.44912
MAG10754,343028_MG,116.67449
MAG10755,343028_MG,16.10501
MAG10756,343028_MG,237.8287
MAG10757,343028_MG,11.368705
MAG10758,343028_MG,173.93822
MAG10759,343028_MG,609.36914
MAG10760,343028_MG,91.742
MAG10761,343028_MG,45.7769
MAG10762,343028_MG,19.032423
MAG10763,343028_MG,107.810486
MAG10764,343028_MG,206.71652
MAG10765,343028_MG,57.806484
MAG10766,343029_MG,8.255479
MAG10767,343029_MG,2503.328
MAG10768,343031_MG,4760.125
MAG10769,343033_MG,19.062252
MAG10770,343033_MG,132.62126
MAG10771,343033_MG,25.565733
MAG10772,343033_MG,6.139558
MAG10773,343033_MG,42.746357
MAG10774,343033_MG,7.8363523
MAG10775,343033_MG,34.985428
MAG10776,343033_MG,18.738646
MAG10777,343033_MG,91.05856
MAG10778,343033_MG,104.28043
MAG10779,343033_MG,14.790903
MAG10780,343033_MG,38.236904
MAG10781,343034_MG,18.809448
MAG10782,343034_MG,49.74455
MAG10783,343034_MG,72.110115
MAG10784,343034_MG,11.816616
MAG10785,343034_MG,13.010141
MAG10786,343038_MG,46.622803
MAG10787,343038_MG,47.83744
MAG10788,343038_MG,21.509901
MAG10789,343038_MG,16.622372
MAG10790,343038_MG,77.77169
MAG10791,343038_MG,72.67732
MAG10792,343038_MG,20.475729
MAG10793,343038_MG,43.70988
MAG10794,343042_MG,32.170315
MAG10795,343042_MG,442.71152
MAG10796,343043_MG,9.006867
MAG10797,343043_MG,30.832418
MAG10798,343043_MG,21.29075
MAG10799,343046_MG,14.758511
MAG10800,343046_MG,82.801414
MAG10801,343048_MG,1615.4757
MAG10802,343048_MG,22.342854
MAG10803,343049_MG,404.79416
MAG10804,343053_MG,414.24722
MAG10805,343057_MG,90.58603
MAG10806,343057_MG,40.527267
MAG10807,343057_MG,1885.7936
MAG10808,343057_MG,346.324
MAG10809,343057_MG,8.790892
MAG10810,343057_MG,56.045094
MAG10811,343057_MG,60.19314
MAG10812,343057_MG,18.372614
MAG10813,343057_MG,103.3367
MAG10814,343057_MG,15.832078
MAG10815,343057_MG,8.334372
MAG10816,343057_MG,22.876518
MAG10817,343057_MG,17.438892
MAG10818,343057_MG,67.79249
MAG10819,343057_MG,35.053165
MAG10820,343057_MG,25.983591
MAG10821,343057_MG,78.75538
MAG10822,343057_MG,13.239824
MAG10823,343057_MG,10.574561
MAG10824,343057_MG,407.28122
MAG10825,343058_MG,43.28295
MAG10826,343058_MG,100.494125
MAG10827,343058_MG,28.872139
MAG10828,343058_MG,27.65059
MAG10829,343058_MG,31.98801
MAG10830,343058_MG,68.3077
MAG10831,343058_MG,118.74603
MAG10832,343058_MG,29.811502
MAG10833,343058_MG,33.313435
MAG10834,343060_MG,22.205196
MAG10835,343060_MG,42.398
MAG10836,343060_MG,13.934521
MAG10837,343060_MG,281.5749
MAG10838,343060_MG,30.71642
MAG10839,343063_MG,444.7646
MAG10840,343067_MG,313.91513
MAG10841,343068_MG,103.428444
MAG10842,343068_MG,27.04604
MAG10843,343068_MG,167.54594
MAG10844,343068_MG,433.43646
MAG10845,343068_MG,17.931591
MAG10846,343068_MG,235.05614
MAG10847,343071_MG,33.56234
MAG10848,343071_MG,53.20311
MAG10849,343071_MG,202.0211
MAG10850,343071_MG,9.46408
MAG10851,343071_MG,22.562359
MAG10852,343071_MG,139.89542
MAG10853,343071_MG,18.170643
MAG10854,343071_MG,9.755792
MAG10855,343071_MG,9.007145
MAG10856,343071_MG,9.147163
MAG10857,343071_MG,9.906901
MAG10858,343071_MG,10.753492
MAG10859,343075_MG,15.421555
MAG10860,343075_MG,97.74623
MAG10861,343075_MG,70.31837
MAG10862,343075_MG,59.513878
MAG10863,343075_MG,45.603893
MAG10864,343075_MG,842.6649
MAG10865,343076_MG,112.72133
MAG10866,343076_MG,22.113052
MAG10867,343076_MG,48.39015
MAG10868,343076_MG,11.258075
MAG10869,343076_MG,7.845401
MAG10870,343076_MG,37.730003
MAG10871,343076_MG,45.1582
MAG10872,343076_MG,19.993404
MAG10873,343076_MG,11.886716
MAG10874,343078_MG,1207.909
MAG10875,343081_MG,34.300735
MAG10876,343081_MG,265.9627
MAG10877,343081_MG,17.71365
MAG10878,343081_MG,76.11695
MAG10879,343081_MG,15.3244
MAG10880,343081_MG,18.975225
MAG10881,343081_MG,15.211449
MAG10882,343081_MG,13.351252
MAG10883,343081_MG,112.76083
MAG10884,343081_MG,92.32097
MAG10885,343081_MG,22.709047
MAG10886,343083_MG,28.001598
MAG10887,343083_MG,13.50542
MAG10888,343083_MG,17.126234
MAG10889,343083_MG,20.988401
MAG10890,343083_MG,11.081463
MAG10891,343083_MG,94.06792
MAG10892,343083_MG,14.416237
MAG10893,343083_MG,17.44076
MAG10894,343083_MG,28.700674
MAG10895,343083_MG,82.67507
MAG10896,343083_MG,18.424505
MAG10897,343086_MG,11.815377
MAG10898,343086_MG,33.112473
MAG10899,343086_MG,428.85675
MAG10900,343086_MG,37.6082
MAG10901,343086_MG,18.366907
MAG10902,343086_MG,35.630596
MAG10903,343086_MG,171.09985
MAG10904,343086_MG,66.03797
MAG10905,343086_MG,26.145668
MAG10906,343086_MG,17.360806
MAG10907,343086_MG,15.484102
MAG10908,343086_MG,69.32359
MAG10909,343086_MG,255.65399
MAG10910,343086_MG,10.3056345
MAG10911,343086_MG,147.11754
MAG10912,343086_MG,46.834
MAG10913,343086_MG,136.5498
MAG10914,343086_MG,326.88428
MAG10915,343086_MG,11.427099
MAG10916,343086_MG,16.708025
MAG10917,343086_MG,16.674225
MAG10918,343086_MG,70.79373
MAG10919,343086_MG,11.775675
MAG10920,343086_MG,225.85461
MAG10921,343086_MG,10.9981365
MAG10922,343086_MG,65.38708
MAG10923,343086_MG,119.25404
MAG10924,343086_MG,17.093845
MAG10925,343086_MG,74.831154
MAG10926,343086_MG,13.847
MAG10927,343086_MG,8.643783
MAG10928,343086_MG,30.272913
MAG10929,343086_MG,125.67309
MAG10930,343086_MG,131.15475
MAG10931,343086_MG,153.65662
MAG10932,343086_MG,166.52112
MAG10933,343086_MG,203.20769
MAG10934,343086_MG,74.02164
MAG10935,343086_MG,30.40089
MAG10936,343086_MG,158.5558
MAG10937,343086_MG,33.9965
MAG10938,343089_MG,798.90314
MAG10939,343089_MG,83.22386
MAG10940,343089_MG,11.375014
MAG10941,343089_MG,228.41269
MAG10942,343089_MG,50.335003
MAG10943,343089_MG,10.003963
MAG10944,343089_MG,23.654438
MAG10945,343089_MG,51.714348
MAG10946,343089_MG,28.563866
MAG10947,343089_MG,31.782297
MAG10948,343089_MG,24.021086
MAG10949,343089_MG,10.89817
MAG10950,343089_MG,78.61883
MAG10951,343089_MG,18.16314
MAG10952,343094_MG,19.80212
MAG10953,343094_MG,186.1546
MAG10954,343094_MG,143.79951
MAG10955,343098_MG,2619.786
MAG10956,343098_MG,26.93378
MAG10957,343099_MG,780.4972
MAG10958,343099_MG,3050.799
MAG10959,343101_MG,351.13635
MAG10960,343104_MG,37.220043
MAG10961,343104_MG,10.340167
MAG10962,343104_MG,17.207376
MAG10963,343104_MG,9.1983
MAG10964,343104_MG,205.98216
MAG10965,343104_MG,44.392693
MAG10966,343104_MG,94.359505
MAG10967,343104_MG,4.9579773
MAG10968,343107_MG,363.9204
MAG10969,343109_MG,13.271526
MAG10970,343109_MG,13.576381
MAG10971,343109_MG,42.75453
MAG10972,343109_MG,37.36635
MAG10973,343109_MG,25.365204
MAG10974,343109_MG,9.273984
MAG10975,343109_MG,38.8541
MAG10976,343109_MG,29.66644
MAG10977,343109_MG,7.1357875
MAG10978,343109_MG,150.8468
MAG10979,343111_MG,72.095184
MAG10980,343111_MG,82.59255
MAG10981,343111_MG,313.5537
MAG10982,343114_MG,12.138905
MAG10983,343114_MG,31.958101
MAG10984,343114_MG,55.08801
MAG10985,343114_MG,14.926854
MAG10986,343114_MG,16.681665
MAG10987,343114_MG,8.8723345
MAG10988,343114_MG,21.096844
MAG10989,343114_MG,94.295105
MAG10990,343114_MG,41.285305
MAG10991,343114_MG,19.378258
MAG10992,343117_MG,27.751036
MAG10993,343117_MG,248.04231
MAG10994,343117_MG,23.354391
MAG10995,343117_MG,141.49803
MAG10996,343117_MG,96.22026
MAG10997,343117_MG,38.37119
MAG10998,343119_MG,16.061789
MAG10999,343123_MG,1632.0057
MAG11000,343123_MG,179.7641
MAG11001,343124_MG,128.26196
MAG11002,343124_MG,1542.9355
MAG11003,343124_MG,373.22574
MAG11004,343124_MG,20.756437
MAG11005,343124_MG,23.853436
MAG11006,343124_MG,19.808369
MAG11007,343124_MG,41.245083
MAG11008,343124_MG,438.50873
MAG11009,343124_MG,9.722773
MAG11010,343124_MG,28.342325
MAG11011,343124_MG,504.12808
MAG11012,343124_MG,41.737217
MAG11013,343124_MG,77.93948
MAG11014,343124_MG,63.7017
MAG11015,343124_MG,371.52274
MAG11016,343124_MG,20.02491
MAG11017,343124_MG,65.5182
MAG11018,343124_MG,446.38293
MAG11019,343124_MG,11.873753
MAG11020,343124_MG,161.80777
MAG11021,343124_MG,962.6609
MAG11022,343124_MG,52.33139
MAG11023,343124_MG,215.26685
MAG11024,343124_MG,17.431793
MAG11025,343128_MG,481.946
MAG11026,343128_MG,165.20078
MAG11027,343128_MG,253.72923
MAG11028,343128_MG,192.74495
MAG11029,343128_MG,666.8755
MAG11030,343128_MG,229.5224
MAG11031,343128_MG,179.17357
MAG11032,343128_MG,3714.1807
MAG11033,343128_MG,27.231852
MAG11034,343128_MG,217.8526
MAG11035,343128_MG,156.53448
MAG11036,343128_MG,65.515785
MAG11037,343128_MG,33.625088
MAG11038,343128_MG,403.9733
MAG11039,343128_MG,24.621832
MAG11040,343128_MG,16.71417
MAG11041,343128_MG,497.81967
MAG11042,343128_MG,261.81366
MAG11043,343128_MG,34.32343
MAG11044,343128_MG,110.59097
MAG11045,343128_MG,21.460186
MAG11046,343128_MG,29.730068
MAG11047,343128_MG,49.171097
MAG11048,343129_MG,257.48578
MAG11049,343129_MG,13.336433
MAG11050,343129_MG,220.19174
MAG11051,343129_MG,11.143984
MAG11052,343129_MG,30.156092
MAG11053,343129_MG,15.448855
MAG11054,343129_MG,23.90974
MAG11055,343129_MG,257.7076
MAG11056,343129_MG,20.05392
MAG11057,343129_MG,44.262333
MAG11058,343129_MG,8.668585
MAG11059,343129_MG,25.768505
MAG11060,343129_MG,10.480902
MAG11061,343129_MG,102.48936
MAG11062,343129_MG,73.411514
MAG11063,343131_MG,14.150411
MAG11064,343131_MG,46.1721
MAG11065,343131_MG,6.7765856
MAG11066,343131_MG,91.919655
MAG11067,343131_MG,19.445482
MAG11068,343131_MG,9.893071
MAG11069,343131_MG,43.753025
MAG11070,343131_MG,15.692198
MAG11071,343131_MG,8.599463
MAG11072,343131_MG,22.428621
MAG11073,343131_MG,10.268496
MAG11074,343131_MG,22.147572
MAG11075,343131_MG,9.600856
MAG11076,343134_MG,41.165783
MAG11077,343134_MG,7.5696497
MAG11078,343134_MG,22.776253
MAG11079,343134_MG,8.328828
MAG11080,343134_MG,7.9385552
MAG11081,343134_MG,20.2385
MAG11082,343134_MG,14.791005
MAG11083,343134_MG,6.5692797
MAG11084,343138_MG,10.347676
MAG11085,343138_MG,154.94539
MAG11086,343138_MG,14.54052
MAG11087,343138_MG,8.764542
MAG11088,343138_MG,26.38748
MAG11089,343138_MG,9.642335
MAG11090,343138_MG,7.950986
MAG11091,343138_MG,9.461807
MAG11092,343139_MG,12.040707
MAG11093,343139_MG,35.178837
MAG11094,343139_MG,152.65968
MAG11095,343139_MG,9.95418
MAG11096,343139_MG,20.129
MAG11097,343140_MG,29.26051
MAG11098,343145_MG,8.424359
MAG11099,343145_MG,79.303024
MAG11100,343145_MG,111.543335
MAG11101,343145_MG,190.49863
MAG11102,343145_MG,29.278913
MAG11103,343145_MG,20.19986
MAG11104,343145_MG,17.5224
MAG11105,343145_MG,13.963917
MAG11106,343145_MG,19.69572
MAG11107,343145_MG,388.9884
MAG11108,343145_MG,37.67609
MAG11109,343145_MG,35.567806
MAG11110,343145_MG,5.626425
MAG11111,343145_MG,10.012051
MAG11112,343145_MG,16.297709
MAG11113,343145_MG,6.9731274
MAG11114,343145_MG,7.0980315
MAG11115,343145_MG,65.86099
MAG11116,343145_MG,9.29364
MAG11117,343145_MG,31.555676
MAG11118,343147_MG,39.76988
MAG11119,343147_MG,6.2681217
MAG11120,343147_MG,18.273174
MAG11121,343147_MG,11.068582
MAG11122,343147_MG,9.303092
MAG11123,343147_MG,13.795398
MAG11124,343147_MG,15.2454605
MAG11125,343147_MG,447.09784
MAG11126,343147_MG,9.48973
MAG11127,343147_MG,23.780529
MAG11128,343150_MG,15.465676
MAG11129,343150_MG,511.71695
MAG11130,343150_MG,210.91344
MAG11131,343150_MG,182.42293
MAG11132,343150_MG,33.3987
MAG11133,343150_MG,38.5786
MAG11134,343150_MG,512.5029
MAG11135,343150_MG,46.111374
MAG11136,343150_MG,167.59503
MAG11137,343150_MG,15.346438
MAG11138,343150_MG,18.593359
MAG11139,343150_MG,11.916026
MAG11140,343150_MG,10.078027
MAG11141,343150_MG,54.704254
MAG11142,343150_MG,19.494097
MAG11143,343153_MG,163.83266
MAG11144,343153_MG,139.87852
MAG11145,343153_MG,125.96179
MAG11146,343155_MG,12.146884
MAG11147,343155_MG,367.73456
MAG11148,343156_MG,9.002382
MAG11149,343156_MG,8.620249
MAG11150,343156_MG,322.1106
MAG11151,343156_MG,630.73975
MAG11152,343156_MG,80.09964
MAG11153,343156_MG,9.965722
MAG11154,343156_MG,153.30824
MAG11155,343156_MG,87.34446
MAG11156,343156_MG,98.665565
MAG11157,343156_MG,114.301994
MAG11158,343160_MG,71.816986
MAG11159,343160_MG,46.921677
MAG11160,343160_MG,67.41921
MAG11161,343160_MG,234.41035
MAG11162,343160_MG,73.01811
MAG11163,343160_MG,43.317146
MAG11164,343160_MG,236.81715
MAG11165,343160_MG,97.87494
MAG11166,343160_MG,1436.7256
MAG11167,343163_MG,361.93503
MAG11168,343163_MG,105.64133
MAG11169,343163_MG,77.97144
MAG11170,343163_MG,33.49622
MAG11171,343163_MG,186.49171
MAG11172,343163_MG,15.263915
MAG11173,343163_MG,158.46382
MAG11174,343163_MG,49.10083
MAG11175,343163_MG,34.028187
MAG11176,343163_MG,18.83456
MAG11177,343163_MG,352.65546
MAG11178,343163_MG,15.522838
MAG11179,343165_MG,9.1509495
MAG11180,343165_MG,7.1487837
MAG11181,343165_MG,6.822336
MAG11182,343165_MG,7.9737926
MAG11183,343165_MG,45.014023
MAG11184,343165_MG,6.733045
MAG11185,343165_MG,21.083506
MAG11186,343165_MG,7.7976446
MAG11187,343165_MG,17.369314
MAG11188,343165_MG,15.677549
MAG11189,343165_MG,16.934477
MAG11190,343165_MG,6.98915
MAG11191,343167_MG,53.289116
MAG11192,343167_MG,164.03604
MAG11193,343167_MG,15.225014
MAG11194,343167_MG,9.570908
MAG11195,343167_MG,151.64455
MAG11196,343167_MG,8.38018
MAG11197,343167_MG,18.156582
MAG11198,343167_MG,162.01338
MAG11199,343167_MG,74.007
MAG11200,343167_MG,38.300007
MAG11201,343167_MG,26.99905
MAG11202,343167_MG,26.245018
MAG11203,343167_MG,14.979253
MAG11204,343167_MG,52.215744
MAG11205,343167_MG,10.445505
MAG11206,343167_MG,800.5938
MAG11207,343167_MG,77.50254
MAG11208,343167_MG,303.8751
MAG11209,343167_MG,11.293188
MAG11210,343167_MG,12.675762
MAG11211,343167_MG,5.679624
MAG11212,343167_MG,322.9073
MAG11213,343167_MG,112.46796
MAG11214,343167_MG,1216.8425
MAG11215,343167_MG,308.85602
MAG11216,343167_MG,11.546171
MAG11217,343173_MG,167.8681
MAG11218,343177_MG,88.46634
MAG11219,343177_MG,2512.7432
MAG11220,343177_MG,57.891384
MAG11221,343177_MG,29.57926
MAG11222,343177_MG,164.9371
MAG11223,343177_MG,25.767103
MAG11224,343177_MG,85.82394
MAG11225,343177_MG,46.095078
MAG11226,343177_MG,284.53265
MAG11227,343178_MG,1861.4755
MAG11228,343180_MG,498.09253
MAG11229,343180_MG,15.339237
MAG11230,343180_MG,78.62124
MAG11231,343180_MG,52.27854
MAG11232,343180_MG,32.687855
MAG11233,343180_MG,99.71824
MAG11234,343180_MG,41.930527
MAG11235,343180_MG,805.28674
MAG11236,343180_MG,380.41312
MAG11237,343180_MG,75.67182
MAG11238,343183_MG,231.56744
MAG11239,343183_MG,61.535812
MAG11240,343183_MG,18.878475
MAG11241,343183_MG,12.417586
MAG11242,343183_MG,27.276571
MAG11243,343183_MG,74.50471
MAG11244,343183_MG,69.89241
MAG11245,343183_MG,82.23347
MAG11246,343183_MG,41.065483
MAG11247,343183_MG,62.155678
MAG11248,343183_MG,116.35478
MAG11249,343183_MG,78.533806
MAG11250,343185_MG,28.911661
MAG11251,343185_MG,59.79104
MAG11252,343185_MG,49.235394
MAG11253,343188_MG,30.785898
MAG11254,343188_MG,32.88364
MAG11255,343188_MG,140.56978
MAG11256,343188_MG,14.274097
MAG11257,343188_MG,24.631401
MAG11258,343192_MG,36.91847
MAG11259,343193_MG,52.184654
MAG11260,343193_MG,37.507717
MAG11261,343193_MG,11.980672
MAG11262,343193_MG,19.85881
MAG11263,343193_MG,14.939144
MAG11264,343193_MG,20.311666
MAG11265,343195_MG,3922.377
MAG11266,343195_MG,808.39935
MAG11267,343198_MG,13.692404
MAG11268,343198_MG,41.251915
MAG11269,343198_MG,16.065056
MAG11270,343198_MG,68.177826
MAG11271,343198_MG,431.7326
MAG11272,343198_MG,46.614155
MAG11273,343198_MG,16.200983
MAG11274,343198_MG,14.395361
MAG11275,343200_MG,107.673004
MAG11276,343200_MG,139.59059
MAG11277,343200_MG,32.78184
MAG11278,343200_MG,195.31662
MAG11279,343200_MG,42.677944
MAG11280,343200_MG,39.948353
MAG11281,343203_MG,740.5888
MAG11282,343205_MG,26.241304
MAG11283,343205_MG,70.87922
MAG11284,343205_MG,859.8842
MAG11285,343205_MG,64.287674
MAG11286,343205_MG,17.601915
MAG11287,343205_MG,264.9262
MAG11288,343205_MG,68.3091
MAG11289,343205_MG,19.162292
MAG11290,343205_MG,19.014278
MAG11291,343205_MG,16.662735
MAG11292,343205_MG,278.79898
MAG11293,343205_MG,25.078304
MAG11294,343205_MG,492.79416
MAG11295,343205_MG,37.466824
MAG11296,343208_MG,350.8814
MAG11297,343209_MG,36.614326
MAG11298,343209_MG,54.125767
MAG11299,343209_MG,169.98218
MAG11300,343209_MG,717.5857
MAG11301,343209_MG,2274.1255
MAG11302,343209_MG,25.393805
MAG11303,343213_MG,7.2899966
MAG11304,343213_MG,46.50568
MAG11305,343213_MG,11.137541
MAG11306,343213_MG,16.689917
MAG11307,343213_MG,32.65671
MAG11308,343213_MG,41.45397
MAG11309,343213_MG,6.0962706
MAG11310,343215_MG,151.86008
MAG11311,343218_MG,122.17105
MAG11312,343218_MG,197.9814
MAG11313,343218_MG,371.19946
MAG11314,343218_MG,247.20444
MAG11315,343218_MG,60.889404
MAG11316,343218_MG,122.222534
MAG11317,343218_MG,94.15148
MAG11318,343218_MG,90.63447
MAG11319,343222_MG,141.47906
MAG11320,343223_MG,268.99524
MAG11321,343223_MG,120.22151
MAG11322,343223_MG,16.615225
MAG11323,343223_MG,135.17249
MAG11324,343223_MG,383.6415
MAG11325,343223_MG,11.3307085
MAG11326,343223_MG,255.0707
MAG11327,343223_MG,74.176926
MAG11328,343223_MG,14.0838375
MAG11329,343223_MG,57.664474
MAG11330,343223_MG,6.954073
MAG11331,343225_MG,72.633835
MAG11332,343225_MG,33.478195
MAG11333,343225_MG,8.714366
MAG11334,343225_MG,12.004197
MAG11335,343225_MG,7.661745
MAG11336,343225_MG,123.35459
MAG11337,343225_MG,289.8151
MAG11338,343225_MG,50.222733
MAG11339,343225_MG,76.704185
MAG11340,343225_MG,44.623386
MAG11341,343225_MG,8.667284
MAG11342,343225_MG,14.635226
MAG11343,343225_MG,508.5488
MAG11344,343225_MG,8.930974
MAG11345,343225_MG,8.323073
MAG11346,343225_MG,30.917294
MAG11347,343225_MG,13.222059
MAG11348,343233_MG,1478.883
MAG11349,343233_MG,30.728489
MAG11350,343233_MG,12.226476
MAG11351,343233_MG,23.925283
MAG11352,343233_MG,10.307964
MAG11353,343233_MG,53.76166
MAG11354,343233_MG,6.8537326
MAG11355,343233_MG,15.349602
MAG11356,343233_MG,8.542837
MAG11357,343233_MG,6.655377
MAG11358,343234_MG,76.881065
MAG11359,343234_MG,47.518997
MAG11360,343234_MG,167.75633
MAG11361,343238_MG,430.5533
MAG11362,343238_MG,30.182629
MAG11363,343238_MG,649.6808
MAG11364,343238_MG,14.136193
MAG11365,343238_MG,122.80458
MAG11366,343238_MG,13.273112
MAG11367,343238_MG,37.813232
MAG11368,343238_MG,53.570084
MAG11369,343238_MG,23.868355
MAG11370,343238_MG,57.77095
MAG11371,343238_MG,220.20543
MAG11372,343238_MG,15.542762
MAG11373,343238_MG,294.1898
MAG11374,343238_MG,18.028978
MAG11375,343238_MG,13.865622
MAG11376,343239_MG,3042.8616
MAG11377,343243_MG,26.320473
MAG11378,343243_MG,30.888353
MAG11379,343243_MG,183.8716
MAG11380,343243_MG,73.80398
MAG11381,343243_MG,39.738388
MAG11382,343243_MG,40.885468
MAG11383,343243_MG,417.4133
MAG11384,343246_MG,26.811848
MAG11385,343246_MG,3375.8472
MAG11386,343246_MG,162.42458
MAG11387,343255_MG,345.05856
MAG11388,343255_MG,70.04938
MAG11389,343255_MG,11.782513
MAG11390,343255_MG,12.01705
MAG11391,343255_MG,19.401535
MAG11392,343255_MG,58.673218
MAG11393,343255_MG,12.563545
MAG11394,343255_MG,8.854439
MAG11395,343256_MG,78.65095
MAG11396,343256_MG,13.434799
MAG11397,343256_MG,20.812922
MAG11398,343256_MG,64.408585
MAG11399,343256_MG,28.735456
MAG11400,343256_MG,7.9891543
MAG11401,343256_MG,9.839851
MAG11402,343258_MG,680.4612
MAG11403,343258_MG,247.31679
MAG11404,343258_MG,16.172066
MAG11405,343261_MG,87.60799
MAG11406,343261_MG,234.75525
MAG11407,343261_MG,110.09919
MAG11408,343261_MG,115.32345
MAG11409,343261_MG,13.628175
MAG11410,343261_MG,169.07104
MAG11411,343261_MG,1114.7198
MAG11412,343261_MG,16.803022
MAG11413,343261_MG,9.868196
MAG11414,343261_MG,37.144875
MAG11415,343261_MG,9.680552
MAG11416,343261_MG,104.203094
MAG11417,343261_MG,27.59851
MAG11418,343261_MG,209.74179
MAG11419,343261_MG,498.39206
MAG11420,343261_MG,10.625921
MAG11421,343261_MG,9.256512
MAG11422,343261_MG,11.235633
MAG11423,343261_MG,46.101017
MAG11424,343261_MG,18.423124
MAG11425,343264_MG,26.188017
MAG11426,343264_MG,133.52148
MAG11427,343264_MG,64.30931
MAG11428,343264_MG,17.315746
MAG11429,343266_MG,17.027119
MAG11430,343266_MG,75.95938
MAG11431,343266_MG,41.278618
MAG11432,343266_MG,26.389666
MAG11433,343266_MG,104.77637
MAG11434,343266_MG,15.434844
MAG11435,343266_MG,29.271572
MAG11436,343266_MG,13.309267
MAG11437,343266_MG,124.537674
MAG11438,343266_MG,19.710173
MAG11439,343266_MG,18.04976
MAG11440,343269_MG,37.77666
MAG11441,343269_MG,104.885735
MAG11442,343269_MG,224.1594
MAG11443,343269_MG,10.894786
MAG11444,343269_MG,52.650547
MAG11445,343269_MG,11.573216
MAG11446,343269_MG,15.966653
MAG11447,343269_MG,273.59598
MAG11448,343269_MG,52.24933
MAG11449,343269_MG,14.48268
MAG11450,343269_MG,34.82665
MAG11451,343269_MG,34.597828
MAG11452,343269_MG,71.70369
MAG11453,343269_MG,59.993847
MAG11454,343269_MG,15.736905
MAG11455,343269_MG,13.192243
MAG11456,343269_MG,58.95027
MAG11457,343269_MG,41.164715
MAG11458,343271_MG,85.486305
MAG11459,343271_MG,11.276027
MAG11460,343271_MG,23.548515
MAG11461,343271_MG,43.311363
MAG11462,343271_MG,565.1179
MAG11463,343271_MG,157.00333
MAG11464,343271_MG,27.39286
MAG11465,343271_MG,91.587456
MAG11466,343271_MG,88.313156
MAG11467,343271_MG,171.20668
MAG11468,343271_MG,10.966678
MAG11469,343271_MG,145.34615
MAG11470,343271_MG,137.53603
MAG11471,343271_MG,76.71074
MAG11472,343275_MG,48.171997
MAG11473,343275_MG,88.40974
MAG11474,343275_MG,520.74274
MAG11475,343275_MG,21.15517
MAG11476,343275_MG,24.435604
MAG11477,343276_MG,18.564865
MAG11478,343276_MG,126.440384
MAG11479,343278_MG,101.93833
MAG11480,343278_MG,712.0039
MAG11481,343281_MG,209.18393
MAG11482,343281_MG,8.552923
MAG11483,343281_MG,6.2781925
MAG11484,343281_MG,13.201018
MAG11485,343281_MG,17.412703
MAG11486,343281_MG,337.86386
MAG11487,343281_MG,6.2193265
MAG11488,343281_MG,20.19753
MAG11489,343281_MG,181.29494
MAG11490,343281_MG,919.22626
MAG11491,343281_MG,26.846298
MAG11492,343281_MG,12.100977
MAG11493,343281_MG,14.871678
MAG11494,343281_MG,52.487183
MAG11495,343281_MG,7.2843065
MAG11496,343283_MG,116.01855
MAG11497,343286_MG,317.45447
MAG11498,343286_MG,12.861102
MAG11499,343286_MG,19.112171
MAG11500,343286_MG,36.28607
MAG11501,343286_MG,185.40776
MAG11502,343286_MG,214.03062
MAG11503,343286_MG,7.7753158
MAG11504,343286_MG,291.0138
MAG11505,343286_MG,199.73453
MAG11506,343286_MG,105.10904
MAG11507,343286_MG,13.198196
MAG11508,343286_MG,398.62192
MAG11509,343286_MG,36.61999
MAG11510,343286_MG,43.622044
MAG11511,343286_MG,17.30445
MAG11512,343286_MG,119.19995
MAG11513,343286_MG,38.585922
MAG11514,343286_MG,6.9034314
MAG11515,343287_MG,9.046555
MAG11516,343287_MG,185.7
MAG11517,343287_MG,814.3686
MAG11518,343287_MG,26.487955
MAG11519,343287_MG,12.601678
MAG11520,343287_MG,11.190997
MAG11521,343287_MG,55.533848
MAG11522,343287_MG,30.870634
MAG11523,343287_MG,11.205043
MAG11524,343287_MG,29.766127
MAG11525,343287_MG,33.206367
MAG11526,343287_MG,36.82062
MAG11527,343287_MG,21.974745
MAG11528,343287_MG,61.318012
MAG11529,343287_MG,12.220054
MAG11530,343301_MG,1616.098
MAG11531,343302_MG,30.9218
MAG11532,343302_MG,127.49736
MAG11533,343302_MG,212.92238
MAG11534,343302_MG,35.1176
MAG11535,343302_MG,62.13951
MAG11536,343306_MG,180.12897
MAG11537,343309_MG,48.684532
MAG11538,343309_MG,169.4163
MAG11539,343309_MG,23.328413
MAG11540,343309_MG,8.283155
MAG11541,343309_MG,8.074674
MAG11542,343309_MG,11.770563
MAG11543,343309_MG,10.8609705
MAG11544,343309_MG,97.57042
MAG11545,343309_MG,27.18176
MAG11546,343309_MG,271.9903
MAG11547,343309_MG,31.500086
MAG11548,343311_MG,34.06307
MAG11549,343311_MG,720.9077
MAG11550,343311_MG,117.06681
MAG11551,343311_MG,7.2026496
MAG11552,343311_MG,15.823393
MAG11553,343311_MG,20.246674
MAG11554,343311_MG,6.248316
MAG11555,343311_MG,7.9920583
MAG11556,343311_MG,23.249365
MAG11557,343311_MG,29.655909
MAG11558,343311_MG,20.317513
MAG11559,343311_MG,7.7274895
MAG11560,343311_MG,6.576181
MAG11561,343314_MG,11.3550825
MAG11562,343314_MG,26.24099
MAG11563,343314_MG,57.011944
MAG11564,343319_MG,15.804841
MAG11565,343319_MG,27.701675
MAG11566,343319_MG,250.06834
MAG11567,343319_MG,878.2957
MAG11568,343319_MG,69.66635
MAG11569,343322_MG,929.6986
MAG11570,343322_MG,22.073294
MAG11571,343322_MG,53.278824
MAG11572,343322_MG,19.043062
MAG11573,343322_MG,145.31606
MAG11574,343322_MG,22.527431
MAG11575,343322_MG,105.04779
MAG11576,343322_MG,14.7015915
MAG11577,343322_MG,13.318827
MAG11578,343322_MG,73.305565
MAG11579,343322_MG,173.75214
MAG11580,343324_MG,32.24771
MAG11581,343324_MG,32.807774
MAG11582,343324_MG,79.21188
MAG11583,343324_MG,23.625507
MAG11584,343324_MG,21.9521
MAG11585,343324_MG,31.503027
MAG11586,343328_MG,241.31184
MAG11587,343332_MG,149.02199
MAG11588,343332_MG,1525.2704
MAG11589,343335_MG,12.161957
MAG11590,343335_MG,43.25696
MAG11591,343335_MG,24.270226
MAG11592,343335_MG,7.681383
MAG11593,343335_MG,16.847982
MAG11594,343335_MG,6.1860857
MAG11595,343337_MG,68.1254
MAG11596,343337_MG,177.4064
MAG11597,343337_MG,885.0236
MAG11598,343337_MG,131.90323
MAG11599,343337_MG,66.928
MAG11600,343339_MG,196.43388
MAG11601,343342_MG,68.48971
MAG11602,343345_MG,9.926782
MAG11603,343345_MG,22.158752
MAG11604,343345_MG,392.1126
MAG11605,343347_MG,27.747438
MAG11606,343347_MG,20.39573
MAG11607,343347_MG,7.592848
MAG11608,343347_MG,9.004411
MAG11609,343347_MG,7.403429
MAG11610,343347_MG,11.153036
MAG11611,343347_MG,66.93321
MAG11612,343349_MG,10.136534
MAG11613,343349_MG,67.48831
MAG11614,343349_MG,6.1468005
MAG11615,343352_MG,3363.409
MAG11616,343352_MG,89.609
MAG11617,343356_MG,10.262964
MAG11618,343356_MG,90.14153
MAG11619,343356_MG,1849.4174
MAG11620,343356_MG,131.23996
MAG11621,343356_MG,44.635834
MAG11622,343356_MG,71.17539
MAG11623,343356_MG,21.66465
MAG11624,343357_MG,711.9425
MAG11625,343360_MG,36.871128
MAG11626,343360_MG,26.350466
MAG11627,343360_MG,12.317897
MAG11628,343360_MG,65.14103
MAG11629,343360_MG,83.65093
MAG11630,343360_MG,19.638283
MAG11631,343360_MG,14.569666
MAG11632,343360_MG,128.4828
MAG11633,343360_MG,14.871467
MAG11634,343360_MG,166.44666
MAG11635,343360_MG,49.820396
MAG11636,343360_MG,49.87561
MAG11637,343363_MG,34.641685
MAG11638,343363_MG,2948.0051
MAG11639,343363_MG,155.888
MAG11640,343363_MG,57.562477
MAG11641,343365_MG,19.355093
MAG11642,343368_MG,12.023497
MAG11643,343368_MG,12.492438
MAG11644,343368_MG,41.93524
MAG11645,343368_MG,48.6422
MAG11646,343368_MG,420.90616
MAG11647,343368_MG,46.58873
MAG11648,343368_MG,39.714725
MAG11649,343368_MG,1864.1301
MAG11650,343368_MG,14.249436
MAG11651,343368_MG,10.940342
MAG11652,343368_MG,48.282055
MAG11653,343368_MG,11.39753
MAG11654,343368_MG,70.43907
MAG11655,343368_MG,41.902946
MAG11656,343368_MG,250.88525
MAG11657,343368_MG,326.0082
MAG11658,343368_MG,113.07291
MAG11659,343368_MG,43.17915
MAG11660,343368_MG,11.629907
MAG11661,343368_MG,31.941048
MAG11662,343368_MG,14.866887
MAG11663,343370_MG,15.549004
MAG11664,343370_MG,32.236988
MAG11665,343370_MG,200.48663
MAG11666,343370_MG,10.031718
MAG11667,343370_MG,33.917545
MAG11668,343370_MG,12.743402
MAG11669,343370_MG,10.04678
MAG11670,343370_MG,48.944077
MAG11671,343370_MG,22.373331
MAG11672,343370_MG,24.8671
MAG11673,343370_MG,10.698698
MAG11674,343370_MG,26.38253
MAG11675,343370_MG,214.51434
MAG11676,343373_MG,3083.335
MAG11677,343373_MG,1170.4838
MAG11678,343377_MG,10.386581
MAG11679,343377_MG,63.854797
MAG11680,343377_MG,40.92941
MAG11681,343377_MG,168.20541
MAG11682,343377_MG,597.56665
MAG11683,343377_MG,186.29942
MAG11684,343377_MG,92.533325
MAG11685,343377_MG,14.567116
MAG11686,343377_MG,7.2895675
MAG11687,343378_MG,69.70705
MAG11688,343378_MG,46.33675
MAG11689,343378_MG,119.63465
MAG11690,343378_MG,75.36699
MAG11691,343378_MG,41.851162
MAG11692,343378_MG,694.2282
MAG11693,343378_MG,259.15625
MAG11694,343378_MG,26.226727
MAG11695,343378_MG,82.95576
MAG11696,343378_MG,132.31805
MAG11697,343378_MG,2464.166
MAG11698,343378_MG,89.10899
MAG11699,343381_MG,100.10207
MAG11700,343388_MG,17.63466
MAG11701,343388_MG,411.61768
MAG11702,343388_MG,27.325005
MAG11703,343389_MG,58.43881
MAG11704,343393_MG,164.93498
MAG11705,343393_MG,356.58023
MAG11706,343393_MG,266.26144
MAG11707,343393_MG,38.90822
MAG11708,343393_MG,185.42664
MAG11709,343393_MG,51.635666
MAG11710,343393_MG,48.264343
MAG11711,343393_MG,118.79613
MAG11712,343393_MG,24.760015
MAG11713,343393_MG,41.10039
MAG11714,343393_MG,141.2266
MAG11715,343393_MG,1812.5437
MAG11716,343393_MG,38.119465
MAG11717,343393_MG,10.01639
MAG11718,343393_MG,11.320188
MAG11719,343393_MG,27.832413
MAG11720,343393_MG,9.105086
MAG11721,343393_MG,64.052635
MAG11722,343393_MG,9.265032
MAG11723,343393_MG,27.356302
MAG11724,343393_MG,2801.6826
MAG11725,343393_MG,13.108181
MAG11726,343393_MG,10.317131
MAG11727,343393_MG,10.6384325
MAG11728,343396_MG,385.0997
MAG11729,343396_MG,74.62021
MAG11730,343398_MG,62.41471
MAG11731,343398_MG,1199.9879
MAG11732,343398_MG,16.328169
MAG11733,343398_MG,23.892288
MAG11734,343401_MG,14.6942835
MAG11735,343401_MG,57.391563
MAG11736,343401_MG,313.99326
MAG11737,343401_MG,60.10432
MAG11738,343401_MG,29.73948
MAG11739,343401_MG,48.163254
MAG11740,343401_MG,18.739443
MAG11741,343402_MG,36.524994
MAG11742,343402_MG,248.09938
MAG11743,343402_MG,29.745127
MAG11744,343402_MG,46.932114
MAG11745,343402_MG,53.806183
MAG11746,343402_MG,8.600475
MAG11747,343406_MG,1515.7626
MAG11748,343406_MG,100.91415
MAG11749,343409_MG,873.47766
MAG11750,343411_MG,16.717518
MAG11751,343411_MG,97.69311
MAG11752,343415_MG,16.484146
MAG11753,343415_MG,38.953484
MAG11754,343415_MG,58.27066
MAG11755,343415_MG,6.3695536
MAG11756,343415_MG,7.7069974
MAG11757,343415_MG,37.33056
MAG11758,343415_MG,25.16525
MAG11759,343415_MG,9.809407
MAG11760,343415_MG,13.541743
MAG11761,343415_MG,15.814401
MAG11762,343415_MG,10.5968685
MAG11763,343415_MG,8.0218
MAG11764,343415_MG,69.060135
MAG11765,343415_MG,13.59227
MAG11766,343415_MG,12.013005
MAG11767,343415_MG,59.8407
MAG11768,343415_MG,15.616108
MAG11769,343415_MG,15.066811
MAG11770,343415_MG,123.51968
MAG11771,343416_MG,18.40071
MAG11772,343416_MG,82.09969
MAG11773,343416_MG,15.789417
MAG11774,343416_MG,43.0053
MAG11775,343416_MG,41.198597
MAG11776,343416_MG,13.1690445
MAG11777,343416_MG,28.473837
MAG11778,343418_MG,103.88029
MAG11779,343418_MG,288.34235
MAG11780,343422_MG,36.838142
MAG11781,343422_MG,6.147724
MAG11782,343422_MG,22.320044
MAG11783,343422_MG,5.3404403
MAG11784,343422_MG,7.9213643
MAG11785,343422_MG,307.4922
MAG11786,343422_MG,31.027134
MAG11787,343422_MG,59.94157
MAG11788,343422_MG,15.497434
MAG11789,343422_MG,58.848
MAG11790,343422_MG,45.568245
MAG11791,343422_MG,109.79581
MAG11792,343424_MG,1076.8025
MAG11793,343424_MG,273.34738
MAG11794,343425_MG,371.9823
MAG11795,343432_MG,529.7975
MAG11796,343434_MG,13.693708
MAG11797,343434_MG,8.285356
MAG11798,343434_MG,96.67009
MAG11799,343434_MG,8.928291
MAG11800,343434_MG,16.271433
MAG11801,343434_MG,18.222204
MAG11802,343434_MG,26.966867
MAG11803,343434_MG,20.698954
MAG11804,343434_MG,14.672288
MAG11805,343434_MG,54.42067
MAG11806,343434_MG,32.61754
MAG11807,343435_MG,142.05458
MAG11808,343435_MG,328.44308
MAG11809,343435_MG,308.00262
MAG11810,343435_MG,51.637028
MAG11811,343435_MG,22.375345
MAG11812,343435_MG,203.72546
MAG11813,343435_MG,127.136055
MAG11814,343435_MG,14.184514
MAG11815,343435_MG,138.67413
MAG11816,343435_MG,24.816519
MAG11817,343435_MG,19.52292
MAG11818,343435_MG,25.478926
MAG11819,343435_MG,21.363039
MAG11820,343435_MG,361.03308
MAG11821,343435_MG,29.291256
MAG11822,343439_MG,493.0218
MAG11823,343442_MG,22.311808
MAG11824,343442_MG,12.156264
MAG11825,343442_MG,18.646097
MAG11826,343442_MG,49.479668
MAG11827,343442_MG,4468.1807
MAG11828,343442_MG,50.346146
MAG11829,343442_MG,81.52958
MAG11830,343442_MG,173.01642
MAG11831,343442_MG,33.35795
MAG11832,343442_MG,50.210968
MAG11833,343442_MG,39.933956
MAG11834,343442_MG,40.66278
MAG11835,343442_MG,76.06072
MAG11836,343442_MG,15.638453
MAG11837,343444_MG,12.137194
MAG11838,343444_MG,320.6964
MAG11839,343444_MG,25.847376
MAG11840,343446_MG,75.72899
MAG11841,343446_MG,35.71404
MAG11842,343446_MG,20.770678
MAG11843,343446_MG,10.128011
MAG11844,343446_MG,7.897508
MAG11845,343446_MG,17.59316
MAG11846,343449_MG,7.947082
MAG11847,343449_MG,641.1527
MAG11848,343449_MG,14.223692
MAG11849,343449_MG,43.90504
MAG11850,343449_MG,17.088865
MAG11851,343449_MG,11.397884
MAG11852,343449_MG,6.7239985
MAG11853,343452_MG,16.096495
MAG11854,343452_MG,147.91502
MAG11855,343452_MG,99.54557
MAG11856,343454_MG,461.5264
MAG11857,343454_MG,1760.8102
MAG11858,343457_MG,98.86603
MAG11859,343457_MG,36.25657
MAG11860,343457_MG,292.14297
MAG11861,343459_MG,29.365044
MAG11862,343459_MG,51.32008
MAG11863,343463_MG,94.92672
MAG11864,343464_MG,42.896305
MAG11865,343464_MG,23.655357
MAG11866,343464_MG,65.95219
MAG11867,343464_MG,456.10712
MAG11868,343464_MG,101.14089
MAG11869,343464_MG,9.80163
MAG11870,343464_MG,96.92481
MAG11871,343464_MG,18.14257
MAG11872,343464_MG,208.33012
MAG11873,343464_MG,50.354904
MAG11874,343464_MG,28.66188
MAG11875,343464_MG,110.46075
MAG11876,343464_MG,41.302788
MAG11877,343464_MG,31.47509
MAG11878,343466_MG,648.43945
MAG11879,343466_MG,674.5073
MAG11880,343466_MG,9.650613
MAG11881,343469_MG,239.88208
MAG11882,343471_MG,105.024506
MAG11883,343471_MG,740.1779
MAG11884,343471_MG,506.13516
MAG11885,343474_MG,9.598189
MAG11886,343474_MG,7.0336432
MAG11887,343474_MG,8.435168
MAG11888,343474_MG,10.197816
MAG11889,343474_MG,81.425125
MAG11890,343474_MG,9.5713
MAG11891,343474_MG,7.88895
MAG11892,343474_MG,13.16521
MAG11893,343474_MG,53.315166
MAG11894,343474_MG,9.077299
MAG11895,343474_MG,25.199865
MAG11896,343474_MG,20.596169
MAG11897,343474_MG,8.568413
MAG11898,343474_MG,131.95393
MAG11899,343477_MG,14.173278
MAG11900,343477_MG,16.730389
MAG11901,343479_MG,24.154137
MAG11902,343479_MG,29.265442
MAG11903,343479_MG,33.026367
MAG11904,343479_MG,196.60423
MAG11905,343479_MG,54.74473
MAG11906,343479_MG,24.119682
MAG11907,343479_MG,95.72799
MAG11908,343483_MG,66.0294
MAG11909,343483_MG,34.77101
MAG11910,343483_MG,65.25399
MAG11911,343483_MG,52.857014
MAG11912,343483_MG,324.42355
MAG11913,343483_MG,140.29172
MAG11914,343483_MG,135.33258
MAG11915,343483_MG,33.168
MAG11916,343483_MG,41.76128
MAG11917,343483_MG,12.846853
MAG11918,343483_MG,27.890005
MAG11919,343483_MG,16.946865
MAG11920,343483_MG,161.90417
MAG11921,343483_MG,52.345413
MAG11922,343483_MG,30.520954
MAG11923,343483_MG,20.614315
MAG11924,343483_MG,43.744476
MAG11925,343483_MG,745.4279
MAG11926,343483_MG,339.3907
MAG11927,343489_MG,63.076664
MAG11928,343489_MG,35.917988
MAG11929,343489_MG,203.52885
MAG11930,343489_MG,49.737087
MAG11931,343489_MG,171.60263
MAG11932,343489_MG,97.607086
MAG11933,343493_MG,102.25732
MAG11934,343493_MG,43.350235
MAG11935,343493_MG,1646.2496
MAG11936,343494_MG,95.99558
MAG11937,343494_MG,29.958025
MAG11938,343494_MG,205.54503
MAG11939,343494_MG,429.2477
MAG11940,343494_MG,21.66757
MAG11941,343494_MG,57.731182
MAG11942,343494_MG,12.748337
MAG11943,343494_MG,15.25435
MAG11944,343498_MG,39.581913
MAG11945,343498_MG,72.1292
MAG11946,343498_MG,112.60973
MAG11947,343498_MG,106.62549
MAG11948,343498_MG,13.630573
MAG11949,343498_MG,60.767296
MAG11950,343498_MG,379.16183
MAG11951,343498_MG,12.777654
MAG11952,343498_MG,75.29628
MAG11953,343498_MG,215.15683
MAG11954,343498_MG,80.90972
MAG11955,343498_MG,50.715614
MAG11956,343498_MG,45.9977
MAG11957,343498_MG,9.275256
MAG11958,343498_MG,138.96712
MAG11959,343498_MG,41.72534
MAG11960,343498_MG,432.06348
MAG11961,343499_MG,74.28024
MAG11962,343499_MG,11.673875
MAG11963,343500_MG,78.49855
MAG11964,343500_MG,26.805544
MAG11965,343500_MG,179.00475
MAG11966,343504_MG,17.320642
MAG11967,343504_MG,329.64938
MAG11968,343504_MG,1222.4586
MAG11969,343504_MG,254.73735
MAG11970,343504_MG,49.08149
MAG11971,343504_MG,49.581333
MAG11972,343504_MG,19.042109
MAG11973,343504_MG,22.546085
MAG11974,343504_MG,92.69709
MAG11975,343504_MG,46.392433
MAG11976,343504_MG,11.397608
MAG11977,343504_MG,384.94855
MAG11978,343506_MG,66.44822
MAG11979,343506_MG,16.945541
MAG11980,343506_MG,33.828594
MAG11981,343506_MG,33.136776
MAG11982,343506_MG,37.605976
MAG11983,343506_MG,65.62808
MAG11984,343506_MG,16.387377
MAG11985,343506_MG,16.153212
MAG11986,343506_MG,24.504286
MAG11987,343506_MG,17.444572
MAG11988,343506_MG,56.87353
MAG11989,343506_MG,13.068102
MAG11990,343506_MG,42.778824
MAG11991,343506_MG,40.06099
MAG11992,343509_MG,102.98929
MAG11993,343509_MG,46.619587
MAG11994,343511_MG,612.4266
MAG11995,343511_MG,95.86022
MAG11996,343514_MG,6.7936115
MAG11997,343514_MG,76.015594
MAG11998,343514_MG,15.493518
MAG11999,343514_MG,38.406075
MAG12000,343514_MG,12.785098
MAG12001,343514_MG,46.75687
MAG12002,343514_MG,50.776196
MAG12003,343514_MG,62.940094
MAG12004,343514_MG,45.817005
MAG12005,343514_MG,36.43814
MAG12006,343514_MG,11.257423
MAG12007,343514_MG,29.18324
MAG12008,343514_MG,11.917689
MAG12009,343514_MG,11.588024
MAG12010,343514_MG,6.1380954
MAG12011,343514_MG,7.0573745
MAG12012,343517_MG,88.42811
MAG12013,343517_MG,111.83671
MAG12014,343517_MG,1491.9447
MAG12015,343517_MG,20.962393
MAG12016,343517_MG,44.560074
MAG12017,343517_MG,9.470693
MAG12018,343517_MG,56.415787
MAG12019,343517_MG,36.742508
MAG12020,343517_MG,12.572805
MAG12021,343517_MG,17.799128
MAG12022,343517_MG,42.988914
MAG12023,343517_MG,9.057218
MAG12024,343517_MG,57.628876
MAG12025,343520_MG,319.10934
MAG12026,343522_MG,10.487536
MAG12027,343522_MG,11.603325
MAG12028,343522_MG,55.458633
MAG12029,343522_MG,54.917366
MAG12030,343522_MG,13.633755
MAG12031,343522_MG,559.80096
MAG12032,343522_MG,570.7417
MAG12033,343522_MG,66.63056
MAG12075,343532_MG,16.194368
MAG12076,343532_MG,11.001725
MAG12077,343532_MG,9.059434
MAG12078,343532_MG,46.954697
MAG12079,343532_MG,10.366422
MAG12080,343532_MG,11.190655
MAG12081,343532_MG,9.873695
MAG12082,343532_MG,10.612
MAG12083,343540_MG,45.27437
MAG12084,343540_MG,79.157265
MAG12085,343540_MG,29.513016
MAG12086,343540_MG,12.818042
MAG12087,343540_MG,39.325874
MAG12088,343540_MG,8.292624
MAG12089,343540_MG,8.67009
MAG12090,343540_MG,56.949917
MAG12091,343540_MG,49.08218
MAG12092,343540_MG,7.637439
MAG12093,343540_MG,10.160385
MAG12094,343540_MG,15.355565
MAG12095,343540_MG,10.676102
MAG12096,343540_MG,31.687632
MAG12097,343540_MG,9.581656
MAG12098,343540_MG,2539.2827
MAG12099,343543_MG,354.5916
MAG12100,343543_MG,15.3467245
MAG12101,343543_MG,12.88603
MAG12102,343543_MG,273.75134
MAG12103,343543_MG,128.32704
MAG12104,343543_MG,37.37812
MAG12105,343543_MG,73.39873
MAG12106,343543_MG,16.876814
MAG12107,343543_MG,22.381271
MAG12108,343543_MG,405.9753
MAG12109,343543_MG,135.05046
MAG12110,343543_MG,189.01656
MAG12111,343543_MG,70.78048
MAG12112,343543_MG,13.395186
MAG12113,343543_MG,9.595794
MAG12114,343543_MG,24.69667
MAG12115,343543_MG,16.191431
MAG12116,343543_MG,18.484764
MAG12117,343543_MG,79.993515
MAG12118,343543_MG,124.71958
MAG12119,343543_MG,21.517033
MAG12120,343543_MG,20.86072
MAG12121,343545_MG,59.942524
MAG12122,343545_MG,2859.653
MAG12123,343545_MG,578.2042
MAG12124,343547_MG,72.61101
MAG12125,343547_MG,1147.3729
MAG12126,343547_MG,46.769188
MAG12127,343547_MG,155.79825
MAG12128,343547_MG,278.96335
MAG12129,343550_MG,12.345745
MAG12130,343554_MG,265.67816
MAG12131,343554_MG,158.69707
MAG12132,343555_MG,25.976007
MAG12133,343555_MG,1230.4583
MAG12134,343557_MG,98.90072
MAG12135,343560_MG,157.2101
MAG12136,343560_MG,18.324547
MAG12137,343563_MG,19.17189
MAG12138,343563_MG,50.838593
MAG12139,343563_MG,51.391396
MAG12140,343563_MG,1917.1477
MAG12141,343563_MG,137.47345
MAG12142,343563_MG,21.755146
MAG12143,343563_MG,7.8217473
MAG12144,343563_MG,16.74526
MAG12145,343563_MG,10.022873
MAG12146,343563_MG,14.454636
MAG12147,343563_MG,64.91513
MAG12148,343563_MG,137.83418
MAG12149,343563_MG,19.999035
MAG12150,343570_MG,17.964464
MAG12151,343570_MG,14.242793
MAG12152,343570_MG,27.473663
MAG12153,343574_MG,18.89306
MAG12154,343574_MG,272.88727
MAG12155,343574_MG,902.03796
MAG12156,343576_MG,31.099411
MAG12157,343576_MG,259.9155
MAG12158,343576_MG,113.02857
MAG12159,343576_MG,121.51512
MAG12160,343576_MG,17.679058
MAG12161,343576_MG,21.466904
MAG12162,343576_MG,186.7242
MAG12163,343576_MG,11.915885
MAG12164,343576_MG,58.31654
MAG12165,343576_MG,15.765244
MAG12166,343576_MG,76.14138
MAG12167,343576_MG,293.5247
MAG12168,343576_MG,68.77642
MAG12169,343576_MG,45.34507
MAG12170,343576_MG,8.741634
MAG12171,343576_MG,109.45611
MAG12172,343576_MG,69.41172
MAG12173,343576_MG,8.646591
MAG12174,343576_MG,42.71923
MAG12175,343576_MG,48.513767
MAG12176,343576_MG,20.683727
MAG12177,343576_MG,55.95782
MAG12178,343576_MG,150.2425
MAG12179,343576_MG,7.102064
MAG12180,343576_MG,8.315797
MAG12181,343576_MG,8.522037
MAG12182,343576_MG,13.038987
MAG12183,343576_MG,126.02536
MAG12184,343576_MG,37.313942
MAG12185,343576_MG,570.2315
MAG12186,343578_MG,16.76699
MAG12187,343578_MG,73.40826
MAG12188,343578_MG,50.5317
MAG12189,343578_MG,26.90397
MAG12190,343578_MG,183.80618
MAG12191,343578_MG,37.90205
MAG12192,343581_MG,83.990036
MAG12193,343581_MG,210.59415
MAG12194,343583_MG,19.462605
MAG12195,343583_MG,11.216691
MAG12196,343583_MG,29.32537
MAG12197,343583_MG,49.15034
MAG12198,343586_MG,138.68031
MAG12199,343586_MG,148.26938
MAG12200,343586_MG,43.085976
MAG12201,343586_MG,268.16385
MAG12202,343586_MG,144.29298
MAG12203,343586_MG,11.966142
MAG12204,343586_MG,11.3614435
MAG12205,343586_MG,13.254987
MAG12206,343586_MG,39.80937
MAG12207,343586_MG,328.15704
MAG12208,343586_MG,68.46675
MAG12209,343586_MG,44.176903
MAG12210,343586_MG,42.413586
MAG12211,343586_MG,24.432993
MAG12212,343586_MG,11.982755
MAG12213,343586_MG,14.930881
MAG12214,343586_MG,2231.9402
MAG12215,343586_MG,193.80363
MAG12216,343586_MG,13.163267
MAG12217,343586_MG,33.656475
MAG12218,343586_MG,169.97055
MAG12219,343586_MG,1526.9752
MAG12220,343588_MG,13.845602
MAG12221,343588_MG,54.70018
MAG12222,343588_MG,9.763251
MAG12223,343588_MG,139.75377
MAG12224,343588_MG,11.060009
MAG12225,343588_MG,17.349478
MAG12226,343588_MG,262.73068
MAG12227,343588_MG,1488.6703
MAG12228,343588_MG,31.961485
MAG12229,343588_MG,63.604275
MAG12230,343588_MG,15.576707
MAG12231,343588_MG,68.587906
MAG12232,343588_MG,31.200617
MAG12233,343588_MG,11.688241
MAG12234,343588_MG,550.39856
MAG12235,343588_MG,111.27308
MAG12236,343592_MG,2718.0903
MAG12237,343593_MG,79.32899
MAG12238,343593_MG,59.84241
MAG12239,343593_MG,393.70184
MAG12240,343593_MG,136.42009
MAG12241,343593_MG,167.73863
MAG12242,343593_MG,511.56854
MAG12243,343593_MG,67.14606
MAG12244,343593_MG,889.8264
MAG12245,343593_MG,317.5421
MAG12246,343594_MG,26.220064
MAG12247,343594_MG,1815.041
MAG12248,343598_MG,29.715204
MAG12249,343598_MG,41.37305
MAG12250,343598_MG,35.228016
MAG12251,343598_MG,104.29373
MAG12252,343598_MG,72.834
MAG12253,343598_MG,207.5981
MAG12254,343598_MG,180.37688
MAG12255,343598_MG,53.101864
MAG12256,343598_MG,89.00483
MAG12257,343598_MG,47.7168
MAG12258,343598_MG,28.67471
MAG12259,343598_MG,185.93793
MAG12260,343598_MG,290.0205
MAG12261,343598_MG,85.628746
MAG12262,343598_MG,85.350655
MAG12263,343598_MG,45.824894
MAG12264,343598_MG,496.96503
MAG12265,343598_MG,70.189384
MAG12266,343598_MG,70.28479
MAG12267,343598_MG,356.28723
MAG12268,343598_MG,160.8633
MAG12269,343598_MG,31.656376
MAG12270,343598_MG,48.184628
MAG12271,343599_MG,929.41986
MAG12272,343599_MG,11.819702
MAG12273,343599_MG,10.268939
MAG12274,343599_MG,24.398237
MAG12275,343599_MG,157.05412
MAG12276,343599_MG,121.428375
MAG12277,343599_MG,16.657022
MAG12278,343599_MG,51.95045
MAG12279,343599_MG,25.149178
MAG12280,343599_MG,63.57447
MAG12281,343599_MG,95.14357
MAG12282,343603_MG,12.639611
MAG12283,343603_MG,31.28192
MAG12284,343603_MG,5.856138
MAG12285,343603_MG,163.8187
MAG12286,343603_MG,79.46298
MAG12287,343603_MG,7.988342
MAG12288,343603_MG,28.741508
MAG12289,343603_MG,7.288832
MAG12290,343603_MG,164.23772
MAG12291,343603_MG,10.462663
MAG12292,343603_MG,8.197295
MAG12293,343603_MG,84.17892
MAG12294,343603_MG,22.711323
MAG12295,343603_MG,9.756356
MAG12296,343603_MG,12.285161
MAG12297,343603_MG,150.6968
MAG12298,343603_MG,50.371986
MAG12299,343603_MG,103.45481
MAG12300,343603_MG,9.3600025
MAG12301,343603_MG,23.944187
MAG12302,343603_MG,36.843426
MAG12303,343603_MG,18.744293
MAG12304,343603_MG,36.54164
MAG12305,343603_MG,7.2608924
MAG12306,343603_MG,9.500845
MAG12307,343603_MG,207.508
MAG12308,343603_MG,11.821809
MAG12309,343603_MG,17.77619
MAG12310,343606_MG,900.6888
MAG12311,343608_MG,3590.0115
MAG12312,343612_MG,40.578575
MAG12313,343612_MG,55.184616
MAG12314,343612_MG,110.21773
MAG12315,343612_MG,23.531767
MAG12316,343612_MG,14.683847
MAG12317,343612_MG,196.72902
MAG12318,343613_MG,23.303112
MAG12319,343613_MG,1762.9144
MAG12320,343616_MG,91.90517
MAG12321,343616_MG,152.01297
MAG12322,343616_MG,316.24286
MAG12323,343616_MG,18.814207
MAG12324,343616_MG,9.627192
MAG12325,343616_MG,14.184543
MAG12326,343616_MG,8.925155
MAG12327,343616_MG,8.436789
MAG12328,343618_MG,2584.7124
MAG12329,343619_MG,25.81196
MAG12330,343619_MG,231.2687
MAG12331,343619_MG,261.89172
MAG12332,343619_MG,32.74467
MAG12333,343619_MG,162.81563
MAG12334,343619_MG,12.195829
MAG12335,343619_MG,16.720592
MAG12336,343619_MG,83.20952
MAG12337,343619_MG,135.62253
MAG12338,343619_MG,239.02008
MAG12339,343619_MG,12.222493
MAG12340,343619_MG,548.49176
MAG12341,343619_MG,14.4265
MAG12342,343619_MG,85.840935
MAG12343,343619_MG,1210.8108
MAG12344,343619_MG,14.769177
MAG12345,343619_MG,564.1183
MAG12346,343619_MG,18.896017
MAG12347,343619_MG,290.2912
MAG12348,343619_MG,23.44786
MAG12349,343619_MG,209.0575
MAG12350,343619_MG,211.70714
MAG12351,343619_MG,61.683224
MAG12352,343619_MG,71.458115
MAG12353,343623_MG,174.96599
MAG12354,343625_MG,2031.7393
MAG12355,343628_MG,17.199636
MAG12356,343628_MG,322.59164
MAG12357,343628_MG,212.2553
MAG12358,343628_MG,17.310713
MAG12359,343629_MG,175.04694
MAG12360,343629_MG,36.542027
MAG12361,343629_MG,24.085918
MAG12362,343629_MG,27.070026
MAG12363,343629_MG,20.906279
MAG12364,343629_MG,6.6882825
MAG12365,343629_MG,16.589373
MAG12366,343629_MG,9.91287
MAG12367,343629_MG,67.09609
MAG12368,343629_MG,34.090206
MAG12369,343629_MG,11.409885
MAG12370,343629_MG,9.481413
MAG12371,343629_MG,472.75034
MAG12372,343629_MG,32.320625
MAG12373,343633_MG,17.634424
MAG12374,343633_MG,14.1235895
MAG12375,343633_MG,11.147435
MAG12376,343633_MG,29.07356
MAG12377,343633_MG,181.16637
MAG12378,343633_MG,187.07526
MAG12379,343633_MG,128.44995
MAG12380,343633_MG,27.257269
MAG12381,343633_MG,26.988123
MAG12382,343633_MG,755.55115
MAG12383,343633_MG,95.245865
MAG12384,343633_MG,33.91428
MAG12385,343633_MG,38.526554
MAG12386,343633_MG,14.440337
MAG12387,343633_MG,18.80852
MAG12388,343633_MG,14.252225
MAG12389,343633_MG,9.9019985
MAG12390,343633_MG,9.708186
MAG12391,343636_MG,14.6813135
MAG12392,343636_MG,36.95874
MAG12393,343636_MG,51.072067
MAG12394,343636_MG,97.03429
MAG12395,343636_MG,11.452243
MAG12396,343636_MG,11.274405
MAG12397,343636_MG,2967.541
MAG12398,343636_MG,26.403326
MAG12399,343636_MG,437.67487
MAG12400,343636_MG,20.7932
MAG12401,343636_MG,113.3988
MAG12402,343636_MG,20.891296
MAG12403,343638_MG,26.489996
MAG12404,343638_MG,177.23555
MAG12405,343638_MG,58.482834
MAG12406,343638_MG,92.81202
MAG12407,343638_MG,220.34349
MAG12408,343638_MG,159.22038
MAG12409,343638_MG,153.80127
MAG12410,343638_MG,229.5508
MAG12411,343638_MG,53.478855
MAG12412,343638_MG,23.317822
MAG12413,343638_MG,122.742874
MAG12414,343638_MG,32.854164
MAG12415,343638_MG,16.838747
MAG12416,343638_MG,56.13507
MAG12417,343638_MG,396.74997
MAG12418,343638_MG,23.482317
MAG12419,343638_MG,72.707275
MAG12420,343638_MG,31.604256
MAG12421,343638_MG,344.3373
MAG12422,343640_MG,212.69408
MAG12423,343640_MG,9.107565
MAG12424,343640_MG,12.786748
MAG12425,343640_MG,50.663795
MAG12426,343640_MG,104.954636
MAG12427,343640_MG,119.41914
MAG12428,343640_MG,301.33252
MAG12429,343640_MG,8.791646
MAG12430,343640_MG,27.228535
MAG12431,343640_MG,10.480556
MAG12432,343640_MG,18.399315
MAG12433,343640_MG,82.53987
MAG12434,343640_MG,191.69635
MAG12435,343640_MG,59.74921
MAG12436,343640_MG,126.47343
MAG12437,343640_MG,35.705627
MAG12438,343640_MG,154.92574
MAG12439,343640_MG,15.420866
MAG12440,343640_MG,300.15237
MAG12441,343640_MG,62.516323
MAG12442,343640_MG,1055.4073
MAG12443,343640_MG,6.767383
MAG12444,343640_MG,21.449408
MAG12445,343640_MG,195.91496
MAG12446,343643_MG,69.89822
MAG12447,343643_MG,40.23072
MAG12448,343643_MG,11.202278
MAG12449,343643_MG,13.175424
MAG12450,343643_MG,14.124079
MAG12451,343643_MG,30.862156
MAG12452,343643_MG,15.392881
MAG12453,343643_MG,19.486256
MAG12454,343643_MG,82.187775
MAG12455,343643_MG,7.770551
MAG12456,343643_MG,9.340971
MAG12457,343643_MG,52.47982
MAG12458,343643_MG,6.849862
MAG12459,343643_MG,29.523685
MAG12460,343643_MG,12.243923
MAG12461,343643_MG,60.68503
MAG12462,343643_MG,86.62509
MAG12463,343643_MG,14.223026
MAG12464,343643_MG,23.281044
MAG12465,343643_MG,22.046228
MAG12466,343643_MG,12.746154
MAG12467,343643_MG,13.738096
MAG12468,343643_MG,46.242542
MAG12469,343643_MG,60.43007
MAG12470,343647_MG,77.447014
MAG12471,343647_MG,95.232414
MAG12472,343647_MG,7.697744
MAG12473,343647_MG,10.512528
MAG12474,343647_MG,40.413685
MAG12475,343647_MG,38.520294
MAG12476,343647_MG,2408.7473
MAG12477,343647_MG,74.58723
MAG12478,343647_MG,624.17975
MAG12479,343647_MG,226.52565
MAG12480,343647_MG,306.0295
MAG12481,343648_MG,26.883219
MAG12482,343648_MG,33.16626
MAG12483,343648_MG,17.581978
MAG12484,343648_MG,54.37184
MAG12485,343648_MG,9.591672
MAG12486,343648_MG,779.93976
MAG12487,343651_MG,40.685135
MAG12488,343651_MG,564.6546
MAG12489,343653_MG,76.069466
MAG12490,343653_MG,19.003733
MAG12491,343653_MG,99.99485
MAG12492,343653_MG,16.13942
MAG12493,343653_MG,23.76362
MAG12494,343653_MG,9.510173
MAG12495,343653_MG,26.68838
MAG12496,343653_MG,12.034983
MAG12497,343653_MG,9.524134
MAG12498,343653_MG,12.02226
MAG12499,343653_MG,124.73395
MAG12500,343653_MG,13.932508
MAG12501,343653_MG,12.161677
MAG12502,343653_MG,11.74293
MAG12503,343654_MG,1171.689
MAG12504,343654_MG,187.922
MAG12505,343661_MG,809.8434
MAG12506,343664_MG,383.12762
MAG12507,343664_MG,276.58658
MAG12508,343666_MG,58.811974
MAG12509,343666_MG,107.77858
MAG12510,343666_MG,13.314654
MAG12511,343666_MG,2484.5398
MAG12512,343666_MG,13.366153
MAG12513,343666_MG,59.304985
MAG12514,343666_MG,54.69359
MAG12515,343666_MG,18.815506
MAG12516,343666_MG,14.567215
MAG12517,343666_MG,95.28479
MAG12518,343666_MG,48.073074
MAG12519,343666_MG,94.467896
MAG12520,343669_MG,19.208942
MAG12521,343669_MG,95.93123
MAG12522,343669_MG,139.1466
MAG12523,343671_MG,21.688541
MAG12524,343671_MG,1567.1205
MAG12525,343671_MG,648.30566
MAG12526,343672_MG,804.4221
MAG12527,343676_MG,20.17477
MAG12528,343676_MG,8.299433
MAG12529,343676_MG,59.38962
MAG12530,343676_MG,16.394491
MAG12531,343676_MG,28.885466
MAG12532,343676_MG,8.199235
MAG12533,343676_MG,1613.5607
MAG12534,343676_MG,19.277967
MAG12535,343676_MG,82.66492
MAG12536,343676_MG,16.192469
MAG12537,343676_MG,13.6262665
MAG12538,343676_MG,26.08718
MAG12539,343676_MG,15.913964
MAG12540,343676_MG,237.82072
MAG12541,343676_MG,13.224176
MAG12542,343677_MG,17.393759
MAG12543,343677_MG,16.253702
MAG12544,343677_MG,161.35144
MAG12545,343677_MG,40.785618
MAG12546,343681_MG,10.884989
MAG12547,343681_MG,249.21109
MAG12548,343681_MG,43.81991
MAG12549,343683_MG,686.7508
MAG12550,343686_MG,20.498993
MAG12551,343686_MG,77.52561
MAG12552,343686_MG,862.68964
MAG12553,343688_MG,181.35147
MAG12554,343688_MG,22.081495
MAG12555,343688_MG,19.248354
MAG12556,343688_MG,19.319874
MAG12557,343688_MG,46.435287
MAG12558,343688_MG,16.90244
MAG12559,343688_MG,13.381721
MAG12560,343688_MG,140.17647
MAG12561,343688_MG,8.063867
MAG12562,343688_MG,10.353036
MAG12563,343688_MG,28.97232
MAG12564,343688_MG,38.032986
MAG12565,343688_MG,12.969134
MAG12566,343688_MG,25.678265
MAG12567,343688_MG,125.32849
MAG12568,343688_MG,9.406783
MAG12569,343688_MG,147.63466
MAG12570,343688_MG,6.616466
MAG12571,343688_MG,68.1039
MAG12572,343688_MG,313.01376
MAG12573,343688_MG,8.594893
MAG12574,343688_MG,38.914394
MAG12575,343688_MG,9.264689
MAG12576,343688_MG,43.04642
MAG12577,343688_MG,114.77307
MAG12578,343688_MG,295.7787
MAG12579,343691_MG,46.08463
MAG12580,343691_MG,127.95584
MAG12581,343691_MG,91.746315
MAG12582,343691_MG,43.64537
MAG12583,343691_MG,186.17598
MAG12584,343691_MG,10.853589
MAG12585,343694_MG,13.407339
MAG12586,343694_MG,12.870153
MAG12587,343694_MG,17.340002
MAG12588,343694_MG,8.612061
MAG12589,343694_MG,78.25876
MAG12590,343694_MG,20.767275
MAG12591,343695_MG,88.99694
MAG12592,343695_MG,74.00586
MAG12593,343699_MG,11.389637
MAG12594,343699_MG,22.567175
MAG12595,343699_MG,13.149511
MAG12596,343699_MG,570.8606
MAG12597,343699_MG,253.05534
MAG12598,343699_MG,6.857114
MAG12599,343699_MG,56.370087
MAG12600,343699_MG,45.5857
MAG12601,343699_MG,108.940216
MAG12602,343699_MG,225.15721
MAG12603,343699_MG,34.168278
MAG12604,343699_MG,24.096146
MAG12605,343699_MG,300.5852
MAG12606,343699_MG,142.04779
MAG12607,343701_MG,188.35994
MAG12608,343701_MG,709.2672
MAG12609,343701_MG,33.86002
MAG12610,343701_MG,526.89874
MAG12611,343701_MG,32.544365
MAG12612,343701_MG,11.243421
MAG12613,343704_MG,239.9332
MAG12614,343704_MG,31.97985
MAG12615,343704_MG,158.9147
MAG12616,343704_MG,221.46217
MAG12617,343704_MG,39.332493
MAG12618,343704_MG,17.980984
MAG12619,343704_MG,24.786398
MAG12620,343704_MG,1463.1632
MAG12621,343704_MG,21.500387
MAG12622,343704_MG,24.104506
MAG12623,343704_MG,18.090326
MAG12624,343704_MG,10.74191
MAG12625,343704_MG,21.598387
MAG12626,343707_MG,17.713608
MAG12627,343707_MG,28.560133
MAG12628,343707_MG,18.956043
MAG12629,343707_MG,753.8751
MAG12630,343707_MG,256.81937
MAG12631,343707_MG,406.58334
MAG12632,343707_MG,68.303406
MAG12633,343707_MG,45.418007
MAG12634,343709_MG,35.754845
MAG12635,343709_MG,1678.994
MAG12636,343709_MG,16.887983
MAG12637,343709_MG,1298.8882
MAG12638,343712_MG,319.46637
MAG12639,343712_MG,42.07684
MAG12640,343712_MG,20.178497
MAG12641,343712_MG,130.30214
MAG12642,343712_MG,40.679653
MAG12643,343712_MG,19.017979
MAG12644,343712_MG,11.3927555
MAG12645,343712_MG,46.04825
MAG12646,343712_MG,194.06703
MAG12647,343712_MG,59.611923
MAG12648,343714_MG,11.982149
MAG12649,343714_MG,3020.5967
MAG12650,343714_MG,501.40466
MAG12651,343714_MG,42.260525
MAG12652,343714_MG,12.136523
MAG12653,343716_MG,10.841387
MAG12654,343716_MG,395.5763
MAG12655,343716_MG,55.439575
MAG12656,343716_MG,1511.271
MAG12657,343716_MG,8.086855
MAG12658,343719_MG,36.437435
MAG12659,343719_MG,150.71405
MAG12660,343719_MG,22.335573
MAG12661,343719_MG,79.940506
MAG12662,343719_MG,7.6590176
MAG12663,343719_MG,5.659991
MAG12664,343720_MG,120.94888
MAG12665,343724_MG,14.503652
MAG12666,343724_MG,30.75642
MAG12667,343724_MG,19.057238
MAG12668,343724_MG,56.20112
MAG12669,343724_MG,9.739038
MAG12670,343724_MG,9.04943
MAG12671,343724_MG,10.822689
MAG12672,343724_MG,52.309937
MAG12673,343724_MG,59.010574
MAG12674,343724_MG,49.86688
MAG12675,343724_MG,13.663681
MAG12676,343724_MG,10.95159
MAG12677,343724_MG,491.32983
MAG12678,343724_MG,14.099341
MAG12679,343724_MG,7.113138
MAG12680,343724_MG,162.14041
MAG12681,343724_MG,20.28533
MAG12682,343724_MG,9.041546
MAG12683,343724_MG,11.565693
MAG12684,343724_MG,153.30467
MAG12685,343724_MG,219.81087
MAG12686,343724_MG,75.86867
MAG12687,343726_MG,66.88663
MAG12688,343726_MG,262.4543
MAG12689,343726_MG,900.9779
MAG12690,343726_MG,72.67928
MAG12691,343726_MG,13.510966
MAG12692,343729_MG,64.22776
MAG12693,343729_MG,179.80978
MAG12694,343729_MG,3048.8027
MAG12695,343729_MG,47.29554
MAG12696,343729_MG,202.3157
MAG12697,343729_MG,269.4068
MAG12698,343729_MG,147.95097
MAG12699,343729_MG,21.762383
MAG12700,343729_MG,9.641318
MAG12701,343729_MG,94.28266
MAG12702,343729_MG,69.20905
MAG12703,343729_MG,18.906548
MAG12704,343729_MG,102.73947
MAG12705,343729_MG,20.775906
MAG12706,343731_MG,1401.6086
MAG12707,343734_MG,62.092045
MAG12708,343734_MG,167.64229
MAG12709,343734_MG,30.068596
MAG12710,343734_MG,11.6988
MAG12711,343734_MG,111.35298
MAG12712,343734_MG,12.647015
MAG12713,343734_MG,23.602068
MAG12714,343734_MG,8.070285
MAG12715,343734_MG,10.312279
MAG12716,343734_MG,550.3879
MAG12717,343734_MG,35.113106
MAG12718,343735_MG,242.5522
MAG12719,343744_MG,11.470669
MAG12720,343744_MG,366.10385
MAG12721,343744_MG,6.988039
MAG12722,343748_MG,44.006977
MAG12723,343748_MG,17.189999
MAG12724,343748_MG,67.721275
MAG12725,343748_MG,10.467771
MAG12726,343748_MG,1465.4844
MAG12727,343748_MG,29.071566
MAG12728,343748_MG,20.548098
MAG12729,343748_MG,7.1045723
MAG12730,343748_MG,50.43045
MAG12731,343748_MG,17.250286
MAG12732,343748_MG,7.729832
MAG12733,343748_MG,15.004339
MAG12734,343748_MG,9.316824
MAG12735,343748_MG,23.370855
MAG12736,343748_MG,365.5297
MAG12737,343748_MG,119.72166
MAG12738,343748_MG,67.61068
MAG12739,343748_MG,9.056714
MAG12740,343748_MG,58.454655
MAG12741,343748_MG,126.1453
MAG12742,343748_MG,22.671755
MAG12743,343748_MG,151.87268
MAG12744,343748_MG,131.34888
MAG12745,343749_MG,21.889936
MAG12746,343749_MG,591.29724
MAG12747,343749_MG,97.98985
MAG12748,343750_MG,519.3466
MAG12749,343750_MG,2775.6763
MAG12750,343750_MG,37.18984
MAG12751,343754_MG,24.251842
MAG12752,343754_MG,451.6207
MAG12753,343754_MG,125.36251
MAG12754,343754_MG,15.673441
MAG12755,343755_MG,39.166996
MAG12756,343755_MG,35.784565
MAG12757,343755_MG,198.13011
MAG12758,343755_MG,7.5079217
MAG12759,343755_MG,156.19771
MAG12760,343755_MG,202.59273
MAG12761,343755_MG,13.926861
MAG12762,343755_MG,39.029625
MAG12763,343755_MG,38.407566
MAG12764,343755_MG,91.759186
MAG12765,343755_MG,10.262846
MAG12766,343755_MG,14.286974
MAG12767,343755_MG,39.54704
MAG12768,343755_MG,20.318499
MAG12769,343755_MG,28.324352
MAG12770,343755_MG,176.29526
MAG12771,343755_MG,19.802284
MAG12772,343755_MG,26.39453
MAG12773,343755_MG,17.567307
MAG12774,343755_MG,14.784615
MAG12775,343755_MG,559.6124
MAG12776,343759_MG,172.746
MAG12777,343759_MG,1933.2548
MAG12778,343762_MG,350.9618
MAG12779,343762_MG,57.761925
MAG12780,343764_MG,8.891736
MAG12781,343764_MG,1411.9645
MAG12782,343764_MG,21.233267
MAG12783,343764_MG,11.778078
MAG12784,343764_MG,36.15588
MAG12785,343764_MG,33.42442
MAG12786,343764_MG,10.369967
MAG12787,343767_MG,31.673235
MAG12788,343767_MG,450.70612
MAG12789,343767_MG,9.710642
MAG12790,343767_MG,41.00665
MAG12791,343767_MG,12.532645
MAG12792,343767_MG,22.016233
MAG12793,343767_MG,36.823437
MAG12794,343767_MG,24.92442
MAG12795,343767_MG,65.771965
MAG12796,343767_MG,28.14491
MAG12797,343767_MG,25.342546
MAG12798,343767_MG,15.217642
MAG12799,343767_MG,19.754183
MAG12800,343768_MG,287.52634
MAG12801,343768_MG,33.033344
MAG12802,343768_MG,97.41164
MAG12803,343768_MG,24.605345
MAG12804,343768_MG,33.354187
MAG12805,343768_MG,16.856852
MAG12806,343768_MG,18.956976
MAG12807,343768_MG,89.65556
MAG12808,343768_MG,142.98631
MAG12809,343768_MG,44.029865
MAG12810,343768_MG,43.530468
MAG12811,343777_MG,10.279288
MAG12812,343777_MG,59.138195
MAG12813,343777_MG,34.929012
MAG12814,343777_MG,11.259031
MAG12815,343777_MG,193.43501
MAG12816,343777_MG,153.07884
MAG12817,343777_MG,13.439667
MAG12818,343780_MG,14.097852
MAG12819,343780_MG,26.348919
MAG12820,343780_MG,19.364655
MAG12821,343780_MG,17.373146
MAG12822,343780_MG,9.20656
MAG12823,343780_MG,10.727068
MAG12824,343780_MG,719.40094
MAG12825,343780_MG,78.43767
MAG12826,343780_MG,20.430063
MAG12827,343780_MG,99.446396
MAG12828,343780_MG,28.301033
MAG12829,343780_MG,19.712246
MAG12830,343780_MG,23.558746
MAG12831,343780_MG,29.315367
MAG12832,343780_MG,26.866407
MAG12833,343780_MG,10.183315
MAG12834,343782_MG,72.61331
MAG12835,343783_MG,235.34026
MAG12836,343792_MG,10.085327
MAG12837,343792_MG,103.366165
MAG12838,343792_MG,7.2387733
MAG12839,343792_MG,167.84122
MAG12840,343792_MG,107.0222
MAG12841,343792_MG,46.789413
MAG12842,343792_MG,57.418552
MAG12843,343792_MG,37.710114
MAG12844,343792_MG,58.09423
MAG12845,343792_MG,17.680069
MAG12846,343792_MG,707.4405
MAG12847,343792_MG,34.2629
MAG12848,343792_MG,12.637217
MAG12849,343792_MG,64.69524
MAG12850,343792_MG,11.823819
MAG12851,343792_MG,12.293645
MAG12852,343792_MG,188.11668
MAG12853,343792_MG,373.10248
MAG12854,343795_MG,286.0074
MAG12855,343797_MG,7.738333
MAG12856,343797_MG,13.3637495
MAG12857,343797_MG,12.080341
MAG12858,343797_MG,56.49231
MAG12859,343797_MG,8.669053
MAG12860,343797_MG,84.68081
MAG12861,343797_MG,67.99394
MAG12862,343797_MG,25.51499
MAG12863,343797_MG,15.537037
MAG12864,343801_MG,247.94547
MAG12865,343801_MG,283.08167
MAG12866,343802_MG,1219.2361
MAG12867,343806_MG,225.41095
MAG12868,343806_MG,12.568956
MAG12869,343806_MG,67.64238
MAG12870,343806_MG,78.88679
MAG12871,343806_MG,19.575432
MAG12872,343806_MG,9.117068
MAG12873,343806_MG,22.007015
MAG12874,343806_MG,111.26918
MAG12875,343806_MG,21.078419
MAG12876,343806_MG,20.031824
MAG12877,343806_MG,14.0242815
MAG12878,343806_MG,10.45421
MAG12879,343806_MG,47.71116
MAG12880,343807_MG,661.772
MAG12881,343808_MG,140.43748
MAG12882,343808_MG,12.344995
MAG12883,343812_MG,190.27147
MAG12884,343812_MG,52.829597
MAG12885,343812_MG,64.21064
MAG12886,343812_MG,279.1271
MAG12887,343812_MG,60.71631
MAG12888,343812_MG,302.16672
MAG12889,343812_MG,15.988159
MAG12890,343812_MG,12.69688
MAG12891,343812_MG,146.59908
MAG12892,343812_MG,29.49437
MAG12893,343812_MG,154.3023
MAG12894,343812_MG,90.0353
MAG12895,343812_MG,57.484493
MAG12896,343812_MG,91.955605
MAG12897,343812_MG,9.318875
MAG12898,343812_MG,81.08157
MAG12899,343812_MG,151.16817
MAG12900,343812_MG,575.75256
MAG12901,343812_MG,9.822604
MAG12902,343812_MG,59.23586
MAG12903,343812_MG,29.696692
MAG12904,343812_MG,185.5137
MAG12905,343812_MG,19.889238
MAG12906,343812_MG,69.49076
MAG12907,343812_MG,1026.4774
MAG12908,343812_MG,10.915004
MAG12909,343812_MG,77.20651
MAG12910,343815_MG,16.455286
MAG12911,343815_MG,545.52856
MAG12912,343815_MG,335.07578
MAG12913,343815_MG,85.8706
MAG12914,343817_MG,13.8106165
MAG12915,343817_MG,55.67154
MAG12916,343817_MG,154.26132
MAG12917,343817_MG,294.40198
MAG12918,343817_MG,25.72658
MAG12919,343817_MG,374.6849
MAG12920,343817_MG,14.830724
MAG12921,343817_MG,21.647179
MAG12922,343817_MG,18.773666
MAG12923,343817_MG,13.89219
MAG12924,343817_MG,38.85561
MAG12925,343817_MG,37.10169
MAG12926,343817_MG,17.801916
MAG12927,343817_MG,154.41087
MAG12928,343820_MG,28.058928
MAG12929,343820_MG,85.29837
MAG12930,343820_MG,65.865685
MAG12931,343820_MG,37.816296
MAG12932,343820_MG,34.829372
MAG12933,343820_MG,19.431637
MAG12934,343820_MG,13.108498
MAG12935,343820_MG,45.82908
MAG12936,343820_MG,38.298927
MAG12937,343820_MG,134.29015
MAG12938,343820_MG,9.187163
MAG12939,343820_MG,159.3775
MAG12940,343820_MG,7.44921
MAG12941,343820_MG,74.876335
MAG12942,343820_MG,2039.8915
MAG12943,343820_MG,10.415397
MAG12944,343820_MG,142.54735
MAG12945,343820_MG,49.297733
MAG12946,343820_MG,9.619247
MAG12947,343820_MG,60.956535
MAG12948,343820_MG,72.154205
MAG12949,343820_MG,14.221849
MAG12950,343820_MG,125.53565
MAG12951,343822_MG,10.704346
MAG12952,343822_MG,434.9906
MAG12953,343822_MG,1038.2268
MAG12954,343822_MG,43.989685
MAG12955,343822_MG,137.49191
MAG12956,343826_MG,11.6870985
MAG12957,343826_MG,19.976973
MAG12958,343826_MG,8.0703535
MAG12959,343826_MG,103.404625
MAG12960,343826_MG,526.39294
MAG12961,343826_MG,20.23124
MAG12962,343826_MG,47.92421
MAG12963,343827_MG,11.02318
MAG12964,343827_MG,59.44252
MAG12965,343827_MG,45.33754
MAG12966,343827_MG,58.716976
MAG12967,343827_MG,9.333193
MAG12968,343827_MG,15.634381
MAG12969,343827_MG,12.384412
MAG12970,343827_MG,22.643156
MAG12971,343827_MG,31.604315
MAG12972,343827_MG,10.152869
MAG12973,343827_MG,110.17327
MAG12974,343827_MG,12.313054
MAG12975,343827_MG,8.291742
MAG12976,343827_MG,8.848663
MAG12977,343827_MG,9.879905
MAG12978,343827_MG,20.873993
MAG12979,343827_MG,10.597159
MAG12980,343827_MG,99.45767
MAG12981,343827_MG,339.89136
MAG12982,343830_MG,29.598759
MAG12983,343830_MG,506.29312
MAG12984,343830_MG,60.89831
MAG12985,343832_MG,16.662752
MAG12986,343832_MG,21.89018
MAG12987,343832_MG,16.94974
MAG12988,343832_MG,362.43854
MAG12989,343832_MG,17.002481
MAG12990,343832_MG,18.546844
MAG12991,343832_MG,9.108402
MAG12992,343832_MG,39.995625
MAG12993,343838_MG,14.578719
MAG12994,343838_MG,53.631123
MAG12995,343838_MG,50.025764
MAG12996,343838_MG,8.114911
MAG12997,343838_MG,6.276427
MAG12998,343838_MG,37.828434
MAG12999,343838_MG,26.971876
MAG13000,343838_MG,13.441574
MAG13001,343838_MG,11.9654455
MAG13002,343838_MG,10.766103
MAG13003,343838_MG,21.625721
MAG13004,343838_MG,14.6246195
MAG13005,343838_MG,24.435852
MAG13006,343838_MG,63.296677
MAG13007,343839_MG,99.80255
MAG13008,343839_MG,17.12179
MAG13009,343839_MG,64.014626
MAG13010,343839_MG,251.733
MAG13011,343839_MG,64.57235
MAG13012,343839_MG,6.982676
MAG13013,343839_MG,9.720893
MAG13014,343839_MG,9.135104
MAG13015,343839_MG,502.19034
MAG13016,343839_MG,13.961859
MAG13017,343839_MG,30.254635
MAG13018,343839_MG,16.39597
MAG13019,343839_MG,5.5808206
MAG13020,343839_MG,8.745175
MAG13021,343846_MG,45.89388
MAG13022,343846_MG,47.335163
MAG13023,343846_MG,215.22469
MAG13024,343846_MG,49.686043
MAG13025,343850_MG,7.18115
MAG13026,343850_MG,31.686665
MAG13027,343850_MG,16.939054
MAG13028,343850_MG,20.520927
MAG13029,343850_MG,352.9771
MAG13030,343850_MG,45.031704
MAG13031,343850_MG,12.855858
MAG13032,343850_MG,33.278557
MAG13033,343850_MG,51.66594
MAG13034,343850_MG,88.787415
MAG13035,343850_MG,124.758064
MAG13036,343851_MG,222.0833
MAG13037,343851_MG,92.26663
MAG13038,343853_MG,319.0392
MAG13039,343853_MG,34.46806
MAG13040,343856_MG,216.48427
MAG13041,343859_MG,33.217064
MAG13042,343859_MG,93.76588
MAG13043,343859_MG,17.59078
MAG13044,343859_MG,65.35718
MAG13045,343859_MG,29.649092
MAG13046,343859_MG,53.913162
MAG13047,343859_MG,108.45732
MAG13048,343859_MG,111.87956
MAG13049,343859_MG,103.91183
MAG13050,343859_MG,40.849876
MAG13051,343861_MG,725.0733
MAG13052,343861_MG,8.896144
MAG13053,343862_MG,268.80838
MAG13054,343866_MG,117.694695
MAG13055,343866_MG,24.167538
MAG13056,343866_MG,42.468227
MAG13057,343866_MG,41.962715
MAG13058,343866_MG,225.12097
MAG13059,343866_MG,22.775965
MAG13060,343866_MG,92.33933
MAG13061,343866_MG,67.748566
MAG13062,343866_MG,23.116446
MAG13063,343866_MG,351.38187
MAG13064,343866_MG,36.429783
MAG13065,343866_MG,23.024065
MAG13066,343866_MG,34.850967
MAG13067,343869_MG,477.4045
MAG13068,343871_MG,8.8744545
MAG13069,343871_MG,58.86004
MAG13070,343871_MG,68.34036
MAG13071,343871_MG,15.806307
MAG13072,343871_MG,10.688084
MAG13073,343871_MG,6.193679
MAG13074,343871_MG,12.866289
MAG13075,343871_MG,7.1200743
MAG13076,343871_MG,8.56307
MAG13077,343871_MG,46.251728
MAG13078,343871_MG,32.040043
MAG13079,343871_MG,7.4000406
MAG13080,343875_MG,1803.9736
MAG13081,343876_MG,33.751225
MAG13082,343876_MG,22.168873
MAG13083,343876_MG,79.00828
MAG13084,343876_MG,107.49188
MAG13085,343876_MG,33.048573
MAG13086,343876_MG,11.327318
MAG13087,343876_MG,18.804905
MAG13088,343876_MG,180.62476
MAG13089,343876_MG,183.475
MAG13090,343876_MG,41.313133
MAG13091,343876_MG,10.876767
MAG13092,343876_MG,7.335242
MAG13093,343876_MG,22.259583
MAG13094,343876_MG,4.9622903
MAG13095,343876_MG,5.3872323
MAG13096,343876_MG,7.3988976
MAG13097,343876_MG,316.67642
MAG13098,343876_MG,132.5674
MAG13099,343876_MG,85.62966
MAG13100,343876_MG,10.565864
MAG13101,343876_MG,61.395443
MAG13102,343876_MG,23.678709
MAG13103,343876_MG,70.03658
MAG13104,343879_MG,12.717535
MAG13105,343879_MG,18.968596
MAG13106,343879_MG,17.528534
MAG13107,343879_MG,45.990864
MAG13108,343879_MG,963.3205
MAG13109,343879_MG,38.772156
MAG13110,343879_MG,13.940213
MAG13111,343879_MG,19.199469
MAG13112,343879_MG,5.5890408
MAG13113,343879_MG,17.1821
MAG13114,343879_MG,97.67209
MAG13115,343882_MG,9.645705
MAG13116,343882_MG,558.71814
MAG13117,343882_MG,56.686146
MAG13118,343882_MG,24.520681
MAG13119,343882_MG,42.51385
MAG13120,343884_MG,81.646416
MAG13121,343884_MG,108.813484
MAG13122,343884_MG,100.22981
MAG13123,343884_MG,11.567817
MAG13124,343887_MG,330.3059
MAG13125,343889_MG,177.40616
MAG13126,343889_MG,47.123676
MAG13127,343889_MG,8.37497
MAG13128,343889_MG,1085.1093
MAG13129,343889_MG,77.922745
MAG13130,343889_MG,7.6917825
MAG13131,343889_MG,15.401471
MAG13132,343889_MG,64.06174
MAG13133,343889_MG,1576.9769
MAG13134,343889_MG,15.0579
MAG13135,343889_MG,113.403175
MAG13136,343889_MG,79.51013
MAG13137,343889_MG,32.606567
MAG13138,343889_MG,16.152756
MAG13139,343890_MG,19.588728
MAG13140,343890_MG,32.2537
MAG13141,343890_MG,50.008316
MAG13142,343890_MG,22.151182
MAG13143,343890_MG,7.6127768
MAG13144,343890_MG,34.455093
MAG13145,343890_MG,11.348718
MAG13146,343890_MG,18.723463
MAG13147,343890_MG,11.850581
MAG13148,343890_MG,60.28147
MAG13149,343890_MG,23.21769
MAG13150,343890_MG,74.552345
MAG13151,343890_MG,8.300298
MAG13152,343895_MG,129.61005
MAG13153,343897_MG,72.62941
MAG13154,343897_MG,8.280737
MAG13155,343897_MG,204.32932
MAG13156,343897_MG,7.3266816
MAG13157,343897_MG,54.865604
MAG13158,343897_MG,7.6322722
MAG13159,343897_MG,20.401094
MAG13160,343897_MG,17.227135
MAG13161,343897_MG,17.965034
MAG13162,343897_MG,74.89116
MAG13163,343897_MG,14.504455
MAG13164,343897_MG,24.880253
MAG13165,343900_MG,453.97745
MAG13166,343902_MG,410.25323
MAG13167,343902_MG,28.230125
MAG13168,343902_MG,38.012383
MAG13169,343904_MG,24.265991
MAG13170,343904_MG,61.06328
MAG13171,343907_MG,55.42645
MAG13172,343907_MG,25.307402
MAG13173,343907_MG,721.15594
MAG13174,343907_MG,19.51154
MAG13175,343907_MG,210.05847
MAG13176,343907_MG,51.57518
MAG13177,343907_MG,47.935154
MAG13178,343907_MG,37.71929
MAG13179,343907_MG,44.843876
MAG13180,343907_MG,72.23131
MAG13181,343907_MG,89.7434
MAG13182,343907_MG,87.81712
MAG13183,343910_MG,137.27936
MAG13184,343910_MG,75.5041
MAG13185,343912_MG,127.82315
MAG13186,343912_MG,77.044075
MAG13187,343912_MG,121.64448
MAG13188,343914_MG,54.089703
MAG13189,343914_MG,52.905178
MAG13190,343914_MG,1022.19244
MAG13191,343914_MG,437.42307
MAG13192,343917_MG,159.42119
MAG13193,343917_MG,22.8778
MAG13194,343920_MG,221.055
MAG13195,343940_MG,278.77863
MAG13196,343944_MG,44.65632
MAG13197,343944_MG,42.906807
MAG13198,343944_MG,2237.294
MAG13199,343944_MG,93.41688
MAG13200,343960_MG,25.57625
MAG13201,343960_MG,88.97529
MAG13202,343960_MG,27.856255
MAG13203,343960_MG,76.45245
MAG13204,343960_MG,1204.9243
MAG13205,343960_MG,116.17468
MAG13206,343960_MG,22.3697
MAG13207,343960_MG,36.26173
MAG13208,343963_MG,75.55572
MAG13209,343963_MG,820.26996
MAG13210,343980_MG,81.20677
MAG13211,343980_MG,43.2474
MAG13212,343980_MG,545.63855
MAG13213,343980_MG,39.3795
MAG13214,343982_MG,54.063717
MAG13215,343982_MG,33.860043
MAG13216,343982_MG,308.1855
MAG13217,343982_MG,25.833107
MAG13218,343990_MG,33.963993
MAG13219,343990_MG,43.323067
MAG13220,343990_MG,40.03116
MAG13221,343991_MG,25.533823
MAG13222,343991_MG,361.09833
MAG13223,343995_MG,14.777053
MAG13224,343995_MG,397.50787
MAG13225,343995_MG,42.821804
MAG13226,343995_MG,307.97202
MAG13227,343995_MG,113.8888
MAG13228,343995_MG,21.827644
MAG13229,343999_MG,431.7753
MAG13230,344000_MG,9.132322
MAG13231,344000_MG,11.341313
MAG13232,344000_MG,11.8078575
MAG13233,344000_MG,2466.2993
MAG13234,344000_MG,292.9813
MAG13235,344000_MG,35.229347
MAG13236,344000_MG,31.801361
MAG13237,344000_MG,8.789842
MAG13238,344000_MG,27.726347
MAG13239,344000_MG,21.011923
MAG13240,344000_MG,12.167526
MAG13241,344000_MG,36.798428
MAG13242,344000_MG,21.442884
MAG13243,344000_MG,55.012207
MAG13244,344000_MG,42.12505
MAG13245,344000_MG,100.80249
MAG13246,344000_MG,15.408831
MAG13247,344001_MG,1318.493
MAG13248,344005_MG,34.710552
MAG13249,344005_MG,1622.8461
MAG13250,344005_MG,483.2564
MAG13251,344009_MG,13.968665
MAG13252,344009_MG,80.744576
MAG13253,344010_MG,147.41702
MAG13254,344013_MG,12.512178
MAG13255,344013_MG,10.76923
MAG13256,344013_MG,22.385052
MAG13257,344013_MG,10.412593
MAG13258,344013_MG,39.586784
MAG13259,344013_MG,73.79391
MAG13260,344013_MG,197.05344
MAG13261,344013_MG,5.963334
MAG13262,344013_MG,45.785423
MAG13263,344013_MG,65.04989
MAG13264,344013_MG,13.170017
MAG13265,344013_MG,12.256665
MAG13266,344013_MG,10.206812
MAG13267,344013_MG,15.418892
MAG13268,344013_MG,41.25577
MAG13269,344013_MG,13.885038
MAG13270,344015_MG,19.697737
MAG13271,344015_MG,13.672932
MAG13272,344015_MG,42.827698
MAG13273,344015_MG,1737.363
MAG13274,344015_MG,80.767365
MAG13275,344015_MG,66.631905
MAG13276,344015_MG,26.7365
MAG13277,344015_MG,107.38402
MAG13278,344015_MG,117.10284
MAG13279,344015_MG,48.485847
MAG13280,344015_MG,87.497765
MAG13281,344015_MG,11.8440895
MAG13282,344015_MG,44.84355
MAG13283,344019_MG,76.43452
MAG13284,344019_MG,23.921957
MAG13285,344019_MG,18.845104
MAG13286,344019_MG,8.623815
MAG13287,344019_MG,17.354963
MAG13288,344019_MG,162.97217
MAG13289,344019_MG,39.52295
MAG13290,344019_MG,43.595158
MAG13291,344019_MG,18.956156
MAG13292,344019_MG,18.402927
MAG13293,344019_MG,441.56525
MAG13294,344019_MG,29.41593
MAG13295,344019_MG,65.48422
MAG13296,344019_MG,12.382544
MAG13297,344019_MG,37.859005
MAG13298,344019_MG,19.248466
MAG13299,344020_MG,24.366697
MAG13300,344020_MG,186.5262
MAG13301,344020_MG,28.99875
MAG13302,344020_MG,29.742384
MAG13303,344020_MG,82.34538
MAG13304,344020_MG,24.035875
MAG13305,344020_MG,8.70945
MAG13306,344020_MG,31.860373
MAG13307,344020_MG,13.027899
MAG13308,344020_MG,14.195505
MAG13309,344020_MG,220.70938
MAG13310,344020_MG,8.797485
MAG13311,344020_MG,8.643384
MAG13312,344020_MG,32.23403
MAG13313,344020_MG,12.885027
MAG13314,344020_MG,12.783857
MAG13315,344020_MG,43.859474
MAG13316,344021_MG,18.389776
MAG13317,344021_MG,13.946643
MAG13318,344021_MG,142.49272
MAG13319,344021_MG,51.5579
MAG13320,344021_MG,490.9598
MAG13321,344021_MG,71.27446
MAG13322,344021_MG,19.099804
MAG13323,344021_MG,45.01604
MAG13324,344021_MG,38.197796
MAG13325,344021_MG,4438.347
MAG13326,344021_MG,300.4022
MAG13327,344021_MG,17.347954
MAG13328,344021_MG,32.8362
MAG13329,344021_MG,99.4334
MAG13330,344021_MG,46.188915
MAG13331,344021_MG,64.01926
MAG13332,344021_MG,42.09842
MAG13333,344025_MG,9.800954
MAG13334,344025_MG,19.340736
MAG13335,344025_MG,10.011233
MAG13336,344025_MG,92.34542
MAG13337,344025_MG,30.882996
MAG13338,344025_MG,49.611282
MAG13339,344025_MG,51.827667
MAG13340,344025_MG,38.945515
MAG13341,344025_MG,13.266132
MAG13342,344025_MG,40.891983
MAG13343,344025_MG,15.180386
MAG13344,344025_MG,18.777136
MAG13345,344025_MG,13.827366
MAG13346,344025_MG,41.06925
MAG13347,344025_MG,12.535963
MAG13348,344025_MG,118.72691
MAG13349,344025_MG,16.79878
MAG13350,344025_MG,9.157597
MAG13351,344025_MG,891.15375
MAG13352,344025_MG,28.168663
MAG13353,344025_MG,7.472812
MAG13354,344025_MG,6.738882
MAG13355,344025_MG,101.75549
MAG13356,344025_MG,13.488592
MAG13357,344025_MG,10.747381
MAG13358,344025_MG,12.559373
MAG13359,344025_MG,30.646202
MAG13360,344025_MG,46.939068
MAG13361,344025_MG,39.943176
MAG13362,344027_MG,470.32236
MAG13363,344027_MG,24.010874
MAG13364,344027_MG,70.9123
MAG13365,344027_MG,142.40639
MAG13366,344027_MG,31.287962
MAG13367,344027_MG,13.392804
MAG13368,344027_MG,158.87074
MAG13369,344027_MG,30.443249
MAG13370,344027_MG,20.056795
MAG13371,344027_MG,33.98459
MAG13372,344027_MG,20.914639
MAG13373,344027_MG,68.25897
MAG13374,344030_MG,16.049997
MAG13375,344030_MG,36.61366
MAG13376,344030_MG,11.493491
MAG13377,344030_MG,46.794853
MAG13378,344030_MG,224.28906
MAG13379,344030_MG,24.356384
MAG13380,344030_MG,18.718948
MAG13381,344030_MG,10.803799
MAG13382,344030_MG,18.49327
MAG13383,344030_MG,25.713362
MAG13384,344030_MG,173.34523
MAG13385,344030_MG,20.54608
MAG13386,344030_MG,95.40825
MAG13387,344030_MG,44.52632
MAG13388,344030_MG,6.4903903
MAG13389,344030_MG,62.041397
MAG13390,344030_MG,9.8435755
MAG13391,344030_MG,8.412994
MAG13392,344030_MG,88.80564
MAG13393,344030_MG,47.038017
MAG13394,344030_MG,37.28087
MAG13395,344030_MG,17.153112
MAG13396,344032_MG,2230.5317
MAG13397,344032_MG,51.357613
MAG13398,344035_MG,27.164024
MAG13399,344035_MG,178.01599
MAG13400,344035_MG,9.176425
MAG13401,344035_MG,36.48017
MAG13402,344035_MG,11.67074
MAG13403,344035_MG,20.66238
MAG13404,344035_MG,11.094856
MAG13405,344035_MG,9.516347
MAG13406,344035_MG,54.832653
MAG13407,344035_MG,43.982197
MAG13408,344035_MG,843.37164
MAG13409,344035_MG,38.37002
MAG13410,344035_MG,33.335693
MAG13411,344035_MG,114.18551
MAG13412,344035_MG,92.531296
MAG13413,344035_MG,1003.61304
MAG13414,344035_MG,54.457893
MAG13415,344035_MG,191.05647
MAG13416,344035_MG,15.804765
MAG13417,344035_MG,12.5683975
MAG13418,344035_MG,21.744785
MAG13419,344038_MG,1479.5833
MAG13420,344038_MG,16.422226
MAG13421,344038_MG,7.1926045
MAG13422,344038_MG,85.88179
MAG13423,344038_MG,8.678708
MAG13424,344038_MG,48.341446
MAG13425,344038_MG,11.6168785
MAG13426,344038_MG,17.285187
MAG13427,344038_MG,2379.9285
MAG13428,344038_MG,481.56268
MAG13429,344038_MG,29.517483
MAG13430,344041_MG,168.15205
MAG13431,344041_MG,56.595325
MAG13432,344041_MG,119.30906
MAG13433,344041_MG,9.371902
MAG13434,344041_MG,39.75912
MAG13435,344041_MG,38.626514
MAG13436,344041_MG,19.23247
MAG13437,344041_MG,75.35572
MAG13438,344041_MG,97.7795
MAG13439,344041_MG,16.90899
MAG13440,344041_MG,439.0601
MAG13441,344041_MG,467.73428
MAG13442,344041_MG,70.32541
MAG13443,344041_MG,20.24911
MAG13444,344041_MG,69.02618
MAG13445,344041_MG,88.61658
MAG13446,344041_MG,26.80297
MAG13447,344041_MG,318.1885
MAG13448,344041_MG,7.469818
MAG13449,344041_MG,58.726204
MAG13450,344041_MG,246.61006
MAG13451,344041_MG,78.98021
MAG13452,344041_MG,15.209814
MAG13453,344041_MG,28.260683
MAG13454,344041_MG,59.889904
MAG13455,344041_MG,21.449028
MAG13456,344043_MG,12.89507
MAG13457,344043_MG,20.11254
MAG13458,344043_MG,413.5613
MAG13459,344043_MG,190.576
MAG13460,344043_MG,8.735146
MAG13461,344043_MG,13.341351
MAG13462,344043_MG,10.994716
MAG13463,344043_MG,229.19043
MAG13464,344043_MG,172.28867
MAG13465,344043_MG,39.995934
MAG13466,344043_MG,639.15753
MAG13467,344043_MG,53.22887
MAG13468,344043_MG,23.589144
MAG13469,344043_MG,31.244436
MAG13470,344043_MG,74.688255
MAG13471,344043_MG,176.29477
MAG13472,344043_MG,188.9152
MAG13473,344046_MG,3020.0964
MAG13474,344048_MG,86.21775
MAG13475,344048_MG,81.95533
MAG13476,344048_MG,56.03467
MAG13477,344048_MG,681.62103
MAG13478,344048_MG,49.3342
MAG13479,344048_MG,44.220306
MAG13480,344049_MG,338.93417
MAG13481,344049_MG,191.801
MAG13482,344049_MG,453.10028
MAG13483,344049_MG,166.80614
MAG13484,344049_MG,37.650936
MAG13485,344049_MG,876.792
MAG13486,344049_MG,33.636513
MAG13487,344049_MG,134.01309
MAG13488,344049_MG,17.625458
MAG13489,344049_MG,45.105846
MAG13490,344049_MG,23.640339
MAG13491,344049_MG,43.21947
MAG13492,344049_MG,121.920555
MAG13493,344049_MG,29.24733
MAG13494,344049_MG,261.99567
MAG13495,344049_MG,10.635465
MAG13496,344049_MG,14.1771
MAG13497,344049_MG,76.51222
MAG13498,344054_MG,17.395117
MAG13499,344054_MG,65.22479
MAG13500,344054_MG,162.9434
MAG13501,344054_MG,27.036615
MAG13502,344054_MG,31.024357
MAG13503,344059_MG,15.42989
MAG13504,344059_MG,75.83267
MAG13505,344059_MG,23.286875
MAG13506,344059_MG,10.461355
MAG13507,344059_MG,70.7514
MAG13508,344059_MG,485.612
MAG13509,344059_MG,195.89516
MAG13510,344059_MG,37.360413
MAG13511,344059_MG,21.15162
MAG13512,344059_MG,12.551435
MAG13513,344059_MG,12.595182
MAG13514,344059_MG,104.95169
MAG13515,344061_MG,19.309671
MAG13516,344061_MG,11.734967
MAG13517,344061_MG,26.724356
MAG13518,344061_MG,28.991028
MAG13519,344061_MG,20.918774
MAG13520,344061_MG,14.871676
MAG13521,344061_MG,10.292191
MAG13522,344061_MG,112.97313
MAG13523,344061_MG,39.01154
MAG13524,344061_MG,15.018405
MAG13525,344061_MG,71.32448
MAG13526,344061_MG,28.408907
MAG13527,344061_MG,58.52229
MAG13528,344061_MG,13.616012
MAG13529,344061_MG,75.376335
MAG13530,344061_MG,189.31989
MAG13531,344061_MG,68.64955
MAG13532,344061_MG,74.32003
MAG13533,344061_MG,178.37251
MAG13534,344061_MG,48.08216
MAG13535,344061_MG,11.931035
MAG13536,344061_MG,8.180502
MAG13537,344061_MG,254.80936
MAG13538,344061_MG,71.35904
MAG13539,344061_MG,103.7408
MAG13540,344061_MG,14.400128
MAG13541,344061_MG,15.808753
MAG13542,344062_MG,71.32131
MAG13543,344062_MG,95.70785
MAG13544,344062_MG,56.175743
MAG13545,344062_MG,45.49932
MAG13546,344062_MG,41.471165
MAG13547,344062_MG,11.4308815
MAG13548,344062_MG,62.472137
MAG13549,344062_MG,14.789559
MAG13550,344062_MG,135.78934
MAG13551,344062_MG,21.459404
MAG13552,344062_MG,67.68154
MAG13553,344066_MG,2325.1821
MAG13554,344070_MG,3101.159
MAG13555,344071_MG,21.90642
MAG13556,344071_MG,58.188187
MAG13557,344071_MG,15.239386
MAG13558,344071_MG,43.01346
MAG13559,344071_MG,8.77291
MAG13560,344071_MG,77.83415
MAG13561,344071_MG,143.81537
MAG13562,344071_MG,33.03269
MAG13563,344071_MG,538.36053
MAG13564,344071_MG,56.832024
MAG13565,344071_MG,35.778725
MAG13566,344071_MG,20.249804
MAG13567,344071_MG,216.88464
MAG13568,344071_MG,39.803905
MAG13569,344071_MG,78.35999
MAG13570,344076_MG,90.130615
MAG13571,344076_MG,1624.2603
MAG13572,344078_MG,196.43515
MAG13573,344078_MG,228.82411
MAG13574,344081_MG,26.619774
MAG13575,344081_MG,84.12201
MAG13576,344081_MG,49.808167
MAG13577,344081_MG,63.425537
MAG13578,344081_MG,222.67484
MAG13579,344081_MG,421.76245
MAG13580,344081_MG,997.0976
MAG13581,344081_MG,17.338997
MAG13582,344081_MG,17.559963
MAG13583,344081_MG,27.26349
MAG13584,344081_MG,158.43016
MAG13585,344081_MG,13.935477
MAG13586,344081_MG,41.047565
MAG13587,344081_MG,16.48171
MAG13588,344081_MG,12.079401
MAG13589,344081_MG,2153.0063
MAG13590,344081_MG,12.418169
MAG13591,344081_MG,35.402294
MAG13592,344081_MG,15.608589
MAG13593,344081_MG,90.91085
MAG13594,344081_MG,10.634052
MAG13595,344082_MG,14.436065
MAG13596,344082_MG,15.9009
MAG13597,344082_MG,150.22055
MAG13598,344082_MG,260.02542
MAG13599,344086_MG,162.09734
MAG13600,344088_MG,10.351596
MAG13601,344088_MG,19.284414
MAG13602,344088_MG,219.14388
MAG13603,344088_MG,110.60495
MAG13604,344088_MG,7.012994
MAG13605,344088_MG,9.117941
MAG13606,344088_MG,14.615951
MAG13607,344088_MG,32.066494
MAG13608,344088_MG,12.517486
MAG13609,344088_MG,47.938267
MAG13610,344088_MG,8.6879225
MAG13611,344088_MG,24.164442
MAG13612,344088_MG,10.851746
MAG13613,344088_MG,10.508528
MAG13614,344091_MG,68.43474
MAG13615,344095_MG,66.4057
MAG13616,344095_MG,186.82918
MAG13617,344095_MG,117.19584
MAG13618,344098_MG,44.39203
MAG13619,344098_MG,19.868134
MAG13620,344098_MG,39.3288
MAG13621,344098_MG,22.204874
MAG13622,344098_MG,11.2828
MAG13623,344098_MG,9.451004
MAG13624,344098_MG,20.181166
MAG13625,344098_MG,992.6241
MAG13626,344098_MG,8.561467
MAG13627,344098_MG,26.034533
MAG13628,344098_MG,61.381702
MAG13629,344102_MG,3045.2205
MAG13630,344105_MG,51.531227
MAG13631,344105_MG,470.20468
MAG13632,344105_MG,98.17011
MAG13633,344109_MG,9.080826
MAG13634,344109_MG,82.39187
MAG13635,344109_MG,35.47904
MAG13636,344109_MG,36.375526
MAG13637,344109_MG,136.11609
MAG13638,344109_MG,18.173666
MAG13639,344114_MG,24.802069
MAG13640,344114_MG,70.18892
MAG13641,344114_MG,55.714832
MAG13642,344114_MG,344.32825
MAG13643,344114_MG,11.9746065
MAG13644,344114_MG,50.1401
MAG13645,344114_MG,8.033438
MAG13646,344114_MG,7.6510153
MAG13647,344114_MG,25.817402
MAG13648,344114_MG,42.033092
MAG13649,344114_MG,23.651514
MAG13650,344114_MG,16.044212
MAG13651,344114_MG,221.66942
MAG13652,344114_MG,52.60847
MAG13653,344114_MG,18.211245
MAG13654,344114_MG,55.87283
MAG13655,344114_MG,10.660907
MAG13656,344114_MG,7.0970263
MAG13657,344114_MG,7.5546346
MAG13658,344114_MG,84.158966
MAG13659,344114_MG,158.26076
MAG13660,344114_MG,5.7931075
MAG13661,344114_MG,60.54159
MAG13662,344114_MG,31.49493
MAG13663,344114_MG,9.675131
MAG13664,344114_MG,12.088419
MAG13665,344114_MG,15.917608
MAG13666,344114_MG,17.162642
MAG13667,344114_MG,27.370617
MAG13668,344118_MG,185.64255
MAG13669,344119_MG,29.026508
MAG13670,344119_MG,138.9145
MAG13671,344119_MG,71.30124
MAG13672,344119_MG,43.000114
MAG13673,344119_MG,77.94489
MAG13674,344119_MG,63.65143
MAG13675,344119_MG,442.68332
MAG13676,344119_MG,20.319603
MAG13677,344119_MG,24.384907
MAG13678,344119_MG,298.1316
MAG13679,344121_MG,6.625565
MAG13680,344121_MG,100.31155
MAG13681,344121_MG,60.30148
MAG13682,344121_MG,24.351475
MAG13683,344121_MG,18.422104
MAG13684,344121_MG,8.065527
MAG13685,344121_MG,40.13026
MAG13686,344121_MG,131.50528
MAG13687,344121_MG,60.225483
MAG13688,344121_MG,87.1887
MAG13689,344121_MG,10.692371
MAG13690,344121_MG,15.743052
MAG13691,344121_MG,13.808423
MAG13692,344124_MG,288.56107
MAG13693,344124_MG,83.26409
MAG13694,344124_MG,10.697887
MAG13695,344124_MG,317.62854
MAG13696,344124_MG,126.08136
MAG13697,344124_MG,171.17313
MAG13698,344124_MG,10.686395
MAG13699,344124_MG,8.415049
MAG13700,344124_MG,17.018332
MAG13701,344124_MG,52.923126
MAG13702,344124_MG,57.76004
MAG13703,344124_MG,157.31795
MAG13704,344124_MG,167.13298
MAG13705,344124_MG,61.229538
MAG13706,344124_MG,10.898115
MAG13707,344125_MG,17.735523
MAG13708,344125_MG,30.915854
MAG13709,344125_MG,33.69924
MAG13710,344125_MG,50.219437
MAG13711,344125_MG,7.090699
MAG13712,344125_MG,166.80428
MAG13713,344125_MG,16.74859
MAG13714,344125_MG,39.5374
MAG13715,344125_MG,51.16877
MAG13716,344125_MG,13.116177
MAG13717,344125_MG,7.8343506
MAG13718,344125_MG,63.240036
MAG13719,344125_MG,19.00163
MAG13720,344125_MG,111.29851
MAG13721,344125_MG,285.10678
MAG13722,344125_MG,12.548833
MAG13723,344125_MG,737.3051
MAG13724,344125_MG,119.59576
MAG13725,344129_MG,24.075798
MAG13726,344129_MG,8.985654
MAG13727,344129_MG,2315.6519
MAG13728,344129_MG,11.060776
MAG13729,344129_MG,15.951537
MAG13730,344129_MG,109.099754
MAG13731,344129_MG,29.453217
MAG13732,344129_MG,16.989326
MAG13733,344129_MG,39.847687
MAG13734,344129_MG,75.22304
MAG13735,344129_MG,33.273403
MAG13736,344129_MG,11.44038
MAG13737,344129_MG,18.87186
MAG13738,344129_MG,23.633907
MAG13739,344129_MG,16.338615
MAG13740,344130_MG,43.76393
MAG13741,344134_MG,279.91132
MAG13742,344134_MG,12.263321
MAG13743,344134_MG,23.400204
MAG13744,344134_MG,58.027435
MAG13745,344134_MG,17.261412
MAG13746,344134_MG,26.523851
MAG13747,344134_MG,768.26154
MAG13748,344134_MG,27.884827
MAG13749,344134_MG,22.441195
MAG13750,344134_MG,227.57411
MAG13751,344134_MG,90.92863
MAG13752,344134_MG,12.729536
MAG13753,344135_MG,10.446495
MAG13754,344135_MG,12.832831
MAG13755,344135_MG,129.67233
MAG13756,344135_MG,95.815865
MAG13757,344135_MG,8.406624
MAG13758,344135_MG,92.171074
MAG13759,344135_MG,803.2775
MAG13760,344139_MG,570.2704
MAG13761,344139_MG,20.43563
MAG13762,344140_MG,72.76942
MAG13763,344140_MG,39.48172
MAG13764,344140_MG,9.03307
MAG13765,344140_MG,13.781433
MAG13766,344140_MG,95.73998
MAG13767,344140_MG,449.74973
MAG13768,344140_MG,147.5344
MAG13769,344140_MG,290.2865
MAG13770,344140_MG,9.498212
MAG13771,344144_MG,6.301631
MAG13772,344144_MG,7.870813
MAG13773,344144_MG,22.020832
MAG13774,344144_MG,10.784981
MAG13775,344144_MG,20.2549
MAG13776,344144_MG,237.45079
MAG13777,344144_MG,100.67082
MAG13778,344144_MG,19.826551
MAG13779,344144_MG,17.100384
MAG13780,344145_MG,70.55024
MAG13781,348298_MG,12.409561
MAG13782,348298_MG,370.2954
MAG13783,348298_MG,12.081869
MAG13784,348298_MG,45.31683
MAG13785,348298_MG,21.435692
MAG13786,348298_MG,49.83469
MAG13787,348298_MG,792.4872
MAG13788,348298_MG,48.91526
MAG13789,348298_MG,21.531181
MAG13790,348298_MG,482.773
MAG13791,348298_MG,20.469057
MAG13792,348298_MG,256.18738
MAG13793,348298_MG,10.7381935
MAG13794,348298_MG,99.267746
MAG13795,348298_MG,207.51367
MAG13796,MG_4001201139,275.85968
MAG13797,MG_4001201139,136.86177
MAG13798,MG_4001201139,88.7227
MAG13799,MG_4001201139,61.4972
MAG13800,MG_4001201139,70.96319
MAG13801,MG_4001201139,2236.218
MAG13802,MG_4001201139,259.2587
MAG13803,MG_4001201139,151.21645
MAG13804,MG_4001201189,18.61562
MAG13805,MG_4001201189,54.48196
MAG13806,MG_4001201189,46.45827
MAG13807,MG_4001201189,31.08656
MAG13808,MG_4001201189,124.95467
MAG13809,MG_4001201189,211.58572
MAG13810,MG_4001201189,28.61415
MAG13811,MG_4001201299,330.8
MAG13812,MG_4001201299,528.5993
MAG13813,MG_4001201299,340.3801
MAG13814,MG_4001201299,131.95766
MAG13815,MG_4001201299,332.0128
MAG13816,MG_4001201299,81.549835
MAG13817,MG_4001701169,97.22412
MAG13818,MG_4001701169,73.98875
MAG13819,MG_4001701169,62.000706
MAG13820,MG_4001701169,528.15186
MAG13821,MG_4001701289,194.94139
MAG13822,MG_4001701289,115.462166
MAG13823,MG_4001701289,98.69891
MAG13824,MG_4001701289,319.19794
MAG13825,MG_4001701289,230.32678
MAG13826,MG_4001701289,391.02505
MAG13827,MG_4001701289,152.11165
MAG13828,MG_4003101299,772.80457
MAG13829,MG_4003101359,116.542656
MAG13830,MG_4003901219,23.387627
MAG13831,MG_4003901219,19.4755
MAG13832,MG_4003901219,34.633457
MAG13833,MG_4003901219,15.607238
MAG13834,MG_4003901219,71.640144
MAG13835,MG_4003901259,17.72938
MAG13836,MG_4003901259,296.57343
MAG13837,MG_4003901309,12.270657
MAG13838,MG_4003901309,31.573034
MAG13839,MG_4003901309,39.106873
MAG13840,MG_4003901309,76.01832
MAG13841,MG_4003901309,128.02722
MAG13842,MG_4003901309,40.335407
MAG13843,MG_4003901309,46.44987
MAG13844,MG_4003901309,80.324875
MAG13845,MG_4003901309,154.06032
MAG13846,MG_4003901309,67.40513
MAG13847,MG_4003901309,36.164402
MAG13848,MG_4003901309,102.46299
MAG13849,MG_4003901309,179.48325
MAG13850,MG_4003901309,8.182884
MAG13851,MG_4003901309,8.348838
MAG13852,MG_4003901359,33.63898
MAG13853,MG_4003901359,9.245784
MAG13854,MG_4003901409,24.063906
MAG13855,MG_4003901409,11.3523445
MAG13856,MG_4003901409,64.31354
MAG13857,MG_4003901409,38.057682
MAG13858,MG_4003901409,48.543846
MAG13859,MG_4003901409,11.022611
MAG13860,MG_4003901409,10.659948
MAG13861,MG_4003901409,67.26244
MAG13862,MG_4003901409,64.94662
MAG13863,MG_4003901409,21.56002
MAG13864,MG_4003901409,7.990071
MAG13865,MG_4003901409,14.308754
MAG13866,MG_4003901409,36.22221
MAG13867,MG_4003901409,28.09088
MAG13868,MG_4003901409,14.526017
MAG13869,MG_4003901409,123.47541
MAG13870,MG_4003901409,269.25638
MAG13871,MG_4003901409,15.723012
MAG13872,MG_4003901409,98.345314
MAG13873,MG_4003901409,40.640503
MAG13874,MG_4003901409,15.069188
MAG13875,MG_4003901409,20.834517
MAG13876,MG_4003901409,22.68491
MAG13877,MG_4003901409,53.41058
MAG13878,MG_4003901409,23.587658
MAG13879,MG_4003901409,20.351854
MAG13880,MG_4003901409,41.26186
MAG13881,MG_4003901409,16.18257
MAG13882,MG_4003901409,17.081757
MAG13883,MG_4003901409,84.45443
MAG13884,MG_4003901409,25.108904
MAG13885,MG_4003901409,18.230135
MAG13886,MG_4003901409,10.814569
MAG13887,MG_4003901409,219.06044
MAG13888,MG_4003901409,54.37007
MAG13889,MG_4003901409,9.905311
MAG13890,MG_4003901409,30.752113
MAG13891,MG_4003901409,49.859097
MAG13892,MG_4003901409,27.634113
MAG13893,MG_4003901409,17.885462
MAG13894,MG_4003901409,58.09473
MAG13895,MG_4003901409,60.57897
MAG13896,MG_4003901409,23.590899
MAG13897,MG_4003901409,32.220207
MAG13898,MG_4003901409,178.96208
MAG13899,MG_4003901409,33.73864
MAG13900,MG_4003901409,44.383423
MAG13901,MG_4003901409,10.7627735
MAG13902,MG_4003901409,16.932602
MAG13903,MG_4004001199,14.628591
MAG13904,MG_4004001199,750.52856
MAG13905,MG_4004001239,992.85455
MAG13906,MG_4004001279,461.67032
MAG13907,MG_4004001329,16.143951
MAG13908,MG_4004001329,41.941696
MAG13909,MG_4004001329,11.951329
MAG13910,MG_4004001329,14.921513
MAG13911,MG_4004001329,16.55372
MAG13912,MG_4004001329,35.95376
MAG13913,MG_4004001329,79.90288
MAG13914,MG_4004001329,7.7599263
MAG13915,MG_4004001329,17.654919
MAG13916,MG_4004001329,10.855625
MAG13917,MG_4004001329,10.18431
MAG13918,MG_4004001329,20.709835
MAG13919,MG_4004001329,8.932911
MAG13920,MG_4004001329,12.605417
MAG13921,MG_4004001329,14.530865
MAG13922,MG_4004001329,130.7454
MAG13923,MG_4004001329,66.48771
MAG13924,MG_4004001329,9.256885
MAG13925,MG_4004001329,46.249054
MAG13926,MG_4004001329,35.213776
MAG13927,MG_4004001329,11.529127
MAG13928,MG_4004001329,56.65845
MAG13929,MG_4004001329,9.690055
MAG13930,MG_4004001329,19.004549
MAG13931,MG_4004001329,11.965069
MAG13932,MG_4004001329,14.741467
MAG13933,MG_4004001329,16.32318
MAG13934,MG_4004001329,11.229121
MAG13935,MG_4004001329,10.943425
MAG13936,MG_4004001329,7.3563495
MAG13937,MG_4004001329,19.625471
MAG13938,MG_4004001329,9.8208
MAG13939,MG_4004001329,25.22739
MAG13940,MG_4004001329,17.120922
MAG13941,MG_4004001329,5.8374395
MAG13942,MG_4004001329,14.711204
MAG13943,MG_4004001329,9.693368
MAG13944,MG_4004001329,41.60153
MAG13945,MG_4004001329,112.6749
MAG13946,MG_4004001329,6.607159
MAG13947,MG_4004001329,14.014905
MAG13948,MG_4004001329,27.518694
MAG13949,MG_4004001329,11.198287
MAG13950,MG_4004001329,336.38113
MAG13951,MG_4004001329,22.77108
MAG13952,MG_4004001379,14.942621
MAG13953,MG_4004101369,30.278181
MAG13954,MG_4004101369,89.72464
MAG13955,MG_4004101369,83.905754
MAG13956,MG_4004101369,23.265413
MAG13957,MG_4004101369,55.992783
MAG13958,MG_4004101369,290.26437
MAG13959,MG_4005501299,460.8649
MAG13960,MG_4005501299,83.3041
MAG13961,MG_4005501399,84.55645
MAG13962,MG_4005501399,195.04846
MAG13963,MG_4005501399,424.05038
MAG13964,MG_4005501399,159.31729
MAG13965,MG_4005501399,17.860712
MAG13966,MG_4005701209,9.157932
MAG13967,MG_4005701209,132.77733
MAG13968,MG_4005701249,90.450096
MAG13969,MG_4005701249,24.0607
MAG13970,MG_4005701249,20.798689
MAG13971,MG_4005701249,13.2664
MAG13972,MG_4005701249,35.632484
MAG13973,MG_4005701249,22.898222
MAG13974,MG_4005701249,374.7067
MAG13975,MG_4005701249,100.44301
MAG13976,MG_4005701249,155.75851
MAG13977,MG_4005701249,31.069054
MAG13978,MG_4005701249,26.38757
MAG13979,MG_4005701249,194.84525
MAG13980,MG_4005701249,129.72757
MAG13981,MG_4005701249,906.45746
MAG13982,MG_4005701249,116.47219
MAG13983,MG_4005701249,34.851334
MAG13984,MG_4005701299,12.919903
MAG13985,MG_4005701299,35.4579
MAG13986,MG_4005701299,12.008483
MAG13987,MG_4005701299,11.363258
MAG13988,MG_4005701299,342.3413
MAG13989,MG_4005701349,74.28824
MAG13990,MG_4005701389,70.62834
MAG13991,MG_4006001189,55.120174
MAG13992,MG_4006001189,36.323723
MAG13993,MG_4006001189,605.34076
MAG13994,MG_4006001209,104.35873
MAG13995,MG_4006001209,1601.7354
MAG13996,MG_4006001209,50.78077
MAG13997,MG_4006001209,93.25844
MAG13998,MG_4006001209,23.400558
MAG13999,MG_4006001239,665.3326
MAG14000,MG_4006001239,5817.098
MAG14001,MG_4006001239,168.42705
MAG14002,MG_4006001239,92.33606
MAG14003,MG_4006001379,154.92285
MAG14004,MG_4006001379,236.51129
MAG14005,MG_4006001379,193.12115
MAG14006,MG_4006201229,92.247765
MAG14007,MG_4006201229,1161.0874
MAG14008,MG_4006201229,410.09998
MAG14009,MG_4006201229,242.08324
MAG14010,MG_4006201329,73.574524
MAG14011,MG_4006301189,182.20093
MAG14012,MG_4006301189,303.62497
MAG14013,MG_4006301189,81.54773
MAG14014,MG_4006301189,45.28296
MAG14015,MG_4006301229,278.9048
MAG14016,MG_4006301229,141.00124
MAG14017,MG_4006301229,120.33802
MAG14018,MG_4006301229,137.79993
MAG14019,MG_4006301229,44.646347
MAG14020,MG_4006301229,110.96119
MAG14021,MG_4006301229,75.42124
MAG14022,MG_4006301229,273.76547
MAG14023,MG_4006301229,50.62182
MAG14024,MG_4006301229,63.96992
MAG14025,MG_4006301229,41.13351
MAG14026,MG_4006301339,127.99579
MAG14027,MG_4006301339,554.9179
MAG14028,MG_4006301339,296.475
MAG14029,MG_4006301339,66.97935
MAG14030,MG_4006301339,164.06465
MAG14031,MG_4006301339,181.88643
MAG14032,MG_4006301339,68.76786
MAG14033,MG_4006301339,157.10307
MAG14034,MG_4006301339,139.16884
MAG14035,MG_4006701249,223.46527
MAG14036,MG_4006801179,77.37184
MAG14037,MG_4006801249,72.01558
MAG14038,MG_4006801249,25.109112
MAG14039,MG_4006801269,108.784355
MAG14040,MG_4006801269,31.582788
MAG14041,MG_4006801269,70.857445
MAG14042,MG_4006801319,108.23391
MAG14043,MG_4007601189,554.6354
MAG14044,MG_4007601189,131.9058
MAG14045,MG_4007601239,419.74335
MAG14046,MG_4007601239,35.452053
MAG14047,MG_4007601259,508.68253
MAG14048,MG_4007601259,32.55587
MAG14049,MG_4007601279,255.84608
MAG14050,MG_4007601359,25.007269
MAG14051,MG_4007601359,1046.124
MAG14052,MG_4007701189,70.79781
MAG14053,MG_4007701189,16.324013
MAG14054,MG_4007701189,227.49344
MAG14055,MG_4007701189,323.9697
MAG14056,MG_4007701189,32.23445
MAG14057,MG_4007701189,75.38164
MAG14058,MG_4007701189,1210.8842
MAG14059,MG_4007701189,20.075478
MAG14060,MG_4007701229,37.4487
MAG14061,MG_4007701229,65.99569
MAG14062,MG_4007701229,852.6449
MAG14063,MG_4007701229,122.07255
MAG14064,MG_4007701229,299.08063
MAG14065,MG_4007701229,149.80254
MAG14066,MG_4007701229,401.57043
MAG14067,MG_4007701229,463.41418
MAG14068,MG_4007701229,117.30427
MAG14069,MG_4007801189,233.94023
MAG14070,MG_4007801239,48.557625
MAG14071,MG_4007801279,56.1849
MAG14072,MG_4007801309,268.62732
MAG14073,MG_4007801349,159.91922
MAG14074,MG_4008001179,54.63098
MAG14075,MG_4008001179,135.71896
MAG14076,MG_4008001179,47.470524
MAG14077,MG_4008001179,59.27516
MAG14078,MG_4008001179,121.26232
MAG14079,MG_4008001179,52.54251
MAG14080,MG_4008001179,32.13578
MAG14081,MG_4008001179,38.410637
MAG14082,MG_4008001179,22.343699
MAG14083,MG_4008001269,66.81289
MAG14084,MG_4008001269,56.15378
MAG14085,MG_4008001269,28.580034
MAG14086,MG_4008001269,63.311947
MAG14087,MG_4008001269,27.387028
MAG14088,MG_4008001269,280.64673
MAG14089,MG_4008001269,21.518496
MAG14090,MG_4008201229,103.97192
MAG14091,MG_4008201229,441.74252
MAG14092,MG_4008201229,124.95494
MAG14093,MG_4008201229,200.4636
MAG14094,MG_4008201229,428.9138
MAG14095,MG_4008201229,404.94278
MAG14096,MG_4008201229,488.2512
MAG14097,MG_4008201229,220.48824
MAG14098,MG_4008201299,188.46135
MAG14099,MG_4008201299,653.103
MAG14100,MG_4008201299,253.35152
MAG14101,MG_4008201299,166.26183
MAG14102,MG_4008201299,962.16724
MAG14103,MG_4008201299,691.6354
MAG14104,MG_4008201299,216.49301
MAG14105,MG_4008201299,931.24744
MAG14106,MG_4008201299,343.70212
MAG14107,MG_4008201299,196.17496
MAG14108,MG_4008201359,14.182047
MAG14109,MG_4008201359,15.239635
MAG14110,MG_4008301179,14.84455
MAG14111,MG_4008301189,23.011131
MAG14112,MG_4008301189,828.1166
MAG14113,MG_4008301189,6.0512004
MAG14114,MG_4008301189,6.207446
MAG14115,MG_4008301219,510.41968
MAG14116,MG_4008301219,74.64782
MAG14117,MG_4008301269,11.585956
MAG14118,MG_4008301269,134.81012
MAG14119,MG_4008301269,7.3892436
MAG14120,MG_4008301279,91.19269
MAG14121,MG_4008501209,67.06185
MAG14122,MG_4008501209,34.314007
MAG14123,MG_4008501209,9.275054
MAG14124,MG_4008501209,13.283728
MAG14125,MG_4008501249,530.4598
MAG14126,MG_4008501249,51.115116
MAG14127,MG_4008501249,17.506824
MAG14128,MG_4008501249,16.520103
MAG14129,MG_4008501249,79.05751
MAG14130,MG_4008501249,14.495253
MAG14131,MG_4008501249,10.650417
MAG14132,MG_4008501249,15.928804
MAG14133,MG_4008501249,154.58553
MAG14134,MG_4008501249,57.951027
MAG14135,MG_4008501249,19.110844
MAG14136,MG_4008501249,23.514437
MAG14137,MG_4008501249,22.323338
MAG14138,MG_4008501249,18.08879
MAG14139,MG_4008501249,7.964204
MAG14140,MG_4008501249,147.35359
MAG14141,MG_4008501299,60.258076
MAG14142,MG_4008501299,18.834133
MAG14143,MG_4008501299,182.74709
MAG14144,MG_4008501299,40.991127
MAG14145,MG_4008501299,70.38652
MAG14146,MG_4008501299,32.99548
MAG14147,MG_4008501299,62.056286
MAG14148,MG_4008501299,161.77759
MAG14149,MG_4008501299,66.40998
MAG14150,MG_4008501299,12.69824
MAG14151,MG_4008501299,24.882915
MAG14152,MG_4008501299,35.662643
MAG14153,MG_4008501299,35.992397
MAG14154,MG_4008501299,15.215167
MAG14155,MG_4008501299,14.044457
MAG14156,MG_4008501299,50.442688
MAG14157,MG_4008501299,26.985569
MAG14158,MG_4008501299,8.777937
MAG14159,MG_4008501299,154.49916
MAG14160,MG_4008501299,6.7461305
MAG14161,MG_4008501299,45.81072
MAG14162,MG_4008501299,7.6710963
MAG14163,MG_4008501299,286.37802
MAG14164,MG_4008501299,417.44852
MAG14165,MG_4008501299,11.042571
MAG14166,MG_4008501299,266.0709
MAG14167,MG_4008501299,109.013435
MAG14168,MG_4008501339,29.509766
MAG14169,MG_4008501339,11.927667
MAG14170,MG_4008501339,184.67215
MAG14171,MG_4008501339,15.214499
MAG14172,MG_4008501339,7.8900976
MAG14173,MG_4008501339,15.921487
MAG14174,MG_4008501339,30.030594
MAG14175,MG_4008501339,35.110947
MAG14176,MG_4008501339,42.544003
MAG14177,MG_4008501339,18.233927
MAG14178,MG_4008501339,35.53597
MAG14179,MG_4008501339,65.0744
MAG14180,MG_4008501339,11.600927
MAG14181,MG_4008501389,12.155011
MAG14182,MG_4008501389,1365.7731
MAG14183,MG_4008501389,37.44896
MAG14184,MG_4008501389,21.977148
MAG14185,MG_4008701169,64.99004
MAG14186,MG_4008701169,91.97414
MAG14187,MG_4008701169,86.70513
MAG14188,MG_4008701229,22.042173
MAG14189,MG_4008701229,151.1003
MAG14190,MG_4008701229,11.853393
MAG14191,MG_4008701229,19.423864
MAG14192,MG_4008701279,385.38107
MAG14193,MG_4008701329,209.71042
MAG14194,MG_4008701379,263.39954
MAG14195,MG_4008801239,2396.6594
MAG14196,MG_4008801239,37.376728
MAG14197,MG_4008801259,391.54538
MAG14198,MG_4008801269,62.73317
MAG14199,MG_4008801269,28.59138
MAG14200,MG_4008801269,8.87972
MAG14201,MG_4008801269,7.635902
MAG14202,MG_4008801279,95.26417
MAG14203,MG_4008801279,148.00653
MAG14204,MG_4008801279,53.235546
MAG14205,MG_4008801279,46.84574
MAG14206,MG_4008801279,85.75188
MAG14207,MG_4008801279,55.25954
MAG14208,MG_4008801279,81.5935
MAG14209,MG_4008901169,17.17727
MAG14210,MG_4008901169,135.6334
MAG14211,MG_4008901169,15.934468
MAG14212,MG_4008901169,273.2
MAG14213,MG_4008901169,11.471737
MAG14214,MG_4008901219,23.179573
MAG14215,MG_4008901219,46.840424
MAG14216,MG_4008901219,10.180949
MAG14217,MG_4008901219,318.51248
MAG14218,MG_4008901219,38.41237
MAG14219,MG_4008901219,16.016308
MAG14220,MG_4008901219,2062.9731
MAG14221,MG_4008901219,144.54022
MAG14222,MG_4008901269,53.06601
MAG14223,MG_4008901269,137.29184
MAG14224,MG_4009001179,48.630154
MAG14225,MG_4009001179,77.82686
MAG14226,MG_4009001179,86.35681
MAG14227,MG_4009001179,136.07298
MAG14228,MG_4009001179,2391.7175
MAG14229,MG_4009001179,257.89807
MAG14230,MG_4009001179,64.2016
MAG14231,MG_4009001179,110.89583
MAG14232,MG_4009001179,506.74234
MAG14233,MG_4009001179,124.5318
MAG14234,MG_4009001259,58.451668
MAG14235,MG_4009001259,85.31497
MAG14236,MG_4009001259,423.30362
MAG14237,MG_4009001259,613.5111
MAG14238,MG_4009001259,39.21325
MAG14239,MG_4009001259,133.81734
MAG14240,MG_4009901279,132.1157
MAG14241,MG_4009901279,171.5714
MAG14242,MG_4009901309,90.22103
MAG14243,MG_4009901309,78.66269
MAG14244,MG_4009901309,24.694742
MAG14245,MG_4009901339,133.92003
MAG14246,MG_4009901339,541.5955
MAG14247,MG_4010001169,150.68985
MAG14248,MG_4010001229,338.02045
MAG14249,MG_4010001279,396.4913
MAG14250,MG_4010001279,12.05621
MAG14251,MG_4010001319,728.7639
MAG14252,MG_4010001379,116.90229
MAG14253,MG_4010001379,275.08002
MAG14254,MG_4010001379,140.65057
MAG14255,MG_4010001379,31.031773
MAG14256,MG_4010101169,262.49857
MAG14257,MG_4010101219,88.37765
MAG14258,MG_4010101259,114.12409
MAG14259,MG_4010101289,169.64294
MAG14260,MG_4010101319,18.890656
MAG14261,MG_4010101319,241.7729
MAG14262,MG_433788,99.779144
MAG14263,MG_433788,33.881557
MAG14264,MG_433788,304.6406
MAG14265,MG_433788,14.466816
MAG14266,MG_433788,5.6696754
MAG14267,MG_433788,19.97818
MAG14268,MG_433788,1683.0273
MAG14269,MG_433788,51.489017
MAG14270,MG_433788,21.377287
MAG14271,MG_433788,19.234753
MAG14272,MG_433788,158.86855
MAG14273,MG_433788,88.18422
MAG14274,MG_433788,95.15705
MAG14275,MG_433819,19.224495
MAG14276,MG_433819,15.540578
MAG14277,MG_433819,84.74012
MAG14278,MG_433850,9.79386
MAG14279,MG_433850,25.333597
MAG14280,MG_433881,8.64357
MAG14281,MG_433881,39.541035
MAG14282,MG_433881,216.26
MAG14283,MG_433881,66.18964
MAG14284,MG_433881,22.710405
MAG14285,MG_433881,27.297358
MAG14286,MG_433912,14.917615
MAG14287,MG_433912,10.134605
MAG14288,MG_433912,10.462528
MAG14289,MG_433912,23.75755
MAG14290,MG_433912,150.392
MAG14291,MG_433912,39.451424
MAG14292,MG_433912,8.7687025
MAG14293,MG_433912,55.872887
MAG14294,MG_433912,7.2028875
MAG14295,MG_433943,27.003197
MAG14296,MG_433943,21.95241
MAG14297,MG_433943,96.20804
MAG14298,MG_433943,18.234318
MAG14299,MG_433943,7.5701075
MAG14300,MG_434005,19.163958
MAG14301,MG_434005,83.93639
MAG14302,MG_434005,7.4455805
MAG14303,MG_434005,9.784855
MAG14304,MG_434005,48.507423
MAG14305,MG_434005,17.934767
MAG14306,MG_434005,7.741507
MAG14307,MG_434005,1016.2243
MAG14308,MG_434005,31.468546
MAG14309,MG_434005,5.8748045
MAG14310,MG_434005,13.217814
MAG14311,MG_434005,20.30465
MAG14312,MG_434005,62.319134
MAG14313,MG_434005,11.947628
MAG14314,MG_434005,13.444658
MAG14315,MG_434005,11.035102
MAG14316,MG_434005,177.79443
MAG14317,MG_434005,45.13664
MAG14318,MG_434036,16.033554
MAG14319,MG_434036,1854.8931
MAG14320,MG_434036,382.82248
MAG14321,MG_434036,46.3746
MAG14322,MG_434067,34.83304
MAG14323,MG_434067,125.48453
MAG14324,MG_434067,191.088
MAG14325,MG_434067,228.88104
MAG14326,MG_434098,37.14218
MAG14327,MG_434098,12.06814
MAG14328,MG_434098,38.43157
MAG14329,MG_434098,64.88684
MAG14330,MG_434098,10.719886
MAG14331,MG_434191,134.06302
MAG14332,MG_434191,82.53341
MAG14333,MG_434191,927.4749
MAG14334,MG_434191,9.421153
MAG14335,MG_434222,133.96155
MAG14336,MG_434222,55.576557
MAG14337,MG_434222,18.437416
MAG14338,MG_434222,29.46566
MAG14339,MG_434222,86.31615
MAG14340,MG_434222,24.302286
MAG14341,MG_434222,196.00572
MAG14342,MG_434222,753.78937
MAG14343,MG_434222,18.630047
MAG14344,MG_434222,11.259087
MAG14345,MG_434222,108.8982
MAG14346,MG_434222,151.19568
MAG14347,MG_434222,14.073395
MAG14348,MG_434253,16.5799
MAG14349,MG_434253,39.907288
MAG14350,MG_434253,1717.1918
MAG14351,MG_434253,507.059
MAG14352,MG_434253,84.08126
MAG14353,MG_434253,70.229355
MAG14354,MG_434253,103.14309
MAG14355,MG_434253,139.48466
MAG14356,MG_434253,114.753876
MAG14357,MG_434253,9.900823
MAG14358,MG_434253,34.842854
MAG14359,MG_434253,20.084347
MAG14360,MG_434253,77.13888
MAG14361,MG_434253,6.5593204
MAG14362,MG_434253,5.8540483
MAG14363,MG_434253,54.408905
MAG14364,MG_434253,11.392573
MAG14365,MG_434253,13.4145355
MAG14366,MG_434253,26.092428
MAG14367,MG_434253,11.545607
MAG14368,MG_434253,18.946358
MAG14369,MG_434253,11.206739
MAG14370,MG_434284,15.072091
MAG14371,MG_434284,139.62065
MAG14372,MG_434284,27.653246
MAG14373,MG_434284,501.6441
MAG14374,MG_434284,10.113292
MAG14375,MG_434284,21.289772
MAG14376,MG_434315,83.1433
MAG14377,MG_434315,69.92504
MAG14378,MG_434315,8.925972
MAG14379,MG_434315,229.06175
MAG14380,MG_434315,24.723637
MAG14381,MG_434315,11.555547
MAG14382,MG_434315,383.5189
MAG14383,MG_434315,181.00635
MAG14384,MG_434315,1693.0453
MAG14385,MG_434346,117.55472
MAG14386,MG_434346,3243.5867
MAG14387,MG_434346,90.227684
MAG14388,MG_434346,227.62665
MAG14389,MG_434377,25.28573
MAG14390,MG_434377,82.95954
MAG14391,MG_434377,190.65945
MAG14392,MG_434377,24.350098
MAG14393,MG_434377,8.741952
MAG14394,MG_434470,83.72581
MAG14395,MG_434470,279.4908
MAG14396,MG_434470,21.393562
MAG14397,MG_434470,68.427826
MAG14398,MG_434470,39.53332
MAG14399,MG_434470,10.0598
MAG14400,MG_434470,12.894148
MAG14401,MG_434501,15.685893
MAG14402,MG_434501,517.4118
MAG14403,MG_434501,201.82997
MAG14404,MG_434501,11.877484
MAG14405,MG_434532,24.277575
MAG14406,MG_434532,25.273626
MAG14407,MG_434532,555.38245
MAG14408,MG_434563,154.66411
MAG14409,MG_434563,5651.558
MAG14410,MG_434563,10.395844
MAG14411,MG_434563,230.1805
MAG14412,MG_434563,165.52289
MAG14413,MG_434563,345.75266
MAG14414,MG_434563,17.553104
MAG14415,MG_434563,514.4702
MAG14416,MG_434563,63.671005
MAG14417,MG_434563,10.340004
MAG14418,MG_434563,158.76045
MAG14419,MG_434563,66.71473
MAG14420,MG_434563,27.704666
MAG14421,MG_434563,786.1189
MAG14422,MG_434563,34.665882
MAG14423,MG_434563,32.745644
MAG14424,MG_434625,11.847667
MAG14425,MG_434625,9.738346
MAG14426,MG_434625,143.98418
MAG14427,MG_434625,24.362175
MAG14428,MG_434625,202.0259
MAG14429,MG_434625,36.90665
MAG14430,MG_434625,13.046229
MAG14431,MG_434625,217.22678
MAG14432,MG_434625,13.224722
MAG14433,MG_434625,119.25038
MAG14434,MG_434625,11.489135
MAG14435,MG_434625,38.21332
MAG14436,MG_434625,44.95465
MAG14437,MG_434625,21.081913
MAG14438,MG_434625,12.927682
MAG14439,MG_434625,659.4015
MAG14440,MG_434625,214.06006
MAG14441,MG_434625,28.13854
MAG14442,MG_434625,12.637743
MAG14443,MG_434625,158.58833
MAG14444,MG_434625,36.954456
MAG14445,MG_434625,48.482853
MAG14446,MG_434625,84.791046
MAG14447,MG_434625,14.260429
MAG14448,MG_434625,71.885506
MAG14449,MG_434625,27.000938
MAG14450,MG_434625,9.345771
MAG14451,MG_434656,33.600647
MAG14452,MG_434656,17.996828
MAG14453,MG_434656,8.6524515
MAG14454,MG_434656,7.879361
MAG14455,MG_434656,126.201065
MAG14456,MG_434656,15.151804
MAG14457,MG_434656,19.85106
MAG14458,MG_434656,11.903899
MAG14459,MG_434656,90.37615
MAG14460,MG_434656,51.732983
MAG14461,MG_435374,13.519008
MAG14462,MG_435391,24.438301
MAG14463,MG_435442,17.294363
MAG14464,MG_435442,17.850412
MAG14465,MG_435442,18.897804
MAG14466,MG_435442,19.0074
MAG14467,MG_435442,443.27856
MAG14468,MG_435442,25.074669
MAG14469,MG_435442,63.707752
MAG14470,MG_435459,238.53828
MAG14471,MG_435493,32.800697
MAG14472,MG_435493,202.06142
MAG14473,MG_435510,58.80765
MAG14474,MG_435629,32.750744
MAG14475,MG_4905201199,213.87296
MAG14476,MG_4905201199,258.02844
MAG14477,MG_4905201199,249.46184
MAG14478,MG_4905201199,690.754
MAG14479,MG_4905201199,148.77405
MAG14480,MG_4905201199,95.984634
MAG14481,MG_4905201199,80.31977
MAG14482,MG_4905201199,706.3408
MAG14483,MG_4905201199,250.47165
MAG14484,MG_4905201399,26.406168
MAG14485,MG_4905201399,27.020142
MAG14486,MG_4905201399,155.03711
MAG14487,MG_4905201399,43.796864
MAG14488,MG_4905201399,21.142195
MAG14489,MG_4907301169,92.546974
MAG14490,MG_4907301219,100.88944
MAG14491,MG_4907301219,97.008736
MAG14492,MG_4907301259,47.918232
MAG14493,MG_4907301259,27.781872
MAG14494,MG_4907301309,44.447556
MAG14495,MG_4907301309,26.100105
MAG14496,MG_4907301369,232.08656
MAG14497,MG_4907301369,143.46022
MAG14498,MG_FB04014209,706.3408
MAG14499,MG_FB04014209,258.02844
MAG14500,MG_FB04014209,249.46184
MAG14501,MG_FB04014209,690.754
MAG14502,MG_FB04014209,148.77405
MAG14503,MG_FB04014209,95.984634
MAG14504,MG_FB04014209,80.31977
MAG14505,MG_FB04014209,213.87296
MAG14506,MG_FB04014209,250.47165
MAG14507,MG_UAB002_W10D4_181150,56.031006
MAG14508,MG_UAB002_W10D4_181150,25.872559
MAG14509,MG_UAB002_W10D4_181150,380.94516
MAG14510,MG_UAB002_W8D4_181086,26.940218
MAG14511,MG_UAB002_W8D4_181086,281.9453
MAG14512,MG_UAB002_W9D7_181134,3175.8606
MAG14513,MG_UAB002_W9D7_181134,83.29228
MAG14514,MG_UAB002_W9D7_181134,111.98187
MAG14515,MG_UAB0135_W1D1_228762,60.11257
MAG14516,MG_UAB0135_W1D1_228762,206.26758
MAG14517,MG_UAB0135_W1D1_228762,13.772072
MAG14518,MG_UAB0135_W1D1_228762,101.76701
MAG14519,MG_UAB0135_W1D1_228762,137.6986
MAG14520,MG_UAB0135_W1D1_228762,49.575073
MAG14521,MG_UAB0135_W1D1_228762,19.890533
MAG14522,MG_UAB0135_W1D1_228762,72.06932
MAG14523,MG_UAB0135_W1D1_228762,138.89592
MAG14524,MG_UAB0135_W1D1_228762,9.704171
MAG14525,MG_UAB0135_W1D1_228762,272.35858
MAG14526,MG_UAB0135_W1D1_228762,11.002379
MAG14527,MG_UAB0135_W1D1_228762,46.457005
MAG14528,MG_UAB0135_W1D1_228762,45.84325
MAG14529,MG_UAB0135_W1D3_228770,20.090498
MAG14530,MG_UAB0135_W1D3_228770,131.11479
MAG14531,MG_UAB0135_W1D3_228770,124.12659
MAG14532,MG_UAB0135_W1D3_228770,259.54715
MAG14533,MG_UAB0135_W1D3_228770,248.21817
MAG14534,MG_UAB0135_W1D3_228770,41.33295
MAG14535,MG_UAB0135_W1D3_228770,13.884152
MAG14536,MG_UAB0135_W1D3_228770,213.80228
MAG14537,MG_UAB0135_W1D3_228770,91.8277
MAG14538,MG_UAB0135_W1D3_228770,192.06046
MAG14539,MG_UAB0135_W1D3_228770,196.90685
MAG14540,MG_UAB0135_W1D6_228782,209.41435
MAG14541,MG_UAB0135_W1D6_228782,115.90785
MAG14542,MG_UAB0135_W1D6_228782,196.41261
MAG14543,MG_UAB0135_W1D6_228782,224.0719
MAG14544,MG_UAB0135_W1D6_228782,28.74792
MAG14545,MG_UAB0135_W1D6_228782,138.68805
MAG14546,MG_UAB0135_W1D6_228782,139.31244
MAG14547,MG_UAB0135_W1D6_228782,21.099329
MAG14548,MG_UAB0135_W1D6_228782,214.91661
MAG14549,MG_UAB0135_W1D6_228782,82.718956
MAG14550,MG_UAB0135_W1D6_228782,122.43468
MAG14551,MG_UAB0135_W1D6_228782,150.90417
MAG14552,MG_UAB0135_W2D2_228798,38.661118
MAG14553,MG_UAB0135_W2D2_228798,67.20715
MAG14554,MG_UAB0135_W2D2_228798,15.219368
MAG14555,MG_UAB0135_W2D2_228798,151.03477
MAG14556,MG_UAB0135_W2D2_228798,122.864716
MAG14557,MG_UAB0135_W2D2_228798,128.13734
MAG14558,MG_UAB0135_W2D2_228798,55.21457
MAG14559,MG_UAB0135_W2D2_228798,197.71219
MAG14560,MG_UAB0135_W2D2_228798,30.871744
MAG14561,MG_UAB0135_W2D2_228798,14.491324
MAG14562,MG_UAB0135_W2D2_228798,6.58398
MAG14563,MG_UAB0135_W2D2_228798,36.658073
MAG14564,MG_UAB0135_W2D2_228798,164.92123
MAG14565,MG_UAB0135_W2D2_228798,95.98801
MAG14566,MG_UAB0135_W2D4_228806,25.379738
MAG14567,MG_UAB0135_W2D4_228806,54.454235
MAG14568,MG_UAB0135_W2D4_228806,8.4072275
MAG14569,MG_UAB0135_W2D4_228806,36.9023
MAG14570,MG_UAB0135_W2D4_228806,175.84825
MAG14571,MG_UAB0135_W2D4_228806,37.243084
MAG14572,MG_UAB0135_W2D4_228806,53.649567
MAG14573,MG_UAB0135_W2D4_228806,19.538088
MAG14574,MG_UAB0135_W2D4_228806,111.017296
MAG14575,MG_UAB0135_W2D4_228806,29.462343
MAG14576,MG_UAB0135_W2D4_228806,22.045631
MAG14577,MG_UAB0135_W2D4_228806,24.006124
MAG14578,MG_UAB0135_W2D4_228806,34.08187
MAG14579,MG_UAB0135_W2D6_228814,67.56402
MAG14580,MG_UAB0135_W2D6_228814,130.63335
MAG14581,MG_UAB0135_W2D6_228814,89.31079
MAG14582,MG_UAB0135_W2D6_228814,17.319946
MAG14583,MG_UAB0135_W2D6_228814,82.41477
MAG14584,MG_UAB0135_W2D6_228814,50.692677
MAG14585,MG_UAB0135_W2D6_228814,82.44273
MAG14586,MG_UAB0135_W2D6_228814,275.08484
MAG14587,MG_UAB0135_W2D6_228814,10.119513
MAG14588,MG_UAB0135_W2D6_228814,56.145702
MAG14589,MG_UAB0135_W2D6_228814,128.21826
MAG14590,MG_UAB0135_W2D6_228814,9.22246
MAG14591,MG_UAB0135_W2D6_228814,40.55332
MAG14592,MG_UAB0135_W2D6_228814,16.455193
MAG14593,MG_UAB0135_W2D6_228814,91.18042
MAG14594,MG_UAB0135_W2D6_228814,17.898169
MAG14595,MG_UAB053_W1D2_195635,14.103737
MAG14596,MG_UAB053_W1D2_195635,38.409996
MAG14597,MG_UAB053_W1D2_195635,258.15414
MAG14598,MG_UAB053_W1D2_195635,43.927513
MAG14599,MG_UAB053_W1D2_195635,29.117067
MAG14600,MG_UAB053_W1D2_195635,6.1676555
MAG14601,MG_UAB053_W1D2_195635,76.26903
MAG14602,MG_UAB053_W1D2_195635,114.19789
MAG14603,MG_UAB053_W1D2_195635,29.813173
MAG14604,MG_UAB053_W1D2_195635,47.52077
MAG14605,MG_UAB053_W1D2_195635,35.883358
MAG14606,MG_UAB053_W1D2_195635,13.105537
MAG14607,MG_UAB053_W1D6_195652,47.503304
MAG14608,MG_UAB053_W1D6_195652,125.37129
MAG14609,MG_UAB053_W1D6_195652,44.6978
MAG14610,MG_UAB053_W1D6_195652,906.623
MAG14611,MG_UAB053_W1D6_195652,64.59969
MAG14612,MG_UAB053_W1D6_195652,84.07288
MAG14613,MG_UAB053_W1D6_195652,166.89648
MAG14614,MG_UAB053_W1D6_195652,238.13446
MAG14615,MG_UAB053_W1D6_195652,200.2501
MAG14616,MG_UAB053_W3D6_195716,561.7347
MAG14617,MG_UAB053_W3D6_195716,14.907139
MAG14618,MG_UAB053_W3D6_195716,104.47021
MAG14619,MG_UAB053_W3D6_195716,88.92133
MAG14620,MG_UAB053_W3D6_195716,200.67857
MAG14621,MG_UAB053_W3D6_195716,122.90332
MAG14622,MG_UAB053_W3D6_195716,58.309227
MAG14623,MG_UAB053_W3D6_195716,567.66095
MAG14624,MG_UAB053_W3D6_195716,620.6344
MAG14625,MG_UAB053_W3D6_195716,56.295822
MAG14626,MG_UAB053_W3D7_195724,568.416
MAG14627,MG_UAB053_W3D7_195724,49.74618
MAG14628,MG_UAB053_W3D7_195724,331.0954
MAG14629,MG_UAB053_W3D7_195724,88.153564
MAG14630,MG_UAB053_W3D7_195724,86.67563
MAG14631,MG_UAB053_W3D7_195724,338.14438
MAG14632,MG_UAB053_W3D7_195724,87.69416
MAG14633,MG_UAB053_W3D7_195724,983.6343
MAG14634,MG_UAB053_W3D7_195724,171.76984
MAG14635,MG_UAB061_W2D3_199362,1141.0775
MAG14636,MG_UAB061_W2D3_199362,124.06277
MAG14637,MG_UAB061_W2D3_199362,52.73506
MAG14638,MG_UAB061_W2D3_199362,1351.1593
MAG14639,MG_UAB061_W2D3_199362,218.71957
MAG14640,MG_UAB061_W2D3_199362,25.9649
MAG14641,MG_UAB061_W2D3_199362,18.629194
MAG14642,MG_UAB061_W2D3_199362,20.303682
MAG14643,MG_UAB061_W2D3_199362,18.6218
MAG14644,MG_UAB061_W2D3_199362,35.995598
MAG14645,MG_UAB061_W2D3_199362,35.40451
MAG14646,MG_UAB061_W2D3_199362,445.98196
MAG14647,MG_UAB061_W2D3_199362,49.960556
MAG14648,MG_UAB061_W2D3_199362,308.36667
MAG14649,MG_UAB061_W2D3_199362,60.00599
MAG14650,MG_UAB061_W2D3_199362,43.922756
MAG14651,MG_UAB061_W2D3_199362,40.547054
MAG14652,MG_UAB061_W2D6_199375,24.066639
MAG14653,MG_UAB061_W2D6_199375,30.544235
MAG14654,MG_UAB061_W2D6_199375,93.26018
MAG14655,MG_UAB061_W2D6_199375,46.091236
MAG14656,MG_UAB061_W2D6_199375,82.94525
MAG14657,MG_UAB061_W2D6_199375,37.22807
MAG14658,MG_UAB061_W2D6_199375,2733.4722
MAG14659,MG_UAB061_W2D6_199375,122.72405
MAG14660,MG_UAB061_W2D6_199375,446.684
MAG14661,MG_UAB061_W2D6_199375,1155.7357
MAG14662,MG_UAB061_W2D6_199375,235.51279
MAG14663,MG_UAB061_W3D1_199387,133.65219
MAG14664,MG_UAB061_W3D1_199387,480.4767
MAG14665,MG_UAB061_W3D1_199387,3667.8633
MAG14666,MG_UAB061_W3D1_199387,49.59308
MAG14667,MG_UAB061_W3D1_199387,145.24553
MAG14668,MG_UAB061_W3D1_199387,240.01462
MAG14669,MG_UAB061_W3D1_199387,878.7025
MAG14670,MG_UAB061_W3D1_199387,87.44335
MAG14671,MG_UAB061_W3D1_199387,285.63998
MAG14672,MG_UAB061_W3D1_199387,393.20093
MAG14673,MG_UAB061_W3D1_199387,60.356525
MAG14674,MG_UAB061_W3D1_199387,88.36729
MAG14675,MG_UAB061_W3D1_199387,1710.4495
MAG14676,MG_UAB061_W3D4_199398,12.527836
MAG14677,MG_UAB061_W3D4_199398,22.719683
MAG14678,MG_UAB061_W3D4_199398,16.325125
MAG14679,MG_UAB061_W3D4_199398,228.26024
MAG14680,MG_UAB061_W3D4_199398,21.780037
MAG14681,MG_UAB061_W3D4_199398,19.013603
MAG14682,MG_UAB061_W3D4_199398,16.645012
MAG14683,MG_UAB061_W3D4_199398,11.357212
MAG14684,MG_UAB061_W3D4_199398,99.530685
MAG14685,MG_UAB061_W3D4_199398,25.232138
MAG14686,MG_UAB061_W3D6_199406,33.18759
MAG14687,MG_UAB061_W3D6_199406,503.7247
MAG14688,MG_UAB061_W3D6_199406,239.65877
MAG14689,MG_UAB061_W3D6_199406,62.97318
MAG14690,MG_UAB061_W3D6_199406,39.642708
MAG14691,MG_UAB061_W3D6_199406,57.922543
MAG14692,MG_UAB061_W3D6_199406,1859.9509
MAG14693,MG_UAB061_W3D6_199406,63.613785
MAG14694,MG_UAB061_W3D6_199406,34.721123
MAG14695,MG_UAB061_W3D6_199406,70.23372
MAG14696,MG_UAB061_W3D6_199406,43.10851
MAG14697,MG_UAB061_W3D6_199406,399.48068
MAG14698,MG_UAB061_W3D6_199406,245.55652
MAG14699,MG_UAB061_W3D6_199406,1215.3864
MAG14700,MG_UAB061_W3D6_199406,78.518974
MAG14701,MG_UAB061_W3D6_199406,31.878569
MAG14702,MG_UAB061_W3D6_199406,175.6983
MAG14703,MG_UAB061_W3D6_199406,46.49669
MAG14704,MG_UAB065_W2D5_200718,119.488
MAG14705,MG_UAB065_W2D5_200718,19.366653
MAG14706,MG_UAB065_W3D3_200743,441.04898
MAG14707,MG_UAB065_W3D3_200743,2024.5009
MAG14708,MG_UAB065_W3D3_200743,184.79733
MAG14709,MG_UAB065_W3D3_200743,38.69866
MAG14710,MG_UAB065_W3D3_200743,77.55077
MAG14711,MG_UAB065_W3D3_200743,553.30927
MAG14712,MG_UAB065_W3D3_200743,261.7001
MAG14713,MG_UAB065_W3D3_200743,953.7914
MAG14714,MG_UAB065_W3D3_200743,418.54886
MAG14715,MG_UAB065_W3D5_200750,83.76873
MAG14716,MG_UAB065_W3D5_200750,154.08595
MAG14717,MG_UAB065_W3D5_200750,177.24258
MAG14718,MG_UAB065_W3D7_200763,73.08345
MAG14719,MG_UAB065_W3D7_200763,426.40277
MAG14720,MG_UAB065_W3D7_200763,521.0152
MAG14721,MG_UAB065_W3D7_200763,1512.2728
MAG14722,MG_UAB065_W3D7_200763,323.0968
MAG14723,MG_UAB065_W3D7_200763,55.645218
MAG14724,MG_UAB065_W3D7_200763,79.69886
MAG14725,MG_UAB065_W3D7_200763,67.61109
MAG14726,MG_UAB065_W3D7_200763,187.27304
MAG14727,MG_UAB065_W3D7_200763,967.25586
MAG14728,MG_UAB065_W3D7_200763,178.98344
MAG14729,MG_UAB065_W3D7_200763,245.70366
MAG14730,MG_UAB065_W3D7_200763,122.34268
MAG14731,MG_UAB065_W3D7_200763,237.9158
MAG14732,MG_UAB065_W3D7_200763,225.38824
MAG14733,MG_UAB065_W4D2_200770,10.579335
MAG14734,MG_UAB065_W4D2_200770,96.16529
MAG14735,NMH10,15.158338
MAG14736,NMH12,137.42003
MAG14737,NMH13,20.920567
MAG14738,NMH14,30.649717
MAG14739,NMH14,7.6905794
MAG14740,NMH15,37.496437
MAG14741,NMH16,132.23874
MAG14742,NMH17,92.38331
MAG14743,NMH18,275.20328
MAG14744,NMH2,11.036856
MAG14745,NMH20,9.964488
MAG14746,NMH22,43.569176
MAG14747,NMH23,15.448933
MAG14748,NMH24,22.421339
MAG14749,NMH28,401.25906
MAG14750,NMH29,250.87004
MAG14751,NMH30,11.753089
MAG14752,NMH31,187.88272
MAG14753,NMH33,36.432568
MAG14754,NMH33,83.24245
MAG14755,NMH34,74.90734
MAG14756,NMH35,6.7440987
MAG14757,NMH35,8.735149
MAG14758,NMH37,16.667135
MAG14759,NMH37,6.3747296
MAG14760,NMH38,16.504156
MAG14761,NMH38,59.767708
MAG14762,NMH39,21.19067
MAG14763,NMH4,62.549793
MAG14764,NMH41,11.447927
MAG14765,NMH42,95.27285
MAG14766,NMH44,53.20122
MAG14767,NMH44,224.90158
MAG14768,NMH45,23.009132
MAG14769,NMH47,63.613834
MAG14770,NMH48,19.392242
MAG14771,NMH48,42.002518
MAG14772,NMH48,33.275948
MAG14773,NMH49,21.838999
MAG14774,NMH5,13.810989
MAG14775,NMH5,5.944792
MAG14776,NMH51,218.41426
MAG14777,NMH52,24.804474
MAG14778,NMH53,19.989918
MAG14779,NMH58,278.09296
MAG14780,NMH58,17.688293
MAG14781,NMH59,9.256454
MAG14782,NMH59,62.881813
MAG14783,NMH6,9.220747
MAG14784,NMH61,22.804157
MAG14785,NMH61,36.151497
MAG14786,NMH62,105.45445
MAG14787,NMH63,31.174007
MAG14788,NMH63,86.22012
MAG14789,NMH64,14.807476
MAG14790,NMH64,12.266633
MAG14791,NMH64,191.55974
MAG14792,NMH64,11.130332
MAG14793,NMH64,6.4014325
MAG14794,NMH68,114.13393
MAG14795,NMH69,52.85938
MAG14796,NMH69,40.356693
MAG14797,NMH7,78.90401
MAG14798,NMH70,379.3596
MAG14799,NMH71,22.497566
MAG14800,NMH72,99.545616
MAG14801,NMH73,14.920426
MAG14802,NMH73,44.388466
MAG14803,NMH74,67.001854
MAG14804,NMH76,17.534609
MAG14805,NMH76,126.709625
MAG14806,NMH77,44.454308
MAG14807,NMH79,15.71458
MAG14808,NMH8,26.19839
MAG14809,NMH80,49.961777
MAG14810,NMH81,32.202583
MAG14811,NMH82,191.30855
MAG14812,NMH83,29.816422
MAG14813,NMH84,39.851845
MAG14814,NMH84,9.130098
MAG14815,NMH85,108.29174
MAG14816,NMH86,26.399986
MAG14817,NMH86,26.389624
MAG14818,NMH87,32.525864
MAG14819,NMH87,12.22239
MAG14820,PB003,19.247852
MAG14821,PB004,45.211323
MAG14822,PB007,52.003002
MAG14823,PB011,142.78438
MAG14824,PB013,22.477924
MAG14825,PB013,17.532896
MAG14826,PB014,47.248974
MAG14827,SRR10258541,134.00366
MAG14828,SRR10258542,327.8798
MAG14829,SRR10258542,21.330297
MAG14830,SRR10258543,15.3906765
MAG14831,SRR10258543,759.8122
MAG14832,SRR10258543,100.263
MAG14833,SRR10258543,35.199467
MAG14834,SRR10258544,25.496077
MAG14835,SRR10258544,8.728338
MAG14836,SRR10258544,6.634528
MAG14837,SRR10258544,13.483595
MAG14838,SRR10258544,10.7556715
MAG14839,SRR10258545,646.4571
MAG14840,SRR10258545,1235.5536
MAG14841,SRR10258545,93.87734
MAG14842,SRR10258545,7.439492
MAG14843,SRR10258545,17.23152
MAG14844,SRR10258545,55.59459
MAG14845,SRR10258545,30.082632
MAG14846,SRR10258545,68.882675
MAG14847,SRR10258545,7.961156
MAG14848,SRR10258545,56.258266
MAG14849,SRR10258545,48.703606
MAG14850,SRR10258546,106.848915
MAG14851,SRR10258546,338.55954
MAG14852,SRR10258546,18.643366
MAG14853,SRR10258546,206.05536
MAG14854,SRR10258546,19.601662
MAG14855,SRR10258546,36.45256
MAG14856,SRR10258546,50.15671
MAG14857,SRR10258546,934.2751
MAG14858,SRR10258546,72.44332
MAG14859,SRR10258546,6.235502
MAG14860,SRR10258546,9.371097
MAG14861,SRR10258546,10.652347
MAG14862,SRR10258546,7.5494685
MAG14863,SRR10258546,26.597952
MAG14864,SRR10258546,25.214458
MAG14865,SRR10258547,79.88456
MAG14866,SRR10258547,36.306717
MAG14867,SRR10258547,9.030987
MAG14868,SRR10258548,78.83049
MAG14869,SRR10258548,25.05637
MAG14870,SRR10258549,94.745415
MAG14871,SRR10258550,120.10718
MAG14872,SRR10258551,155.69386
MAG14873,SRR10258552,56.773655
MAG14874,SRR10258552,2286.5764
MAG14875,SRR10258552,6.5652256
MAG14876,SRR10258552,210.6213
MAG14877,SRR10258552,286.062
MAG14878,SRR10258552,55.05235
MAG14879,SRR10258552,21.945082
MAG14880,SRR10258552,144.16527
MAG14881,SRR10258552,4.3047585
MAG14882,SRR10258552,8.162845
MAG14883,SRR10258552,12.183268
MAG14884,SRR10258552,47.80484
MAG14885,SRR10258552,6.160594
MAG14886,SRR10258552,249.84921
MAG14887,SRR10258552,9.431414
MAG14888,SRR10258552,166.79918
MAG14889,SRR10258552,54.100742
MAG14890,SRR10258553,15.257388
MAG14891,SRR10258553,13.278292
MAG14892,SRR10258553,198.31267
MAG14893,SRR10258553,7.2393394
MAG14894,SRR10258553,10.951954
MAG14895,SRR10258553,745.4481
MAG14896,SRR10258553,442.41287
MAG14897,SRR10258553,52.94119
MAG14898,SRR10258553,29.812107
MAG14899,SRR10258553,410.40256
MAG14900,SRR10258553,58.544224
MAG14901,SRR10258553,16.062098
MAG14902,SRR10258553,68.21676
MAG14903,SRR10258553,159.4055
MAG14904,SRR10258553,9.200704
MAG14905,SRR10258553,240.18983
MAG14906,SRR10258553,1065.0215
MAG14907,SRR10258553,231.99817
MAG14908,SRR10258553,29.634531
MAG14909,SRR10258554,10.333296
MAG14910,SRR10258554,45.01456
MAG14911,SRR10258554,151.63599
MAG14912,SRR10258555,10.049971
MAG14913,SRR10258555,19.811459
MAG14914,SRR10258555,159.97865
MAG14915,SRR10258555,8.559829
MAG14916,SRR10258555,179.32907
MAG14917,SRR10258555,556.7237
MAG14918,SRR10258555,1217.823
MAG14919,SRR10258555,466.6646
MAG14920,SRR10258555,78.50714
MAG14921,SRR10258555,55.28239
MAG14922,SRR10258555,470.99127
MAG14923,SRR10258555,8.563155
MAG14924,SRR10258555,10.242828
MAG14925,SRR10258556,6.731282
MAG14926,SRR10258557,18.14571
MAG14927,SRR10258557,77.66124
MAG14928,SRR10258557,37.10298
MAG14929,SRR10258558,284.44193
MAG14930,SRR10258558,85.24228
MAG14931,SRR10258559,17.465868
MAG14932,SRR10258560,507.52942
MAG14933,SRR10258560,73.10824
MAG14934,SRR10258560,66.54777
MAG14935,SRR10258560,11.347891
MAG14936,SRR10258562,118.121124
MAG14937,SRR10258562,31.127682
MAG14938,SRR10258563,71.329544
MAG14939,SRR10258564,23.193943
MAG14940,SRR10258564,7.4903092
MAG14941,SRR10258565,50.684536
MAG14942,SRR10258566,7.9356613
MAG14943,SRR10258566,166.12215
MAG14944,SRR10258567,101.01875
MAG14945,SRR10258568,603.93756
MAG14946,SRR10258569,7.0640364
MAG14947,SRR10258569,15.728584
MAG14948,SRR10258569,18.744087
MAG14949,SRR10258569,4.359686
MAG14950,SRR10258570,123.0331
MAG14951,SRR10258570,41.796783
MAG14952,SRR10258571,34.79627
MAG14953,SRR10258572,41.120007
MAG14954,SRR10258573,11.054781
MAG14955,SRR10258574,23.102015
MAG14956,SRR10258575,13.772146
MAG14957,SRR10258575,63.512592
MAG14958,SRR10258575,49.462154
MAG14959,SRR11749262,10.205972
MAG14960,SRR11749262,40.54036
MAG14961,SRR11749263,24.91868
MAG14962,SRR11749264,168.19563
MAG14963,SRR11749265,38.905727
MAG14964,SRR11749266,5.638011
MAG14965,SRR11749267,66.248276
MAG14966,SRR11749267,32.3517
MAG14967,SRR11749268,25.899027
MAG14968,SRR11749268,630.46246
MAG14969,SRR11749268,952.05725
MAG14970,SRR11749268,15.538711
MAG14971,SRR11749268,66.80661
MAG14972,SRR11749268,30.49007
MAG14973,SRR11749269,325.31332
MAG14974,SRR11749269,1076.2523
MAG14975,SRR11749270,321.55038
MAG14976,SRR11749271,187.22336
MAG14977,SRR11749271,23.945562
MAG14978,SRR11749272,15.491578
MAG14979,SRR11749273,144.2262
MAG14980,SRR11749274,12.115499
MAG14981,SRR11749275,375.26636
MAG14982,SRR11749275,74.388466
MAG14983,SRR11749275,50.67613
MAG14984,SRR11749275,15.913655
MAG14985,SRR11749275,23.287338
MAG14986,SRR11749276,124.380745
MAG14987,SRR11749277,105.56651
MAG14988,SRR11749278,696.0052
MAG14989,SRR11749278,344.52066
MAG14990,SRR11749279,8.942531
MAG14991,SRR11749279,11.2052555
MAG14992,SRR11749279,30.251656
MAG14993,SRR11749279,102.50711
MAG14994,SRR11749279,54.413834
MAG14995,SRR11749279,125.643036
MAG14996,SRR11749279,10.177443
MAG14997,SRR11749279,51.786964
MAG14998,SRR11749279,8.883295
MAG14999,SRR11749279,152.51184
MAG15000,SRR11749279,9.471842
MAG15001,SRR11749279,8.941823
MAG15002,SRR11749279,15.279443
MAG15003,SRR11749279,20.596634
MAG15004,SRR11749279,17.730633
MAG15005,SRR11749279,74.826454
MAG15006,SRR11749279,44.438305
MAG15007,SRR11749279,4.997065
MAG15008,SRR11749279,75.34695
MAG15009,SRR11749279,19.52127
MAG15010,SRR11749279,58.80242
MAG15011,SRR11749279,29.208706
MAG15012,SRR11749279,20.265514
MAG15013,SRR11749279,65.57988
MAG15014,SRR11749279,25.786308
MAG15015,SRR11749280,48.17658
MAG15016,SRR11749280,214.64183
MAG15017,SRR11749280,23.24466
MAG15018,SRR11749280,47.635292
MAG15019,SRR11749280,31.055262
MAG15020,SRR11749280,42.531746
MAG15021,SRR11749280,51.54648
MAG15022,SRR11749280,67.350555
MAG15023,SRR11749280,38.889595
MAG15024,SRR11749280,41.824524
MAG15025,SRR11749280,9.797261
MAG15026,SRR11749280,8.593161
MAG15027,SRR11749280,15.153209
MAG15028,SRR11749280,18.346094
MAG15029,SRR11749280,197.51685
MAG15030,SRR11749280,218.76799
MAG15031,SRR11749280,27.018236
MAG15032,SRR11749280,191.04109
MAG15033,SRR11749280,9.74289
MAG15034,SRR11749280,39.00496
MAG15035,SRR11749280,7.495502
MAG15036,SRR11749281,7.566043
MAG15037,SRR11749281,14.67127
MAG15038,SRR11749281,31.122435
MAG15039,SRR11749281,24.371191
MAG15040,SRR11749281,7.0700865
MAG15041,SRR11749281,143.39291
MAG15042,SRR11749281,165.57698
MAG15043,SRR11749281,12.816484
MAG15044,SRR11749281,67.18704
MAG15045,SRR11749281,18.545702
MAG15046,SRR11749281,148.4261
MAG15047,SRR11749281,97.3548
MAG15048,SRR11749281,10.793876
MAG15049,SRR11749281,12.782109
MAG15050,SRR11749281,153.2883
MAG15051,SRR11749281,218.90114
MAG15052,SRR11749281,13.593912
MAG15053,SRR11749281,116.515015
MAG15054,SRR11749282,29.629583
MAG15055,SRR11749282,379.7049
MAG15056,SRR11749282,45.267826
MAG15057,SRR11749282,247.15881
MAG15058,SRR11749282,80.529144
MAG15059,SRR11749282,1310.0012
MAG15060,SRR11749282,218.08475
MAG15061,SRR11749282,29.664629
MAG15062,SRR11749282,9.183071
MAG15063,SRR11749282,13.324979
MAG15064,SRR11749282,409.82712
MAG15065,SRR11749282,11.090082
MAG15066,SRR11749283,149.12364
MAG15067,SRR11749284,9.384752
MAG15068,SRR11749284,159.87285
MAG15069,SRR11749284,6.1517854
MAG15070,SRR11749285,22.442814
MAG15071,SRR11749285,43.195328
MAG15072,SRR11749285,149.84668
MAG15073,SRR11749285,600.6468
MAG15074,SRR11749285,18.050978
MAG15075,SRR11749285,69.17675
MAG15076,SRR11749285,68.50444
MAG15077,SRR11749285,113.14926
MAG15078,SRR11749285,580.56836
MAG15079,SRR11749285,20.812233
MAG15080,SRR11749285,782.9135
MAG15081,SRR11749285,408.17725
MAG15082,SRR11749285,6.648253
MAG15083,SRR11749285,1146.4226
MAG15084,SRR11749285,59.8885
MAG15085,SRR11749286,27.63959
MAG15086,SRR11749287,10.003304
MAG15087,SRR11749288,12.560907
MAG15088,SRR11749289,84.09852
MAG15089,SRR11749290,62.673172
MAG15090,SRR11749291,20.0014
MAG15091,SRR11749291,8.313141
MAG15092,SRR11749292,7.6356597
MAG15093,SRR11749292,35.0395
MAG15094,SRR18765384,138.71432
MAG15095,SRR18765384,145.39227
MAG15096,SRR18765387,148.25372
MAG15097,SRR18765387,14.090059
MAG15098,SRR18765387,80.86461
MAG15099,SRR18765387,39.780464
MAG15100,SRR18765387,11.526949
MAG15101,SRR18765387,84.515465
MAG15102,SRR18765387,13.384421
MAG15103,SRR18765387,58.041077
MAG15104,SRR18765387,14.321034
MAG15105,SRR18765387,6.5818
MAG15106,SRR18765392,19.25755
MAG15107,SRR18765392,18.768988
MAG15108,SRR18765392,18.941927
MAG15109,SRR18765392,10.230625
MAG15110,SRR18765392,9.497398
MAG15111,SRR18765393,7.8821716
MAG15112,SRR18765393,11.093852
MAG15113,SRR18765393,30.697632
MAG15114,SRR18765393,95.307365
MAG15115,SRR18765393,16.243328
MAG15116,SRR18765393,433.3932
MAG15117,SRR18765393,16.09039
MAG15118,SRR18765393,55.86233
MAG15119,SRR18765393,43.226448
MAG15120,SRR18765393,64.11033
MAG15121,SRR18765396,118.09114
MAG15122,SRR18765396,80.412346
MAG15123,SRR18765396,98.056854
MAG15124,SRR18765396,34.529823
MAG15125,SRR18765396,8.03899
MAG15126,SRR18765396,366.8261
MAG15127,SRR18765396,9.53598
MAG15128,SRR18765396,444.00406
MAG15129,SRR18765396,11.333731
MAG15130,SRR18765396,44.98598
MAG15131,SRR18765396,7.5700746
MAG15132,SRR18765396,17.573223
MAG15133,SRR18765396,7.9820366
MAG15134,SRR18765396,29.490631
MAG15135,SRR18765396,15.013363
MAG15136,SRR18765396,247.7193
MAG15137,SRR18765396,7.2370243
MAG15138,SRR18765396,105.11805
MAG15139,SRR18765396,10.291777
MAG15140,SRR18765396,28.03711
MAG15141,SRR18765396,261.48413
MAG15142,SRR18765396,111.80048
MAG15143,SRR18765396,103.86589
MAG15144,SRR18765396,142.18777
MAG15145,SRR18765396,30.261133
MAG15146,SRR18765396,17.114483
MAG15147,SRR18765396,82.74883
MAG15148,SRR18765396,17.499722
MAG15149,SRR18765396,12.384816
MAG15150,SRR18765396,36.77452
MAG15151,SRR18765396,20.725933
MAG15152,SRR18765396,13.209288
MAG15153,SRR18765396,74.70884
MAG15154,SRR18765396,168.92578
MAG15155,SRR18765396,43.516727
MAG15156,SRR18765398,97.86362
MAG15157,SRR18765398,14.204638
MAG15158,SRR18765398,15.21346
MAG15159,SRR18765399,53.89582
MAG15160,SRR18765399,16.296534
MAG15161,SRR18765399,8.55639
MAG15162,SRR18765399,17.292482
MAG15163,SRR18765399,16.118048
MAG15164,SRR18765399,21.969772
MAG15165,SRR18765399,25.380812
MAG15166,SRR18765399,86.34558
MAG15167,SRR18765399,85.467926
MAG15168,SRR18765399,62.556084
MAG15169,SRR18765399,107.799255
MAG15170,SRR18765400,31.666918
MAG15171,SRR18765402,9.571731
MAG15172,SRR18765403,14.92394
MAG15173,SRR18765403,104.84716
MAG15174,SRR18765403,185.02823
MAG15175,SRR18765403,27.424253
MAG15176,SRR18765403,8.108675
MAG15177,SRR18765403,12.49796
MAG15178,SRR18765403,38.1505
MAG15179,SRR18765403,11.309725
MAG15180,SRR18765403,30.039782
MAG15181,SRR18765403,9.456064
MAG15182,SRR18765403,8.694978
MAG15183,SRR18765403,13.320697
MAG15184,SRR18765403,24.864855
MAG15185,SRR18765405,26.494154
MAG15186,SRR18765405,17.20581
MAG15187,SRR18765405,44.20934
MAG15188,SRR18765405,71.169846
MAG15189,SRR18765405,12.5062685
MAG15190,SRR18765405,12.323472
MAG15191,SRR18765405,39.443016
MAG15192,SRR18765405,21.441643
MAG15193,SRR18765405,7.986698
MAG15194,SRR18765405,21.400518
MAG15195,SRR18765405,10.939069
MAG15196,SRR18765405,12.127166
MAG15197,SRR18765405,21.93585
MAG15198,SRR18765405,421.0572
MAG15199,SRR18765405,372.22833
MAG15200,SRR18765405,14.308973
MAG15201,SRR18765405,29.73265
MAG15202,SRR18765405,27.37158
MAG15203,SRR18765405,37.230095
MAG15204,SRR18765405,43.00612
MAG15205,SRR18765405,37.354748
MAG15206,SRR18765405,10.908527
MAG15207,SRR18765406,95.939674
MAG15208,SRR18765406,82.846695
MAG15209,SRR18765406,12.350633
MAG15210,SRR18765406,9.754459
MAG15211,SRR18765406,24.51035
MAG15212,SRR18765406,66.50939
MAG15213,SRR18765406,22.37108
MAG15214,SRR18765406,39.580486
MAG15215,SRR18765406,62.717945
MAG15216,SRR18765406,342.0031
MAG15217,SRR18765408,28.033493
MAG15218,SRR18765408,15.684347
MAG15219,SRR18765409,12.673592
MAG15220,SRR18765412,9.725722
MAG15221,SRR18765412,22.717686
